english,tovian,tovian_ipa,gloss
nom,i-,ˈi,NOM
nomative_case_marker,i-,ˈi,nomative case marker
acc,yu-,jˈu,ACC
accusative_case_marker,yu-,jˈu,accusative case marker
gen,hi-,hˈi,GEN
genitive_case_marker,hi-,hˈi,genitive case marker
dat,mi-,mˈi,DAT
dative_case_marker,mi-,mˈi,dative case marker
loc,ti-,tˈi,LOC
locative_case_marker,ti-,tˈi,locative case marker
temp,tu-,tˈu,TEMP
temporal_case_marker,tu-,tˈu,temporal case marker
ins,si-,sˈi,INS
instrumental_case_marker,si-,sˈi,instrumental case marker
pur,lhu-,ɬˈu,PUR
purpose_case_marker,lhu-,ɬˈu,purpose case marker
for,lhu-,ɬˈu,for
abl,di-,dˈi,ABL
ablative_case_marker,di-,dˈi,ablative case marker
away_from,di-,dˈi,away from
com,yi-,jˈi,COM
comitative_case_marker,yi-,jˈi,comitative case marker
with,yi-,jˈi,with
together_with,yi-,jˈi,together with
all,su-,sˈu,ALL
allative_case_marker,su-,sˈu,allative case marker
ess,pu-,pˈu,ESS
essive_case_marker,pu-,pˈu,essive case marker
pl,-e,ˈe,PL
plural_marker,-e,ˈe,plural marker
ani,la-,lˈa,ANI
animate_noun_class,la-,lˈa,animate noun class
inan,lo-,lˈo,INAN
inanimate_noun_class,lo-,lˈo,inanimate noun class
abs,le-,lˈe,ABS
abstract_noun_class,le-,lˈe,abstract noun class
sub,wi-,wˈi,SUB
subjunctive_mood_marker,wi-,wˈi,subjunctive mood marker
imp,se-,sˈe,IMP
imperative_mood_marker,se-,sˈe,imperative mood marker
cond,ko-,kˈo,COND
conditional_mood_marker,ko-,kˈo,conditional mood marker
counter,kso-,ksˈo,COUNTER
counterfactual_mood_marker,kso-,ksˈo,counterfactual mood marker
opt,lhe-,ɬˈe,OPT
optative_mood_marker,lhe-,ɬˈe,optative mood marker
obl,tlo-,ƛˈo,OBL
obligative_mood_marker,tlo-,ƛˈo,obligative mood marker
pot,sho-,ʃˈo,POT
potential_mood_marker,sho-,ʃˈo,potential mood marker
refl,te-,tˈe,REFL
reflexive_voice_marker,te-,tˈe,reflexive voice marker
pass,pa-,pˈa,PASS
passive_voice_marker,pa-,pˈa,passive voice marker
mid,mo-,mˈo,MID
middle_voice_marker,mo-,mˈo,middle voice marker
caus,ke-,kˈe,CAUS
causative_voice_marker,ke-,kˈe,causative voice marker
rec,ra-,rˈa,REC
reciprocal_voice_marker,ra-,rˈa,reciprocal voice marker
def,i-,ˈi,DEF
definite_marker,i-,ˈi,definite marker
indef,e-,ˈe,INDEF
indefinite_marker,e-,ˈe,indefinite marker
life,mel,mˈel,life
death,dol,dˈol,death
dying,dol,dˈol,dying
wisdom,yeol,jˈe.ol,wisdom
truth,yeol,jˈe.ol,truth
light,an,ˈan,light
wondering,thuraf,θˈur.af,wondering
curiosity,thuraf,θˈur.af,curiosity
action,lor,lˈor,action
doing,lor,lˈor,doing
place,thil,θˈil,place
person,yel,jˈel,person
grasp,lothr,lˈoθr,grasp
grabbing,lothr,lˈoθr,grabbing
sea,nor,nˈor,sea
time,ngothr,ŋˈoθr,time
knowledge,lhar,ɬˈar,knowledge
possibility,sho,ʃˈo,possibility
sound,tesh,tˈeʃ,sound
tool,than,θˈan,tool
thing,l,l,thing
big,mot,mˈot,big
large,mot,mˈot,large
top,thul,θˈul,top
height,thul,θˈul,height
shallows,sul,sˈul,shallows
shortness,sul,sˈul,shortness
flower,durem,dˈur.em,flower
tree,gular,gˈul.ar,tree
joining,tlun,ƛˈun,joining
possession,el,ˈel,possession
pain,har,ħˈar,pain
showing,fed,fˈed,showing
speech,fethr,fˈeθr,speech
thought,ithr,ˈiθr,thought
consumption,leth,lˈeθ,consumption
tasting,leth,lˈeθ,tasting
eating,leth,lˈeθ,eating
dog,anon,ˈan.on,dog
killing,vek,vˈek,killing
conflict,gulor,gˈul.or,conflict
fighting,gulor,gˈul.or,fighting
movement,kiwil,kˈiw.il,movement
flow,shotl,ʃˈoƛ,flow
feather,ay,ˈaj,feather
finger,tom,tˈom,finger
root,tom,tˈom,root
weight,tlem,ƛˈem,weight
trance,lheth,ɬˈeθ,trance
sleep,lheth,ɬˈeθ,sleep
width,shad,ʃˈad,width
stomach,lor,lˈor,stomach
throwing,yisha,jˈiʃ.a,throwing
putting,man,mˈan,putting
placing,man,mˈan,placing
person_skin,turel,tˈur.el,person skin
hair,amal,ˈam.al,hair
person_hair,amal,ˈam.al,person hair
non_person_hair,anad,ˈan.ad,non-person hair
fur,anad,ˈan.ad,fur
hide,anad,ˈan.ad,hide
skin,anad,ˈan.ad,skin
scales,anad,ˈan.ad,scales
make,sil,sˈil,make
create,sil,sˈil,create
eye,meril,mˈer.il,eye
sight,meril,mˈer.il,sight
seeing,meril,mˈer.il,seeing
watching,meril,mˈer.il,watching
small,nin,nˈin,small
air,rith,rˈiθ,air
fire,kesh,kˈeʃ,fire
burning,kesh,kˈeʃ,burning
stone,men,mˈen,stone
rock,men,mˈen,rock
earth,men,mˈen,earth
animal,tlan,ƛˈan,animal
creature,tlan,ƛˈan,creature
beast,tlan,ƛˈan,beast
ice,shush,ʃˈuʃ,ice
frost,shush,ʃˈuʃ,frost
coldness,tush,tˈuʃ,coldness
cold,tush,tˈuʃ,cold
water,sel,sˈel,water
reaching,kith,kˈiθ,reaching
arriving,kith,kˈiθ,arriving
traveling,kith,kˈiθ,traveling
going,kith,kˈiθ,going
walking,nolh,nˈoɬ,walking
lake,tel,tˈel,lake
woods,gular,gˈul.ar,woods
in_obsolete,tid,tˈid,in (obsolete)
running,sethr,sˈeθr,running
moving_quickly,sethr,sˈeθr,moving quickly
rushing,sethr,sˈeθr,rushing
flowing,shotl,ʃˈoƛ,flowing
thinking,nalh,nˈaɬ,thinking
believing,nalh,nˈaɬ,believing
pondering,nalh,nˈaɬ,pondering
stopping,pal,pˈal,stopping
ceasing,pal,pˈal,ceasing
beginning,lon,lˈon,beginning
starting,lon,lˈon,starting
kindness,rish,rˈiʃ,kindness
beauty,wen,wˈen,beauty
change,kan,kˈan,change
left,hed,ħˈed,left
right,lhiya,ɬˈij.a,right
up,ther,θˈer,up
down,thok,θˈok,down
underside,thok,θˈok,underside
bottom,thok,θˈok,bottom
center,lhel,ɬˈel,center
north,lar,lˈar,north
east,tal,tˈal,east
south,rar,rˈar,south
west,fil,fˈil,west
value,var,vˈar,value
speed,tlesh,ƛˈeʃ,speed
town,pel,pˈel,town
village,pel,pˈel,village
flying,lharis,ɬˈar.is,flying
balance,kar,kˈar,balance
path,num,nˈum,path
blueness,dor,dˈor,blueness
blue,dor,dˈor,blue
greenness,kulat,kˈul.at,greenness
green,kulat,kˈul.at,green
redness,lhod,ɬˈod,redness
red,lhod,ɬˈod,red
hotness,ag,ˈag,hotness
heat,ag,ˈag,heat
warmth,ag,ˈag,warmth
front,heth,ħˈeθ,front
behind,hul,ħˈul,behind
peace,tla,ƛˈa,peace
peacefulness,tla,ƛˈa,peacefulness
calmness,tla,ƛˈa,calmness
calm,tla,ƛˈa,calm
flatness,tum,tˈum,flatness
sharpness,shith,ʃˈiθ,sharpness
alertness,shith,ʃˈiθ,alertness
wakefulness,shith,ʃˈiθ,wakefulness
cutting,shith,ʃˈiθ,cutting
softness,lheth,ɬˈeθ,softness
gentleness,lheth,ɬˈeθ,gentleness
smoothness,lheth,ɬˈeθ,smoothness
thickness,lhul,ɬˈul,thickness
denseness,lhul,ɬˈul,denseness
hardness,lha,ɬˈa,hardness
strength,lha,ɬˈa,strength
stickiness,ing,ˈiŋ,stickiness
completeness,om,ˈom,completeness
wholeness,om,ˈom,wholeness
commonness,yal,jˈal,commonness
mundanity,yal,jˈal,mundanity
normality,yal,jˈal,normality
dream,lhen,ɬˈen,dream
spirit,lhen,ɬˈen,spirit
soul,lhen,ɬˈen,soul
blood,durik,dˈur.ik,blood
foot,shot,ʃˈot,foot
unknown,shim,ʃˈim,unknown
mystery,shim,ʃˈim,mystery
body,adlel,ˈadl.el,body
trunk,adlel,ˈadl.el,trunk
head,dan,dˈan,head
face,tan,tˈan,face
nose,ven,vˈen,nose
tooth,gang,gˈaŋ,tooth
ear,thek,θˈek,ear
leg,kel,kˈel,leg
limb,kel,kˈel,limb
branch,kel,kˈel,branch
arm,kel,kˈel,arm
hand,thang,θˈaŋ,hand
leaf,thang,θˈaŋ,leaf
mouth,eon,ˈe.on,mouth
happy,mat,mˈat,happy
sad,lur,lˈur,sad
leader,fal,fˈal,leader
sun,ef,ˈef,sun
moon,ay,ˈaj,moon
end,par,pˈar,end
final,par,pˈar,final
last,par,pˈar,last
memory,elom,ˈel.om,memory
god_of_memory,elakorim,el.ak.ˈor.im,god of memory
cycle,elakorim,el.ak.ˈor.im,cycle
memory_soul,korim,kˈor.im,memory-soul
empty,remi,rˈem.i,empty
hollow,remi,rˈem.i,hollow
opposite,do,dˈo,opposite
not,do,dˈo,not
un,do,dˈo,un-
being,sil,sˈil,being
existence,sil,sˈil,existence
created_thing,sil,sˈil,created thing
importance,gad,gˈad,importance
grandness,gad,gˈad,grandness
greatness,gad,gˈad,greatness
forever,tod,tˈod,forever
eternal,tod,tˈod,eternal
permanent,tod,tˈod,permanent
bringing,lhog,ɬˈog,bringing
carrying,lhog,ɬˈog,carrying
container,lhom,ɬˈom,container
vessel,lhom,ɬˈom,vessel
one,lo,lˈo,one
1,lo,lˈo,1
two,loe,lˈo.e,two
2,loe,lˈo.e,2
three,fem,fˈem,three
3,fem,fˈem,3
four,tev,tˈev,four
4,tev,tˈev,4
five,rem,rˈem,five
5,rem,rˈem,5
six,tem,tˈem,six
6,tem,tˈem,6
seven,pol,pˈol,seven
7,pol,pˈol,7
eight,ath,ˈaθ,eight
8,ath,ˈaθ,8
nine,ki,kˈi,nine
9,ki,kˈi,9
ten,tir,tˈir,ten
10,tir,tˈir,10
eleven,miyar,mˈij.ar,eleven
11,miyar,mˈij.ar,11
twelve,lhiya,ɬˈij.a,twelve
12,lhiya,ɬˈij.a,12
question,lhan,ɬˈan,question
int,lhan,ɬˈan,INT
me,na,nˈa,me
i,na,nˈa,I
us,ne,nˈe,us
we,ne,nˈe,we
you,wa,wˈa,you
you_plural,we,wˈe,you (plural)
he,ta,tˈa,he
she,ta,tˈa,she
them,ta,tˈa,them
they_plural,te,tˈe,they (plural)
it,lod,lˈod,it
it_inanimate,lod,lˈod,it (inanimate)
them_inanimate,lode,lˈod.e,them (inanimate)
ancient,nan,nˈan,ancient
old,nan,nˈan,old
darkness,meral,mˈer.al,darkness
dark,meral,mˈer.al,dark
proximity,sor,sˈor,proximity
closeness,sor,sˈor,closeness
closure,tam,tˈam,closure
shutting,tam,tˈam,shutting
day,lhom,ɬˈom,day
daytime,tiwimen,tiw.ˈim.en,daytime
night,lhil,ɬˈil,night
nighttime,lhil,ɬˈil,nighttime
shelter,munan,mˈun.an,shelter
protection,munan,mˈun.an,protection
covering,munan,mˈun.an,covering
mother,mar,mˈar,mother
father,pan,pˈan,father
comparison,lad,lˈad,comparison
goodness,lhum,ɬˈum,goodness
virtue,lhum,ɬˈum,virtue
evil,yal,jˈal,evil
wickedness,yal,jˈal,wickedness
badness,yal,jˈal,badness
surpassing,ngam,ŋˈam,surpassing
exceeding,ngam,ŋˈam,exceeding
overwhelming,ngam,ŋˈam,overwhelming
desire,tenod,tˈen.od,desire
fruit,shol,ʃˈol,fruit
newness,men,mˈen,newness
world,han,ħˈan,world
love,talh,tˈaɬ,love
playing,kog,kˈog,playing
speaking,fethr,fˈeθr,speaking
sharing,nal,nˈal,sharing
plant,melor,mˈel.or,plant
instrument,teshan,tˈeʃ.an,instrument
sword,thuv,θˈuv,sword
knife,nashith,nˈaʃ.iθ,knife
hoe,leth,lˈeθ,hoe
house,yethil,jˈeθ.il,house
home,yethil,jˈeθ.il,home
wind,lurith,lˈur.iθ,wind
breath,lurith,lˈur.iθ,breath
writing,for,fˈor,writing
painting,for,fˈor,painting
tie,nalor,nˈal.or,tie
bind,nalor,nˈal.or,bind
knot,nalor,nˈal.or,knot
boat,sith,sˈiθ,boat
ship,sith,sˈiθ,ship
canoe,sith,sˈiθ,canoe
future,hethe,ħˈeθ.e,future
past,hune,ħˈun.e,past
present,nume,nˈum.e,present
sky,rithil,rˈiθ.il,sky
plain,til,tˈil,plain
tar,tlun,ƛˈun,tar
discovery,sahyeol,saħj.ˈe.ol,discovery
meat,athir,ˈaθ.ir,meat
floor,thok,θˈok,floor
ground,thok,θˈok,ground
food,siyaleth,sij.ˈal.eθ,food
dreambringer,anolhyel,an.ˈoɬj.el,dreambringer
waking_dreambringer,anshish,ˈanʃ.iʃ,waking dreambringer
child,melhen,mˈeɬ.en,child
young,don,dˈon,young
year,nalom,nˈal.om,year
first,pul,pˈul,first
second,meloe,mel.ˈo.e,second
becoming,kan,kˈan,becoming
smile,maon,mˈa.on,smile
frown,laon,lˈa.on,frown
full,remhad,rˈemħ.ad,full
report,yeolfethr,je.ˈolf.eθr,report
confession,yeolfethr,je.ˈolf.eθr,confession
city,shithil,ʃˈiθ.il,city
river,shotl,ʃˈoƛ,river
sand,thoksh,θˈokʃ,sand
desert,shil,ʃˈil,desert
forest,lethil,lˈeθ.il,forest
council,lhun,ɬˈun,council
washing,sor,sˈor,washing
dance,lor,lˈor,dance
demonstration,led,lˈed,demonstration
teaching,lhad,ɬˈad,teaching
thirteen,lhiyal,ɬˈij.al,thirteen
13,lhiyal,ɬˈij.al,13
fourteen,lhiyalo,ɬij.ˈal.o,fourteen
14,lhiyalo,ɬij.ˈal.o,14
fifteen,lhiyam,ɬˈij.am,fifteen
15,lhiyam,ɬˈij.am,15
sixteen,lhiyatev,ɬij.ˈat.ev,sixteen
16,lhiyatev,ɬij.ˈat.ev,16
twenty,lhiyath,ɬˈij.aθ,twenty
20,lhiyath,ɬˈij.aθ,20
twenty_four,loelh,lˈo.eɬ,twenty four
24,loelh,lˈo.eɬ,24
twenty_five,loelhyal,lo.ˈeɬj.al,twenty five
25,loelhyal,lo.ˈeɬj.al,25
twenty_six,loelhyalo,lo.eɬj.ˈal.o,twenty six
26,loelhyalo,lo.eɬj.ˈal.o,26
thirty,loelhyatem,lo.eɬj.ˈat.em,thirty
30,loelhyatem,lo.eɬj.ˈat.em,30
thirty_six,femlh,fˈemɬ,thirty six
36,femlh,fˈemɬ,36
forty_eight,tev,tˈev,forty eight
48,tev,tˈev,48
one_hundred_forty_four,lhiyalh,ɬˈij.aɬ,one hundred forty four
144,lhiyalh,ɬˈij.aɬ,144
week,tirlhom,tˈirɬ.om,week
month,nunalom,nun.ˈal.om,month
grandfather,nan,nˈan,grandfather
hat,durunan,dur.ˈun.an,hat
jealousy,lad,lˈad,jealousy
dawn,meloan,mel.ˈo.an,dawn
morning,meloan,mel.ˈo.an,morning
dusk,munorhan,mun.ˈorħ.an,dusk
evening,munorhan,mun.ˈorħ.an,evening
sunset,munorhan,mun.ˈorħ.an,sunset
shadow,lan,lˈan,shadow
twilight,lan,lˈan,twilight
star,nan,nˈan,star
sweet,hol,ħˈol,sweet
berry,shanin,ʃˈan.in,berry
fog,tlurith,ƛˈur.iθ,fog
season,rithagom,riθ.ˈag.om,season
harvest,lesh,lˈeʃ,harvest
metal,men,mˈen,metal
bloom,med,mˈed,bloom
storm,lurith,lˈur.iθ,storm
thunder,lurithesh,lur.ˈiθ.eʃ,thunder
vine,kulumlor,kul.ˈuml.or,vine
birth,lhaswan,ɬˈasw.an,birth
rebirth,meloelhaswan,mel.o.eɬ.ˈasw.an,rebirth
silver,menan,mˈen.an,silver
grain,meloresyaleth,mel.or.esj.ˈal.eθ,grain
smell,rithor,rˈiθ.or,smell
mist,tlurinin,ƛur.ˈin.in,mist
bird,rithan,rˈiθ.an,bird
spring_vegetable,ledul,lˈed.ul,spring vegetable
adventure,thim,θˈim,adventure
returning,gith,gˈiθ,returning
common_bird,yalrith,jˈalr.iθ,common bird
shine,nalor,nˈal.or,shine
undershine,hi-thokan,ħi.θˈok.an,undershine
openness,dam,dˈam,openness
hanging,nither,nˈiθ.er,hanging
friend,yelalh,jˈel.aɬ,friend
ally,yelalh,jˈel.aɬ,ally
friendship,yelalh,jˈel.aɬ,friendship
enemy,yey,jˈej,enemy
narcotic,lhemlor,ɬˈeml.or,narcotic
repitition,lenum,lˈen.um,repitition
turn,lelom,lˈel.om,turn
rotate,lelom,lˈel.om,rotate
abandoned,remhil,rˈemħ.il,abandoned
orphan,remhedyel,remħ.ˈedj.el,orphan
sunshower,efwyrith,ˈefwjr.iθ,sunshower
desk,foretum,for.ˈet.um,desk
brick,men,mˈen,brick
tease,kogyal,kˈogj.al,tease
they,ta-e,tˈa.e,they
who,i-lhan,ˈi.ɬan,who
whom,yu-lhan,jˈu.ɬan,whom
whose,hi-lhan,hˈi.ɬan,whose
what,lo-lhan,lˈo.ɬan,what
where,ti-lhan,tˈi.ɬan,where
when,tu-lhan,tˈu.ɬan,when
why,lhu-lhan,ɬˈu.ɬan,why
how,si-lhan,sˈi.ɬan,how
your,hi-wa,hˈi.wa,your
his,hi-ta,hˈi.ta,his
her,hi-ta,hˈi.ta,her
their,hi-ta,hˈi.ta,their
its,hi-lota,hi.lˈot.a,its
our,hi-ne,hˈi.ne,our
ours,hi-ne,hˈi.ne,ours
mine,hi-na,hˈi.na,mine
their_2,hi-ta-e,hi.tˈa.e,their
whoever,hi-lhanshimi,hi.ɬanʃ.ˈim.i,whoever
whichever,hi-lhanshimi,hi.ɬanʃ.ˈim.i,whichever
spring,melhelor,meɬ.ˈel.or,Spring
autumn,melherlesh,meɬ.ˈerl.eʃ,Autumn
summer,melheag,meɬ.ˈe.ag,Summer
winter,melhetush,meɬ.ˈet.uʃ,Winter
december,lotush,lˈot.uʃ,December
1_of_winter,lurithdrem,lur.ˈiθdr.em,1 of winter
december_1,lurithdrem,lur.ˈiθdr.em,december 1
2_of_winter,dolshanin,dolʃ.ˈan.in,2 of winter
december_2,dolshanin,dolʃ.ˈan.in,december 2
3_of_winter,???,???,3 of winter
december_3,???,???,december 3
4_of_winter,???,???,4 of winter
december_4,???,???,december 4
5_of_winter,lurithan,lur.ˈiθ.an,5 of winter
december_5,lurithan,lur.ˈiθ.an,december 5
6_of_winter,shotltom,ʃˈoƛt.om,6 of winter
december_6,shotltom,ʃˈoƛt.om,december 6
7_of_winter,meloanathan,mel.o.an.ˈaθ.an,7 of winter
december_7,meloanathan,mel.o.an.ˈaθ.an,december 7
8_of_winter,dolrem,dˈolr.em,8 of winter
december_8,dolrem,dˈolr.em,december 8
9_of_winter,lurithaglar,lur.iθ.ˈagl.ar,9 of winter
december_9,lurithaglar,lur.iθ.ˈagl.ar,december 9
10_of_winter,luriskwil,lur.ˈiskw.il,10 of winter
december_10,luriskwil,lur.ˈiskw.il,december 10
11_of_winter,fedrlad,fˈedrl.ad,11 of winter
december_11,fedrlad,fˈedrl.ad,december 11
12_of_winter,rithaglar,riθ.ˈagl.ar,12 of winter
december_12,rithaglar,riθ.ˈagl.ar,december 12
13_of_winter,shotlan,ʃˈoƛ.an,13 of winter
december_13,shotlan,ʃˈoƛ.an,december 13
14_of_winter,fedetush,fed.ˈet.uʃ,14 of winter
december_14,fedetush,fed.ˈet.uʃ,december 14
15_of_winter,lurithen,lur.ˈiθ.en,15 of winter
december_15,lurithen,lur.ˈiθ.en,december 15
16_of_winter,loreayeol,lor.e.aj.ˈe.ol,16 of winter
december_16,loreayeol,lor.e.aj.ˈe.ol,december 16
17_of_winter,lanam,lˈan.am,17 of winter
december_17,lanam,lˈan.am,december 17
18_of_winter,nanalor,nan.ˈal.or,18 of winter
december_18,nanalor,nan.ˈal.or,december 18
19_of_winter,ayswen,ˈajsw.en,19 of winter
december_19,ayswen,ˈajsw.en,december 19
20_of_winter,lurithun,lur.ˈiθ.un,20 of winter
december_20,lurithun,lur.ˈiθ.un,december 20
21_of_winter,lhilaglar,ɬil.ˈagl.ar,21 of winter
december_21,lhilaglar,ɬil.ˈagl.ar,december 21
22_of_winter,lan,lˈan,22 of winter
december_22,lan,lˈan,december 22
23_of_winter,lanasyaleth,lan.asj.ˈal.eθ,23 of winter
december_23,lanasyaleth,lan.asj.ˈal.eθ,december 23
24_of_winter,lhonrem,ɬˈonr.em,24 of winter
december_24,lhonrem,ɬˈonr.em,december 24
25_of_winter,nan,nˈan,25 of winter
december_25,nan,nˈan,december 25
26_of_winter,shotlodrem,ʃoƛ.ˈodr.em,26 of winter
december_26,shotlodrem,ʃoƛ.ˈodr.em,december 26
27_of_winter,doraklrith,dor.ˈaklr.iθ,27 of winter
december_27,doraklrith,dor.ˈaklr.iθ,december 27
28_of_winter,kulumloremlan,kul.uml.or.ˈeml.an,28 of winter
december_28,kulumloremlan,kul.uml.or.ˈeml.an,december 28
29_of_winter,ayskesh,ˈajsk.eʃ,29 of winter
december_29,ayskesh,ˈajsk.eʃ,december 29
30_of_winter,lurith,lˈur.iθ,30 of winter
december_30,lurith,lˈur.iθ,december 30
january,loetush,lo.ˈet.uʃ,January
31_of_winter,???,???,31 of winter
january_31,???,???,January 31
32_of_winter,tushuthok,tuʃ.ˈuθ.ok,32 of winter
january_32,tushuthok,tuʃ.ˈuθ.ok,January 32
33_of_winter,meralrem,mer.ˈalr.em,33 of winter
january_33,meralrem,mer.ˈalr.em,January 33
34_of_winter,shashanin,ʃaʃ.ˈan.in,34 of winter
january_34,shashanin,ʃaʃ.ˈan.in,January 34
35_of_winter,selshith,sˈelʃ.iθ,35 of winter
january_35,selshith,sˈelʃ.iθ,January 35
36_of_winter,kulumloreshud,kul.uml.or.ˈeʃ.ud,36 of winter
january_36,kulumloreshud,kul.uml.or.ˈeʃ.ud,January 36
37_of_winter,aysel,ˈajs.el,37 of winter
january_37,aysel,ˈajs.el,January 37
38_of_winter,fol,fˈol,38 of winter
january_38,fol,fˈol,January 38
39_of_winter,lhenashanin,ɬen.aʃ.ˈan.in,39 of winter
january_39,lhenashanin,ɬen.aʃ.ˈan.in,January 39
40_of_winter,shaingtlurith,ʃa.iŋƛ.ˈur.iθ,40 of winter
january_40,shaingtlurith,ʃa.iŋƛ.ˈur.iθ,January 40
41_of_winter,nanaingtlun,nan.a.ˈiŋƛ.un,41 of winter
january_41,nanaingtlun,nan.a.ˈiŋƛ.un,January 41
42_of_winter,???,???,42 of winter
january_42,???,???,January 42
43_of_winter,nanador,nan.ˈad.or,43 of winter
january_43,nanador,nan.ˈad.or,January 43
44_of_winter,shakel,ʃˈak.el,44 of winter
january_44,shakel,ʃˈak.el,January 44
45_of_winter,rishwen,rˈiʃw.en,45 of winter
january_45,rishwen,rˈiʃw.en,January 45
46_of_winter,thatlun,θˈaƛ.un,46 of winter
january_46,thatlun,θˈaƛ.un,January 46
47_of_winter,???,???,47 of winter
january_47,???,???,January 47
48_of_winter,kulumloretush,kul.uml.or.ˈet.uʃ,48 of winter
january_48,kulumloretush,kul.uml.or.ˈet.uʃ,January 48
49_of_winter,aymen,ˈajm.en,49 of winter
january_49,aymen,ˈajm.en,January 49
20_of_winter_2,shush,ʃˈuʃ,20 of winter
january_20,shush,ʃˈuʃ,January 20
51_of_winter,nanaglar,nan.ˈagl.ar,51 of winter
january_51,nanaglar,nan.ˈagl.ar,January 51
52_of_winter,lanalor,lan.ˈal.or,52 of winter
january_52,lanalor,lan.ˈal.or,January 52
53_of_winter,shalor,ʃˈal.or,53 of winter
january_53,shalor,ʃˈal.or,January 53
54_of_winter,kelusyaleth,kel.usj.ˈal.eθ,54 of winter
january_54,kelusyaleth,kel.usj.ˈal.eθ,January 54
55_of_winter,meralesh,mer.ˈal.eʃ,55 of winter
january_55,meralesh,mer.ˈal.eʃ,January 55
56_of_winter,nanad,nˈan.ad,56 of winter
january_56,nanad,nˈan.ad,January 56
57_of_winter,yisaglar,jis.ˈagl.ar,57 of winter
january_57,yisaglar,jis.ˈagl.ar,January 57
58_of_winter,mer,mˈer,58 of winter
january_58,mer,mˈer,January 58
59_of_winter,varefethr,var.ˈef.eθr,59 of winter
january_59,varefethr,var.ˈef.eθr,January 59
60_of_winter,nanadyethil,nan.adj.ˈeθ.il,60 of winter
january_60,nanadyethil,nan.adj.ˈeθ.il,January 60
february,femush,fˈem.uʃ,February
61_of_winter,tushulor,tuʃ.ˈul.or,61 of winter
february_1,tushulor,tuʃ.ˈul.or,February 1
62_of_winter,thokmramen,θokmr.ˈam.en,62 of winter
february_2,thokmramen,θokmr.ˈam.en,February 2
63_of_winter,meralingtlun,mer.al.ˈiŋƛ.un,63 of winter
february_3,meralingtlun,mer.al.ˈiŋƛ.un,February 3
64_of_winter,nanamen,nan.ˈam.en,64 of winter
february_4,nanamen,nan.ˈam.en,February 4
65_of_winter,yisanon,jis.ˈan.on,65 of winter
february_5,yisanon,jis.ˈan.on,February 5
66_of_winter,lhenashotl,ɬen.ˈaʃ.oƛ,66 of winter
february_6,lhenashotl,ɬen.ˈaʃ.oƛ,February 6
67_of_winter,menlor,mˈenl.or,67 of winter
february_7,menlor,mˈenl.or,February 7
68_of_winter,mersyaleth,mersj.ˈal.eθ,68 of winter
february_8,mersyaleth,mersj.ˈal.eθ,February 8
69_of_winter,shalhen,ʃˈaɬ.en,69 of winter
february_9,shalhen,ʃˈaɬ.en,February 9
70_of_winter,tushuthan,tuʃ.ˈuθ.an,70 of winter
february_10,tushuthan,tuʃ.ˈuθ.an,February 10
71_of_winter,thanramen,θanr.ˈam.en,71 of winter
february_11,thanramen,θanr.ˈam.en,February 11
72_of_winter,numvar,nˈumv.ar,72 of winter
february_12,numvar,nˈumv.ar,February 12
73_of_winter,meramen,mer.ˈam.en,73 of winter
february_13,meramen,mer.ˈam.en,February 13
74_of_winter,merfor,mˈerf.or,74 of winter
february_14,merfor,mˈerf.or,February 14
75_of_winter,shashol,ʃˈaʃ.ol,75 of winter
february_15,shashol,ʃˈaʃ.ol,February 15
76_of_winter,namen,nˈam.en,76 of winter
february_16,namen,nˈam.en,February 16
77_of_winter,lhenamen,ɬen.ˈam.en,77 of winter
february_17,lhenamen,ɬen.ˈam.en,February 17
78_of_winter,yisdeshol,jisd.ˈeʃ.ol,78 of winter
february_18,yisdeshol,jisd.ˈeʃ.ol,February 18
79_of_winter,nanalhen,nan.ˈaɬ.en,79 of winter
february_19,nanalhen,nan.ˈaɬ.en,February 19
80_of_winter,merathan,mer.ˈaθ.an,80 of winter
february_20,merathan,mer.ˈaθ.an,February 20
81_of_winter,duremen,dur.ˈem.en,81 of winter
february_1_2,duremen,dur.ˈem.en,February 1
82_of_winter,siyalethanan,sij.al.eθ.ˈan.an,82 of winter
february_22,siyalethanan,sij.al.eθ.ˈan.an,February 22
83_of_winter,aymen,ˈajm.en,83 of winter
february_23,aymen,ˈajm.en,February 23
84_of_winter,meloanamen,mel.o.an.ˈam.en,84 of winter
february_24,meloanamen,mel.o.an.ˈam.en,February 24
85_of_winter,nanatan,nan.ˈat.an,85 of winter
february_25,nanatan,nan.ˈat.an,February 25
86_of_winter,lanamen,lan.ˈam.en,86 of winter
february_26,lanamen,lan.ˈam.en,February 26
87_of_winter,meramen,mer.ˈam.en,87 of winter
february_27,meramen,mer.ˈam.en,February 27
88_of_winter,lan,lˈan,88 of winter
february_28,lan,lˈan,February 28
89_of_winter,tleshmen,ƛˈeʃm.en,89 of winter
february_29,tleshmen,ƛˈeʃm.en,February 29
90_of_winter,shathan,ʃˈaθ.an,90 of winter
february_30,shathan,ʃˈaθ.an,February 30
march,lor,lˈor,March
1_of_spring,yisklumlor,jiskl.ˈuml.or,1 of spring
march_1,yisklumlor,jiskl.ˈuml.or,March 1
2_of_spring,efith,ˈef.iθ,2 of spring
march_2,efith,ˈef.iθ,March 2
3_of_spring,thanshol,θˈanʃ.ol,3 of spring
march_3,thanshol,θˈanʃ.ol,March 3
4_of_spring,duremrem,dur.ˈemr.em,4 of spring
march_4,duremrem,dur.ˈemr.em,March 4
5_of_spring,lurithan,lur.ˈiθ.an,5 of spring
march_5,lurithan,lur.ˈiθ.an,March 5
6_of_spring,shimilor,ʃim.ˈil.or,6 of spring
march_6,shimilor,ʃim.ˈil.or,March 6
7_of_spring,merilamen,mer.il.ˈam.en,7 of spring
march_7,merilamen,mer.il.ˈam.en,March 7
8_of_spring,todakesh,tod.ˈak.eʃ,8 of spring
march_8,todakesh,tod.ˈak.eʃ,March 8
9_of_spring,todawen,tod.ˈaw.en,9 of spring
march_9,todawen,tod.ˈaw.en,March 9
10_of_spring,todatalh,tod.ˈat.aɬ,10 of spring
march_10,todatalh,tod.ˈat.aɬ,March 10
11_of_spring,efith,ˈef.iθ,11 of spring
march_11,efith,ˈef.iθ,March 11
12_of_spring,meloelhaswanalor,mel.o.eɬ.asw.an.ˈal.or,12 of spring
march_12,meloelhaswanalor,mel.o.eɬ.asw.an.ˈal.or,March 12
13_of_spring,tushudol,tuʃ.ˈud.ol,13 of spring
march_13,tushudol,tuʃ.ˈud.ol,March 13
14_of_spring,menan,mˈen.an,14 of spring
march_14,menan,mˈen.an,March 14
15_of_spring,rithilekel,riθ.il.ˈek.el,15 of spring
march_15,rithilekel,riθ.il.ˈek.el,March 15
16_of_spring,merawen,mer.ˈaw.en,16 of spring
march_16,merawen,mer.ˈaw.en,March 16
17_of_spring,tlafor,ƛˈaf.or,17 of spring
march_17,tlafor,ƛˈaf.or,March 17
18_of_spring,nanamel,nan.ˈam.el,18 of spring
march_18,nanamel,nan.ˈam.el,March 18
19_of_spring,efem,ˈef.em,19 of spring
march_19,efem,ˈef.em,March 19
20_of_spring,nanashith,nan.ˈaʃ.iθ,20 of spring
march_20,nanashith,nan.ˈaʃ.iθ,March 20
21_of_spring,duremlor,dur.ˈeml.or,21 of spring
march_21,duremlor,dur.ˈeml.or,March 21
22_of_spring,rithiledrem,riθ.il.ˈedr.em,22 of spring
march_22,rithiledrem,riθ.il.ˈedr.em,March 22
23_of_spring,shasith,ʃˈas.iθ,23 of spring
march_23,shasith,ʃˈas.iθ,March 23
24_of_spring,nanadrem,nan.ˈadr.em,24 of spring
march_24,nanadrem,nan.ˈadr.em,March 24
25_of_spring,lurithan,lur.ˈiθ.an,25 of spring
march_25,lurithan,lur.ˈiθ.an,March 25
26_of_spring,meramlorelhen,mer.aml.or.ˈeɬ.en,26 of spring
march_26,meramlorelhen,mer.aml.or.ˈeɬ.en,March 26
27_of_spring,gadrem,gˈadr.em,27 of spring
march_27,gadrem,gˈadr.em,March 27
28_of_spring,lushol,lˈuʃ.ol,28 of spring
march_28,lushol,lˈuʃ.ol,March 28
29_of_spring,nanaloresyaleth,nan.al.or.esj.ˈal.eθ,29 of spring
march_29,nanaloresyaleth,nan.al.or.esj.ˈal.eθ,March 29
30_of_spring,shimilhom,ʃim.ˈiɬ.om,30 of spring
march_30,shimilhom,ʃim.ˈiɬ.om,March 30
april,loelor,lo.ˈel.or,April
31_of_spring,rithileshol,riθ.il.ˈeʃ.ol,31 of spring
april_1,rithileshol,riθ.il.ˈeʃ.ol,April 1
32_of_spring,aysith,ˈajs.iθ,32 of spring
april_2,aysith,ˈajs.iθ,April 2
33_of_spring,lurithwen,lur.ˈiθw.en,33 of spring
april_3,lurithwen,lur.ˈiθw.en,April 3
34_of_spring,dulelaglar,dul.el.ˈagl.ar,34 of spring
april_4,dulelaglar,dul.el.ˈagl.ar,April 4
35_of_spring,lurithay,lur.ˈiθ.aj,35 of spring
april_5,lurithay,lur.ˈiθ.aj,April 5
36_of_spring,teshglar,tˈeʃgl.ar,36 of spring
april_6,teshglar,tˈeʃgl.ar,April 6
37_of_spring,duremshol,dur.ˈemʃ.ol,37 of spring
april_7,duremshol,dur.ˈemʃ.ol,April 7
38_of_spring,meraladlel,mer.al.ˈadl.el,38 of spring
april_8,meraladlel,mer.al.ˈadl.el,April 8
39_of_spring,yeolaglar,je.ol.ˈagl.ar,39 of spring
april_9,yeolaglar,je.ol.ˈagl.ar,April 9
40_of_spring,rithilenum,riθ.il.ˈen.um,40 of spring
41_of_spring,lanatan,lan.ˈat.an,41 of spring
april_11,lanatan,lan.ˈat.an,April 11
42_of_spring,yisotel,jis.ˈot.el,42 of spring
april_12,yisotel,jis.ˈot.el,April 12
43_of_spring,merilaglar,mer.il.ˈagl.ar,43 of spring
april_13,merilaglar,mer.il.ˈagl.ar,April 13
44_of_spring,rithilefethr,riθ.il.ˈef.eθr,44 of spring
april_14,rithilefethr,riθ.il.ˈef.eθr,April 14
45_of_spring,lurithitan,lur.iθ.ˈit.an,45 of spring
april_15,lurithitan,lur.iθ.ˈit.an,April 15
46_of_spring,nanatom,nan.ˈat.om,46 of spring
april_16,nanatom,nan.ˈat.om,April 16
47_of_spring,shasel,ʃˈas.el,47 of spring
april_17,shasel,ʃˈas.el,April 17
48_of_spring,shagang,ʃˈag.aŋ,48 of spring
april_18,shagang,ʃˈag.aŋ,April 18
49_of_spring,nanashol,nan.ˈaʃ.ol,49 of spring
april_19,nanashol,nan.ˈaʃ.ol,April 19
50_of_spring,nanamnan,nan.ˈamn.an,50 of spring
april_20,nanamnan,nan.ˈamn.an,April 20
51_of_spring,shimisel,ʃim.ˈis.el,51 of spring
april_21,shimisel,ʃim.ˈis.el,April 21
52_of_spring,meralshanin,mer.alʃ.ˈan.in,52 of spring
april_22,meralshanin,mer.alʃ.ˈan.in,April 22
53_of_spring,femlor,fˈeml.or,53 of spring
april_23,femlor,fˈeml.or,April 23
54_of_spring,lunum,lˈun.um,54 of spring
april_24,lunum,lˈun.um,April 24
55_of_spring,rithiletlan,riθ.il.ˈeƛ.an,55 of spring
april_25,rithiletlan,riθ.il.ˈeƛ.an,April 25
56_of_spring,meralsyalethashol,mer.alsj.al.eθ.ˈaʃ.ol,56 of spring
april_26,meralsyalethashol,mer.alsj.al.eθ.ˈaʃ.ol,April 26
57_of_spring,yelathan,jel.ˈaθ.an,57 of spring
april_27,yelathan,jel.ˈaθ.an,April 27
58_of_spring,yisol,jˈis.ol,58 of spring
april_28,yisol,jˈis.ol,April 28
59_of_spring,keluaglar,kel.u.ˈagl.ar,59 of spring
april_29,keluaglar,kel.u.ˈagl.ar,April 29
60_of_spring,rithilekwil,riθ.il.ˈekw.il,60 of spring
april_30,rithilekwil,riθ.il.ˈekw.il,April 30
may,felor,fˈel.or,May
61_of_spring,selaglar,sel.ˈagl.ar,61 of spring
may_1,selaglar,sel.ˈagl.ar,May 1
62_of_spring,meloresel,mel.or.ˈes.el,62 of spring
may_2,meloresel,mel.or.ˈes.el,May 2
63_of_spring,shotlen,ʃˈoƛ.en,63 of spring
may_3,shotlen,ʃˈoƛ.en,May 3
64_of_spring,shashithan,ʃaʃ.ˈiθ.an,64 of spring
may_4,shashithan,ʃaʃ.ˈiθ.an,May 4
65_of_spring,doltlan,dˈolƛ.an,65 of spring
may_5,doltlan,dˈolƛ.an,May 5
66_of_spring,rithor,rˈiθ.or,66 of spring
may_6,rithor,rˈiθ.or,May 6
67_of_spring,munaniay,mun.an.ˈi.aj,67 of spring
may_7,munaniay,mun.an.ˈi.aj,May 7
68_of_spring,munorhanalor,mun.orħ.an.ˈal.or,68 of spring
may_8,munorhanalor,mun.orħ.an.ˈal.or,May 8
69_of_spring,teleaglar,tel.e.ˈagl.ar,69 of spring
may_9,teleaglar,tel.e.ˈagl.ar,May 9
70_of_spring,shotlol,ʃˈoƛ.ol,70 of spring
may_10,shotlol,ʃˈoƛ.ol,May 10
71_of_spring,meramlorean,mer.aml.or.ˈe.an,71 of spring
may_11,meramlorean,mer.aml.or.ˈe.an,May 11
72_of_spring,duleleon,dul.el.ˈe.on,72 of spring
may_12,duleleon,dul.el.ˈe.on,May 12
73_of_spring,???,???,73 of spring
may_13,???,???,May 13
74_of_spring,shotl,ʃˈoƛ,74 of spring
may_14,shotl,ʃˈoƛ,May 14
75_of_spring,aysan,ˈajs.an,75 of spring
may_15,aysan,ˈajs.an,May 15
76_of_spring,rithilesyaleth,riθ.il.esj.ˈal.eθ,76 of spring
may_16,rithilesyaleth,riθ.il.esj.ˈal.eθ,May 16
77_of_spring,kelueon,kel.u.ˈe.on,77 of spring
may_17,kelueon,kel.u.ˈe.on,May 17
78_of_spring,meralel,mer.ˈal.el,78 of spring
may_18,meralel,mer.ˈal.el,May 18
79_of_spring,yisor,jˈis.or,79 of spring
may_19,yisor,jˈis.or,May 19
80_of_spring,shotlrleth,ʃˈoƛrl.eθ,80 of spring
may_20,shotlrleth,ʃˈoƛrl.eθ,May 20
81_of_spring,sethok,sˈeθ.ok,81 of spring
may_21,sethok,sˈeθ.ok,May 21
82_of_spring,shotlom,ʃˈoƛ.om,82 of spring
may_22,shotlom,ʃˈoƛ.om,May 22
83_of_spring,meloanalor,mel.o.an.ˈal.or,83 of spring
may_23,meloanalor,mel.o.an.ˈal.or,May 23
84_of_spring,selumlor,sel.ˈuml.or,84 of spring
may_24,selumlor,sel.ˈuml.or,May 24
85_of_spring,nanatlan,nan.ˈaƛ.an,85 of spring
may_25,nanatlan,nan.ˈaƛ.an,May 25
86_of_spring,dolor,dˈol.or,86 of spring
may_26,dolor,dˈol.or,May 26
87_of_spring,yiskel,jˈisk.el,87 of spring
may_27,yiskel,jˈisk.el,May 27
88_of_spring,meloanakel,mel.o.an.ˈak.el,88 of spring
may_28,meloanakel,mel.o.an.ˈak.el,May 28
89_of_spring,shotleon,ʃoƛ.ˈe.on,89 of spring
may_29,shotleon,ʃoƛ.ˈe.on,May 29
90_of_spring,shakwil,ʃˈakw.il,90 of spring
may_30,shakwil,ʃˈakw.il,May 30
june,lothulef,loθ.ˈul.ef,June
1_of_summer,meloanam,mel.o.ˈan.am,1 of summer
june_1,meloanam,mel.o.ˈan.am,June 1
2_of_summer,rithileaglar,riθ.il.e.ˈagl.ar,2 of summer
june_2,rithileaglar,riθ.il.e.ˈagl.ar,June 2
3_of_summer,aysan,ˈajs.an,3 of summer
june_3,aysan,ˈajs.an,June 3
4_of_summer,lel,lˈel,4 of summer
june_4,lel,lˈel,June 4
5_of_summer,meloanatlan,mel.o.an.ˈaƛ.an,5 of summer
june_5,meloanatlan,mel.o.an.ˈaƛ.an,June 5
6_of_summer,meloreathang,mel.or.e.ˈaθ.aŋ,6 of summer
june_6,meloreathang,mel.or.e.ˈaθ.aŋ,June 6
7_of_summer,gularenan,gul.ar.ˈen.an,7 of summer
june_7,gularenan,gul.ar.ˈen.an,June 7
8_of_summer,nalhom,nˈaɬ.om,8 of summer
june_8,nalhom,nˈaɬ.om,June 8
9_of_summer,temen,tˈem.en,9 of summer
june_9,temen,tˈem.en,June 9
10_of_summer,yethilemnan,jeθ.il.ˈemn.an,10 of summer
june_10,yethilemnan,jeθ.il.ˈemn.an,June 10
11_of_summer,thuvglar,θˈuvgl.ar,11 of summer
june_11,thuvglar,θˈuvgl.ar,June 11
12_of_summer,nador,nˈad.or,12 of summer
june_12,nador,nˈad.or,June 12
13_of_summer,meralsyaleth,mer.alsj.ˈal.eθ,13 of summer
june_13,meralsyaleth,mer.alsj.ˈal.eθ,June 13
14_of_summer,luriskwil,lur.ˈiskw.il,14 of summer
june_14,luriskwil,lur.ˈiskw.il,June 14
15_of_summer,forengothr,for.ˈeŋ.oθr,15 of summer
june_15,forengothr,for.ˈeŋ.oθr,June 15
16_of_summer,semlor,sˈeml.or,16 of summer
june_16,semlor,sˈeml.or,June 16
17_of_summer,gaglar,gˈagl.ar,17 of summer
june_17,gaglar,gˈagl.ar,June 17
18_of_summer,merallhenadrem,mer.alɬ.en.ˈadr.em,18 of summer
june_18,merallhenadrem,mer.alɬ.en.ˈadr.em,June 18
19_of_summer,tomomen,tom.ˈom.en,19 of summer
june_19,tomomen,tom.ˈom.en,June 19
20_of_summer,holadyethil,ħol.adj.ˈeθ.il,20 of summer
june_20,holadyethil,ħol.adj.ˈeθ.il,June 20
21_of_summer,meloremnan,mel.or.ˈemn.an,21 of summer
june_21,meloremnan,mel.or.ˈemn.an,June 21
22_of_summer,shotlathang,ʃoƛ.ˈaθ.aŋ,22 of summer
june_22,shotlathang,ʃoƛ.ˈaθ.aŋ,June 22
23_of_summer,melaglar,mel.ˈagl.ar,23 of summer
june_23,melaglar,mel.ˈagl.ar,June 23
24_of_summer,tleshor,ƛˈeʃ.or,24 of summer
june_24,tleshor,ƛˈeʃ.or,June 24
25_of_summer,rithileay,riθ.il.ˈe.aj,25 of summer
june_25,rithileay,riθ.il.ˈe.aj,June 25
26_of_summer,dolithor,dol.ˈiθ.or,26 of summer
june_26,dolithor,dol.ˈiθ.or,June 26
27_of_summer,lurithdrem,lur.ˈiθdr.em,27 of summer
june_27,lurithdrem,lur.ˈiθdr.em,June 27
28_of_summer,ithrem,ˈiθr.em,28 of summer
june_28,ithrem,ˈiθr.em,June 28
29_of_summer,meralshol,mer.ˈalʃ.ol,29 of summer
june_29,meralshol,mer.ˈalʃ.ol,June 29
30_of_summer,melor,mˈel.or,30 of summer
june_30,melor,mˈel.or,June 30
july,loethulef,lo.eθ.ˈul.ef,July
31_of_summer,lhenananaloresyaleth,ɬen.an.an.al.or.esj.ˈal.eθ,31 of summer
july_1,lhenananaloresyaleth,ɬen.an.an.al.or.esj.ˈal.eθ,July 1
32_of_summer,yeomlor,je.ˈoml.or,32 of summer
july_2,yeomlor,je.ˈoml.or,July 2
33_of_summer,lulhenashol,luɬ.en.ˈaʃ.ol,33 of summer
july_3,lulhenashol,luɬ.en.ˈaʃ.ol,July 3
34_of_summer,melorethanglar,mel.or.eθ.ˈaŋl.ar,34 of summer
july_4,melorethanglar,mel.or.eθ.ˈaŋl.ar,July 4
35_of_summer,lhomtlan,ɬˈomƛ.an,35 of summer
july_5,lhomtlan,ɬˈomƛ.an,July 5
36_of_summer,meloanalor,mel.o.an.ˈal.or,36 of summer
july_6,meloanalor,mel.o.an.ˈal.or,July 6
37_of_summer,lhenamral,ɬen.ˈamr.al,37 of summer
july_7,lhenamral,ɬen.ˈamr.al,July 7
38_of_summer,lulhenalor,luɬ.en.ˈal.or,38 of summer
july_8,lulhenalor,luɬ.en.ˈal.or,July 8
39_of_summer,shaninalhil,ʃan.in.ˈaɬ.il,39 of summer
july_9,shaninalhil,ʃan.in.ˈaɬ.il,July 9
40_of_summer,selnan,sˈeln.an,40 of summer
july_10,selnan,sˈeln.an,July 10
41_of_summer,melsyaleth,melsj.ˈal.eθ,41 of summer
july_11,melsyaleth,melsj.ˈal.eθ,July 11
42_of_summer,nomen,nˈom.en,42 of summer
july_12,nomen,nˈom.en,July 12
43_of_summer,meloanafor,mel.o.an.ˈaf.or,43 of summer
july_13,meloanafor,mel.o.an.ˈaf.or,July 13
44_of_summer,thangekel,θaŋ.ˈek.el,44 of summer
july_14,thangekel,θaŋ.ˈek.el,July 14
45_of_summer,lhenaysan,ɬen.ˈajs.an,45 of summer
july_15,lhenaysan,ɬen.ˈajs.an,July 15
46_of_summer,lhenalor,ɬen.ˈal.or,46 of summer
july_16,lhenalor,ɬen.ˈal.or,July 16
47_of_summer,shaninakel,ʃan.in.ˈak.el,47 of summer
july_17,shaninakel,ʃan.in.ˈak.el,July 17
48_of_summer,holashol,ħol.ˈaʃ.ol,48 of summer
july_18,holashol,ħol.ˈaʃ.ol,July 18
49_of_summer,dolaglar,dol.ˈagl.ar,49 of summer
july_19,dolaglar,dol.ˈagl.ar,July 19
50_of_summer,selyethil,selj.ˈeθ.il,50 of summer
july_20,selyethil,selj.ˈeθ.il,July 20
51_of_summer,felakorim,fel.ak.ˈor.im,51 of summer
july_21,felakorim,fel.ak.ˈor.im,July 21
52_of_summer,meralshol,mer.ˈalʃ.ol,52 of summer
july_22,meralshol,mer.ˈalʃ.ol,July 22
53_of_summer,yisayeol,jis.aj.ˈe.ol,53 of summer
july_23,yisayeol,jis.aj.ˈe.ol,July 23
54_of_summer,kelulor,kel.ˈul.or,54 of summer
july_24,kelulor,kel.ˈul.or,July 24
55_of_summer,sethan,sˈeθ.an,55 of summer
july_25,sethan,sˈeθ.an,July 25
56_of_summer,meramlor,mer.ˈaml.or,56 of summer
july_26,meramlor,mer.ˈaml.or,July 26
57_of_summer,varedrem,var.ˈedr.em,57 of summer
july_27,varedrem,var.ˈedr.em,July 27
58_of_summer,yisdmfed,jˈisdmf.ed,58 of summer
july_28,yisdmfed,jˈisdmf.ed,July 28
59_of_summer,rithiledyel,riθ.il.ˈedj.el,59 of summer
july_29,rithiledyel,riθ.il.ˈedj.el,July 29
60_of_summer,lhenumlhen,ɬen.ˈumɬ.en,60 of summer
july_30,lhenumlhen,ɬen.ˈumɬ.en,July 30
august,femthulef,femθ.ˈul.ef,August
61_of_summer,meloanadrem,mel.o.an.ˈadr.em,61 of summer
august_1,meloanadrem,mel.o.an.ˈadr.em,August 1
62_of_summer,teshaglar,teʃ.ˈagl.ar,62 of summer
august_2,teshaglar,teʃ.ˈagl.ar,August 2
63_of_summer,munanilor,mun.an.ˈil.or,63 of summer
august_3,munanilor,mun.an.ˈil.or,August 3
64_of_summer,kelushith,kel.ˈuʃ.iθ,64 of summer
august_4,kelushith,kel.ˈuʃ.iθ,August 4
65_of_summer,meral,mˈer.al,65 of summer
august_5,meral,mˈer.al,August 5
66_of_summer,lhenathan,ɬen.ˈaθ.an,66 of summer
august_6,lhenathan,ɬen.ˈaθ.an,August 6
67_of_summer,aysdrem,ˈajsdr.em,67 of summer
august_7,aysdrem,ˈajsdr.em,August 7
68_of_summer,menrunan,menr.ˈun.an,68 of summer
august_8,menrunan,menr.ˈun.an,August 8
69_of_summer,selrem,sˈelr.em,69 of summer
august_9,selrem,sˈelr.em,August 9
70_of_summer,nanalor,nan.ˈal.or,70 of summer
august_10,nanalor,nan.ˈal.or,August 10
71_of_summer,lanathan,lan.ˈaθ.an,71 of summer
august_11,lanathan,lan.ˈaθ.an,August 11
72_of_summer,meloanatesh,mel.o.an.ˈat.eʃ,72 of summer
august_12,meloanatesh,mel.o.an.ˈat.eʃ,August 12
73_of_summer,efan,ˈef.an,73 of summer
august_13,efan,ˈef.an,August 13
74_of_summer,gularetesh,gul.ar.ˈet.eʃ,74 of summer
august_14,gularetesh,gul.ar.ˈet.eʃ,August 14
75_of_summer,holalor,ħol.ˈal.or,75 of summer
august_15,holalor,ħol.ˈal.or,August 15
76_of_summer,melrem,mˈelr.em,76 of summer
august_16,melrem,mˈelr.em,August 16
77_of_summer,keluthan,kel.ˈuθ.an,77 of summer
august_17,keluthan,kel.ˈuθ.an,August 17
78_of_summer,varetlun,var.ˈeƛ.un,78 of summer
august_18,varetlun,var.ˈeƛ.un,August 18
79_of_summer,meralaysor,mer.al.ˈajs.or,79 of summer
august_19,meralaysor,mer.al.ˈajs.or,August 19
80_of_summer,thangethan,θaŋ.ˈeθ.an,80 of summer
august_20,thangethan,θaŋ.ˈeθ.an,August 20
81_of_summer,lhenashotlodrem,ɬen.aʃ.oƛ.ˈodr.em,81 of summer
august_21,lhenashotlodrem,ɬen.aʃ.oƛ.ˈodr.em,August 21
82_of_summer,munorhanatesh,mun.orħ.an.ˈat.eʃ,82 of summer
august_22,munorhanatesh,mun.orħ.an.ˈat.eʃ,August 22
83_of_summer,yelan,jˈel.an,83 of summer
august_23,yelan,jˈel.an,August 23
84_of_summer,lhenaglar,ɬen.ˈagl.ar,84 of summer
august_24,lhenaglar,ɬen.ˈagl.ar,August 24
85_of_summer,yiselom,jis.ˈel.om,85 of summer
august_25,yiselom,jis.ˈel.om,August 25
86_of_summer,keshaglar,keʃ.ˈagl.ar,86 of summer
august_26,keshaglar,keʃ.ˈagl.ar,August 26
87_of_summer,rithenalor,riθ.en.ˈal.or,87 of summer
august_27,rithenalor,riθ.en.ˈal.or,August 27
88_of_summer,meralor,mer.ˈal.or,88 of summer
august_28,meralor,mer.ˈal.or,August 28
89_of_summer,fidol,fˈid.ol,89 of summer
august_29,fidol,fˈid.ol,August 29
90_of_summer,falnan,fˈaln.an,90 of summer
august_30,falnan,fˈaln.an,August 30
september,lorlesh,lˈorl.eʃ,September
1_of_autumn,keluloresyaleth,kel.ul.or.esj.ˈal.eθ,1 of autumn
september_1,keluloresyaleth,kel.ul.or.esj.ˈal.eθ,September 1
2_of_autumn,yisoresyaleth,jis.or.esj.ˈal.eθ,2 of autumn
september_2,yisoresyaleth,jis.or.esj.ˈal.eθ,September 2
3_of_autumn,meralaysm,mer.ˈal.ajsm,3 of autumn
september_3,meralaysm,mer.ˈal.ajsm,September 3
4_of_autumn,???,???,4 of autumn
september_4,???,???,September 4
5_of_autumn,nanamen,nan.ˈam.en,5 of autumn
september_5,nanamen,nan.ˈam.en,September 5
6_of_autumn,mar,mˈar,6 of autumn
september_6,mar,mˈar,September 6
7_of_autumn,ay,ˈaj,7 of autumn
september_7,ay,ˈaj,September 7
8_of_autumn,munorhanapal,mun.orħ.an.ˈap.al,8 of autumn
september_8,munorhanapal,mun.orħ.an.ˈap.al,September 8
9_of_autumn,lhenashith,ɬen.ˈaʃ.iθ,9 of autumn
september_9,lhenashith,ɬen.ˈaʃ.iθ,September 9
10_of_autumn,nanathuv,nan.ˈaθ.uv,10 of autumn
september_10,nanathuv,nan.ˈaθ.uv,September 10
11_of_autumn,???,???,11 of autumn
september_11,???,???,September 11
12_of_autumn,thilethan,θil.ˈeθ.an,12 of autumn
september_12,thilethan,θil.ˈeθ.an,September 12
13_of_autumn,shithan,ʃˈiθ.an,13 of autumn
september_13,shithan,ʃˈiθ.an,September 13
14_of_autumn,tlurinin,ƛur.ˈin.in,14 of autumn
september_14,tlurinin,ƛur.ˈin.in,September 14
15_of_autumn,???,???,15 of autumn
september_15,???,???,September 15
16_of_autumn,rithol,rˈiθ.ol,16 of autumn
september_16,rithol,rˈiθ.ol,September 16
17_of_autumn,sholalhum,ʃol.ˈaɬ.um,17 of autumn
september_17,sholalhum,ʃol.ˈaɬ.um,September 17
18_of_autumn,sholaglar,ʃol.ˈagl.ar,18 of autumn
september_18,sholaglar,ʃol.ˈagl.ar,September 18
19_of_autumn,lushanin,luʃ.ˈan.in,19 of autumn
september_19,lushanin,luʃ.ˈan.in,September 19
20_of_autumn,tilethil,til.ˈeθ.il,20 of autumn
september_20,tilethil,til.ˈeθ.il,September 20
21_of_autumn,riskel,rˈisk.el,21 of autumn
september_21,riskel,rˈisk.el,September 21
22_of_autumn,meraltlun,mer.ˈalƛ.un,22 of autumn
september_22,meraltlun,mer.ˈalƛ.un,September 22
23_of_autumn,kelushol,kel.ˈuʃ.ol,23 of autumn
september_23,kelushol,kel.ˈuʃ.ol,September 23
24_of_autumn,meloanamen,mel.o.an.ˈam.en,24 of autumn
september_24,meloanamen,mel.o.an.ˈam.en,September 24
25_of_autumn,???,???,25 of autumn
september_25,???,???,September 25
26_of_autumn,melorelor,mel.or.ˈel.or,26 of autumn
september_26,melorelor,mel.or.ˈel.or,September 26
27_of_autumn,thullhen,θˈulɬ.en,27 of autumn
september_27,thullhen,θˈulɬ.en,September 27
28_of_autumn,???,???,28 of autumn
september_28,???,???,September 28
29_of_autumn,vareloresyaleth,var.el.or.esj.ˈal.eθ,29 of autumn
september_29,vareloresyaleth,var.el.or.esj.ˈal.eθ,September 29
30_of_autumn,rithtesh,rˈiθt.eʃ,30 of autumn
september_30,rithtesh,rˈiθt.eʃ,September 30
october,loerlesh,lo.ˈerl.eʃ,October
31_of_autumn,leshol,lˈeʃ.ol,31 of autumn
october_1,leshol,lˈeʃ.ol,October 1
32_of_autumn,kulumloreloresyaleth,kul.uml.or.el.or.esj.ˈal.eθ,32 of autumn
october_2,kulumloreloresyaleth,kul.uml.or.el.or.esj.ˈal.eθ,October 2
33_of_autumn,???,???,33 of autumn
october_3,???,???,October 3
34_of_autumn,lhilaloresyaleth,ɬil.al.or.esj.ˈal.eθ,34 of autumn
october_4,lhilaloresyaleth,ɬil.al.or.esj.ˈal.eθ,October 4
35_of_autumn,shotlan,ʃˈoƛ.an,35 of autumn
october_5,shotlan,ʃˈoƛ.an,October 5
36_of_autumn,yisnal,jˈisn.al,36 of autumn
october_6,yisnal,jˈisn.al,October 6
37_of_autumn,hol,ħˈol,37 of autumn
october_7,hol,ħˈol,October 7
38_of_autumn,lhenadrem,ɬen.ˈadr.em,38 of autumn
october_8,lhenadrem,ɬen.ˈadr.em,October 8
39_of_autumn,meralaglar,mer.al.ˈagl.ar,39 of autumn
october_9,meralaglar,mer.al.ˈagl.ar,October 9
40_of_autumn,nanathan,nan.ˈaθ.an,40 of autumn
october_10,nanathan,nan.ˈaθ.an,October 10
41_of_autumn,yisanin,jis.ˈan.in,41 of autumn
october_11,yisanin,jis.ˈan.in,October 11
42_of_autumn,kelumral,kel.ˈumr.al,42 of autumn
october_12,kelumral,kel.ˈumr.al,October 12
43_of_autumn,shithol,ʃˈiθ.ol,43 of autumn
october_13,shithol,ʃˈiθ.ol,October 13
44_of_autumn,munorhanashol,mun.orħ.an.ˈaʃ.ol,44 of autumn
october_14,munorhanashol,mun.orħ.an.ˈaʃ.ol,October 14
45_of_autumn,???,???,45 of autumn
october_15,???,???,October 15
46_of_autumn,for,fˈor,46 of autumn
october_16,for,fˈor,October 16
47_of_autumn,lenan,lˈen.an,47 of autumn
october_17,lenan,lˈen.an,October 17
48_of_autumn,meloanashith,mel.o.an.ˈaʃ.iθ,48 of autumn
october_18,meloanashith,mel.o.an.ˈaʃ.iθ,October 18
49_of_autumn,varethan,var.ˈeθ.an,49 of autumn
october_19,varethan,var.ˈeθ.an,October 19
50_of_autumn,harathan,ħar.ˈaθ.an,50 of autumn
october_20,harathan,ħar.ˈaθ.an,October 20
51_of_autumn,lethiledrem,leθ.il.ˈedr.em,51 of autumn
october_21,lethiledrem,leθ.il.ˈedr.em,October 21
52_of_autumn,lhenaysol,ɬen.ˈajs.ol,52 of autumn
october_22,lhenaysol,ɬen.ˈajs.ol,October 22
53_of_autumn,thamlor,θˈaml.or,53 of autumn
october_23,thamlor,θˈaml.or,October 23
54_of_autumn,meloresyalethavar,mel.or.esj.al.eθ.ˈav.ar,54 of autumn
october_24,meloresyalethavar,mel.or.esj.al.eθ.ˈav.ar,October 24
55_of_autumn,shotlesh,ʃˈoƛ.eʃ,55 of autumn
october_25,shotlesh,ʃˈoƛ.eʃ,October 25
56_of_autumn,haraon,ħar.ˈa.on,56 of autumn
october_26,haraon,ħar.ˈa.on,October 26
57_of_autumn,lethilekel,leθ.il.ˈek.el,57 of autumn
october_27,lethilekel,leθ.il.ˈek.el,October 27
58_of_autumn,melor,mˈel.or,58 of autumn
october_28,melor,mˈel.or,October 28
59_of_autumn,gulareshol,gul.ar.ˈeʃ.ol,59 of autumn
october_29,gulareshol,gul.ar.ˈeʃ.ol,October 29
60_of_autumn,leshor,lˈeʃ.or,60 of autumn
october_30,leshor,lˈeʃ.or,October 30
november,ferlesh,fˈerl.eʃ,November
61_of_autumn,nanasyaleth,nan.asj.ˈal.eθ,61 of autumn
november_1,nanasyaleth,nan.asj.ˈal.eθ,November 1
62_of_autumn,lhoman,ɬˈom.an,62 of autumn
november_2,lhoman,ɬˈom.an,November 2
63_of_autumn,haralor,ħar.ˈal.or,63 of autumn
november_3,haralor,ħar.ˈal.or,November 3
64_of_autumn,ay,ˈaj,64 of autumn
november_4,ay,ˈaj,November 4
65_of_autumn,teleay,tel.ˈe.aj,65 of autumn
november_5,teleay,tel.ˈe.aj,November 5
66_of_autumn,holalor,ħol.ˈal.or,66 of autumn
november_6,holalor,ħol.ˈal.or,November 6
67_of_autumn,lhuloresyaleth,ɬul.or.esj.ˈal.eθ,67 of autumn
november_7,lhuloresyaleth,ɬul.or.esj.ˈal.eθ,November 7
68_of_autumn,dolag,dˈol.ag,68 of autumn
november_8,dolag,dˈol.ag,November 8
69_of_autumn,rithtom,rˈiθt.om,69 of autumn
november_9,rithtom,rˈiθt.om,November 9
70_of_autumn,merallhenathan,mer.alɬ.en.ˈaθ.an,70 of autumn
november_10,merallhenathan,mer.alɬ.en.ˈaθ.an,November 10
71_of_autumn,shithanin,ʃiθ.ˈan.in,71 of autumn
november_11,shithanin,ʃiθ.ˈan.in,November 11
72_of_autumn,lethileaglar,leθ.il.e.ˈagl.ar,72 of autumn
november_12,lethileaglar,leθ.il.e.ˈagl.ar,November 12
73_of_autumn,kanaithr,kan.ˈa.iθr,73 of autumn
november_13,kanaithr,kan.ˈa.iθr,November 13
74_of_autumn,sillhum,sˈilɬ.um,74 of autumn
november_14,sillhum,sˈilɬ.um,November 14
75_of_autumn,meloanarithan,mel.o.an.ar.ˈiθ.an,75 of autumn
november_15,meloanarithan,mel.o.an.ar.ˈiθ.an,November 15
76_of_autumn,fedemralrem,fed.emr.ˈalr.em,76 of autumn
november_16,fedemralrem,fed.emr.ˈalr.em,November 16
77_of_autumn,lhiladrem,ɬil.ˈadr.em,77 of autumn
november_17,lhiladrem,ɬil.ˈadr.em,November 17
78_of_autumn,lhenakel,ɬen.ˈak.el,78 of autumn
november_18,lhenakel,ɬen.ˈak.el,November 18
79_of_autumn,nanathang,nan.ˈaθ.aŋ,79 of autumn
november_19,nanathang,nan.ˈaθ.aŋ,November 19
80_of_autumn,nathan,nˈaθ.an,80 of autumn
november_20,nathan,nˈaθ.an,November 20
81_of_autumn,???,???,81 of autumn
november_21,???,???,November 21
82_of_autumn,???,???,82 of autumn
november_22,???,???,November 22
83_of_autumn,holamel,ħol.ˈam.el,83 of autumn
november_23,holamel,ħol.ˈam.el,November 23
84_of_autumn,rithdrem,rˈiθdr.em,84 of autumn
november_24,rithdrem,rˈiθdr.em,November 24
85_of_autumn,lhenarith,ɬen.ˈar.iθ,85 of autumn
november_25,lhenarith,ɬen.ˈar.iθ,November 25
86_of_autumn,nunasil,nun.ˈas.il,86 of autumn
november_26,nunasil,nun.ˈas.il,November 26
87_of_autumn,yisen,jˈis.en,87 of autumn
november_27,yisen,jˈis.en,November 27
88_of_autumn,engothr,ˈeŋ.oθr,88 of autumn
november_28,engothr,ˈeŋ.oθr,November 28
89_of_autumn,haradrem,ħar.ˈadr.em,89 of autumn
november_29,haradrem,ħar.ˈadr.em,November 29
90_of_autumn,meloresyalethalor,mel.or.esj.al.eθ.ˈal.or,90 of autumn
november_30,meloresyalethalor,mel.or.esj.al.eθ.ˈal.or,November 30
hiding,dum,dˈum,hiding
auxiliary_simple_past,fe,fˈe,auxiliary: simple (past)
auxiliary_simple_present,fa,fˈa,auxiliary: simple (present)
auxiliary_simple_future,fo,fˈo,auxiliary: simple (future)
auxiliary_imperfective_past,the,θˈe,auxiliary: imperfective (past)
auxiliary_imperfective_present,tha,θˈa,auxiliary: imperfective (present)
auxiliary_imperfective_future,tho,θˈo,auxiliary: imperfective (future)
auxiliary_perfect_past,lhe,ɬˈe,auxiliary: perfect (past)
auxiliary_perfect_present,lha,ɬˈa,auxiliary: perfect (present)
auxiliary_perfect_future,lho,ɬˈo,auxiliary: perfect (future)
auxiliary_near_past,tle,ƛˈe,auxiliary: near (past)
auxiliary_near_present,tla,ƛˈa,auxiliary: near (present)
auxiliary_near_future,tlo,ƛˈo,auxiliary: near (future)
auxiliary_immediate_past,ke,kˈe,auxiliary: immediate (past)
auxiliary_immediate_present,ka,kˈa,auxiliary: immediate (present)
auxiliary_immediate_future,ko,kˈo,auxiliary: immediate (future)
auxiliary_habitual_past,me,mˈe,auxiliary: habitual (past)
auxiliary_habitual_present,ma,mˈa,auxiliary: habitual (present)
auxiliary_habitual_future,mo,mˈo,auxiliary: habitual (future)
auxiliary_progressive_past,se,sˈe,auxiliary: progressive (past)
auxiliary_progressive_present,sa,sˈa,auxiliary: progressive (present)
auxiliary_progressive_future,so,sˈo,auxiliary: progressive (future)
auxiliary_continuous_past,she,ʃˈe,auxiliary: continuous (past)
auxiliary_continuous_present,sha,ʃˈa,auxiliary: continuous (present)
auxiliary_continuous_future,sho,ʃˈo,auxiliary: continuous (future)
auxiliary_iterative_past,ne,nˈe,auxiliary: iterative (past)
auxiliary_iterative_present,na,nˈa,auxiliary: iterative (present)
auxiliary_iterative_future,no,nˈo,auxiliary: iterative (future)
auxiliary_inceptive_past,ye,jˈe,auxiliary: inceptive (past)
auxiliary_inceptive_present,ya,jˈa,auxiliary: inceptive (present)
auxiliary_inceptive_future,yo,jˈo,auxiliary: inceptive (future)
auxiliary_cessative_past,pe,pˈe,auxiliary: cessative (past)
auxiliary_cessative_present,pa,pˈa,auxiliary: cessative (present)
auxiliary_cessative_future,po,pˈo,auxiliary: cessative (future)
auxiliary_remote_past,he,hˈe,auxiliary: remote (past)
auxiliary_remote_present,ha,hˈa,auxiliary: remote (present)
auxiliary_remote_future,ho,hˈo,auxiliary: remote (future)
aux_1_sim_pst,ife,ˈif.e,auxiliary-form: 1st simple (past)
aux_1_sim_prs,ifa,ˈif.a,auxiliary-form: 1st simple (present)
aux_1_sim_fut,ifo,ˈif.o,auxiliary-form: 1st simple (future)
aux_1_ipf_pst,ithe,ˈiθ.e,auxiliary-form: 1st imperfective (past)
aux_1_ipf_prs,itha,ˈiθ.a,auxiliary-form: 1st imperfective (present)
aux_1_ipf_fut,itho,ˈiθ.o,auxiliary-form: 1st imperfective (future)
aux_1_prf_pst,ilhe,ˈiɬ.e,auxiliary-form: 1st perfect (past)
aux_1_prf_prs,ilha,ˈiɬ.a,auxiliary-form: 1st perfect (present)
aux_1_prf_fut,ilho,ˈiɬ.o,auxiliary-form: 1st perfect (future)
aux_1_nea_pst,itle,ˈiƛ.e,auxiliary-form: 1st near (past)
aux_1_nea_prs,itla,ˈiƛ.a,auxiliary-form: 1st near (present)
aux_1_nea_fut,itlo,ˈiƛ.o,auxiliary-form: 1st near (future)
aux_1_imm_pst,ike,ˈik.e,auxiliary-form: 1st immediate (past)
aux_1_imm_prs,ika,ˈik.a,auxiliary-form: 1st immediate (present)
aux_1_imm_fut,iko,ˈik.o,auxiliary-form: 1st immediate (future)
aux_1_hab_pst,ime,ˈim.e,auxiliary-form: 1st habitual (past)
aux_1_hab_prs,ima,ˈim.a,auxiliary-form: 1st habitual (present)
aux_1_hab_fut,imo,ˈim.o,auxiliary-form: 1st habitual (future)
aux_1_pro_pst,ise,ˈis.e,auxiliary-form: 1st progressive (past)
aux_1_pro_prs,isa,ˈis.a,auxiliary-form: 1st progressive (present)
aux_1_pro_fut,iso,ˈis.o,auxiliary-form: 1st progressive (future)
aux_1_cnt_pst,ishe,ˈiʃ.e,auxiliary-form: 1st continuous (past)
aux_1_cnt_prs,isha,ˈiʃ.a,auxiliary-form: 1st continuous (present)
aux_1_cnt_fut,isho,ˈiʃ.o,auxiliary-form: 1st continuous (future)
aux_1_itr_pst,ine,ˈin.e,auxiliary-form: 1st iterative (past)
aux_1_itr_prs,ina,ˈin.a,auxiliary-form: 1st iterative (present)
aux_1_itr_fut,ino,ˈin.o,auxiliary-form: 1st iterative (future)
aux_1_inc_pst,iye,ˈij.e,auxiliary-form: 1st inceptive (past)
aux_1_inc_prs,iya,ˈij.a,auxiliary-form: 1st inceptive (present)
aux_1_inc_fut,iyo,ˈij.o,auxiliary-form: 1st inceptive (future)
aux_1_ces_pst,ipe,ˈip.e,auxiliary-form: 1st cessative (past)
aux_1_ces_prs,ipa,ˈip.a,auxiliary-form: 1st cessative (present)
aux_1_ces_fut,ipo,ˈip.o,auxiliary-form: 1st cessative (future)
aux_1_rem_pst,ihe,ˈih.e,auxiliary-form: 1st remote (past)
aux_1_rem_prs,iha,ˈih.a,auxiliary-form: 1st remote (present)
aux_1_rem_fut,iho,ˈih.o,auxiliary-form: 1st remote (future)
aux_1_ref_sim_pst,itefe,it.ˈef.e,auxiliary-form: 1st reflexive simple (past)
aux_1_ref_sim_prs,itefa,it.ˈef.a,auxiliary-form: 1st reflexive simple (present)
aux_1_ref_sim_fut,itefo,it.ˈef.o,auxiliary-form: 1st reflexive simple (future)
aux_1_ref_ipf_pst,itethe,it.ˈeθ.e,auxiliary-form: 1st reflexive imperfective (past)
aux_1_ref_ipf_prs,itetha,it.ˈeθ.a,auxiliary-form: 1st reflexive imperfective (present)
aux_1_ref_ipf_fut,itetho,it.ˈeθ.o,auxiliary-form: 1st reflexive imperfective (future)
aux_1_ref_prf_pst,itelhe,it.ˈeɬ.e,auxiliary-form: 1st reflexive perfect (past)
aux_1_ref_prf_prs,itelha,it.ˈeɬ.a,auxiliary-form: 1st reflexive perfect (present)
aux_1_ref_prf_fut,itelho,it.ˈeɬ.o,auxiliary-form: 1st reflexive perfect (future)
aux_1_ref_nea_pst,itetle,it.ˈeƛ.e,auxiliary-form: 1st reflexive near (past)
aux_1_ref_nea_prs,itetla,it.ˈeƛ.a,auxiliary-form: 1st reflexive near (present)
aux_1_ref_nea_fut,itetlo,it.ˈeƛ.o,auxiliary-form: 1st reflexive near (future)
aux_1_ref_imm_pst,iteke,it.ˈek.e,auxiliary-form: 1st reflexive immediate (past)
aux_1_ref_imm_prs,iteka,it.ˈek.a,auxiliary-form: 1st reflexive immediate (present)
aux_1_ref_imm_fut,iteko,it.ˈek.o,auxiliary-form: 1st reflexive immediate (future)
aux_1_ref_hab_pst,iteme,it.ˈem.e,auxiliary-form: 1st reflexive habitual (past)
aux_1_ref_hab_prs,itema,it.ˈem.a,auxiliary-form: 1st reflexive habitual (present)
aux_1_ref_hab_fut,itemo,it.ˈem.o,auxiliary-form: 1st reflexive habitual (future)
aux_1_ref_pro_pst,itese,it.ˈes.e,auxiliary-form: 1st reflexive progressive (past)
aux_1_ref_pro_prs,itesa,it.ˈes.a,auxiliary-form: 1st reflexive progressive (present)
aux_1_ref_pro_fut,iteso,it.ˈes.o,auxiliary-form: 1st reflexive progressive (future)
aux_1_ref_cnt_pst,iteshe,it.ˈeʃ.e,auxiliary-form: 1st reflexive continuous (past)
aux_1_ref_cnt_prs,itesha,it.ˈeʃ.a,auxiliary-form: 1st reflexive continuous (present)
aux_1_ref_cnt_fut,itesho,it.ˈeʃ.o,auxiliary-form: 1st reflexive continuous (future)
aux_1_ref_itr_pst,itene,it.ˈen.e,auxiliary-form: 1st reflexive iterative (past)
aux_1_ref_itr_prs,itena,it.ˈen.a,auxiliary-form: 1st reflexive iterative (present)
aux_1_ref_itr_fut,iteno,it.ˈen.o,auxiliary-form: 1st reflexive iterative (future)
aux_1_ref_inc_pst,iteye,it.ˈej.e,auxiliary-form: 1st reflexive inceptive (past)
aux_1_ref_inc_prs,iteya,it.ˈej.a,auxiliary-form: 1st reflexive inceptive (present)
aux_1_ref_inc_fut,iteyo,it.ˈej.o,auxiliary-form: 1st reflexive inceptive (future)
aux_1_ref_ces_pst,itepe,it.ˈep.e,auxiliary-form: 1st reflexive cessative (past)
aux_1_ref_ces_prs,itepa,it.ˈep.a,auxiliary-form: 1st reflexive cessative (present)
aux_1_ref_ces_fut,itepo,it.ˈep.o,auxiliary-form: 1st reflexive cessative (future)
aux_1_ref_rem_pst,itehe,it.ˈeh.e,auxiliary-form: 1st reflexive remote (past)
aux_1_ref_rem_prs,iteha,it.ˈeh.a,auxiliary-form: 1st reflexive remote (present)
aux_1_ref_rem_fut,iteho,it.ˈeh.o,auxiliary-form: 1st reflexive remote (future)
aux_1_pas_sim_pst,ipafe,ip.ˈaf.e,auxiliary-form: 1st passive simple (past)
aux_1_pas_sim_prs,ipafa,ip.ˈaf.a,auxiliary-form: 1st passive simple (present)
aux_1_pas_sim_fut,ipafo,ip.ˈaf.o,auxiliary-form: 1st passive simple (future)
aux_1_pas_ipf_pst,ipathe,ip.ˈaθ.e,auxiliary-form: 1st passive imperfective (past)
aux_1_pas_ipf_prs,ipatha,ip.ˈaθ.a,auxiliary-form: 1st passive imperfective (present)
aux_1_pas_ipf_fut,ipatho,ip.ˈaθ.o,auxiliary-form: 1st passive imperfective (future)
aux_1_pas_prf_pst,ipalhe,ip.ˈaɬ.e,auxiliary-form: 1st passive perfect (past)
aux_1_pas_prf_prs,ipalha,ip.ˈaɬ.a,auxiliary-form: 1st passive perfect (present)
aux_1_pas_prf_fut,ipalho,ip.ˈaɬ.o,auxiliary-form: 1st passive perfect (future)
aux_1_pas_nea_pst,ipatle,ip.ˈaƛ.e,auxiliary-form: 1st passive near (past)
aux_1_pas_nea_prs,ipatla,ip.ˈaƛ.a,auxiliary-form: 1st passive near (present)
aux_1_pas_nea_fut,ipatlo,ip.ˈaƛ.o,auxiliary-form: 1st passive near (future)
aux_1_pas_imm_pst,ipake,ip.ˈak.e,auxiliary-form: 1st passive immediate (past)
aux_1_pas_imm_prs,ipaka,ip.ˈak.a,auxiliary-form: 1st passive immediate (present)
aux_1_pas_imm_fut,ipako,ip.ˈak.o,auxiliary-form: 1st passive immediate (future)
aux_1_pas_hab_pst,ipame,ip.ˈam.e,auxiliary-form: 1st passive habitual (past)
aux_1_pas_hab_prs,ipama,ip.ˈam.a,auxiliary-form: 1st passive habitual (present)
aux_1_pas_hab_fut,ipamo,ip.ˈam.o,auxiliary-form: 1st passive habitual (future)
aux_1_pas_pro_pst,ipase,ip.ˈas.e,auxiliary-form: 1st passive progressive (past)
aux_1_pas_pro_prs,ipasa,ip.ˈas.a,auxiliary-form: 1st passive progressive (present)
aux_1_pas_pro_fut,ipaso,ip.ˈas.o,auxiliary-form: 1st passive progressive (future)
aux_1_pas_cnt_pst,ipashe,ip.ˈaʃ.e,auxiliary-form: 1st passive continuous (past)
aux_1_pas_cnt_prs,ipasha,ip.ˈaʃ.a,auxiliary-form: 1st passive continuous (present)
aux_1_pas_cnt_fut,ipasho,ip.ˈaʃ.o,auxiliary-form: 1st passive continuous (future)
aux_1_pas_itr_pst,ipane,ip.ˈan.e,auxiliary-form: 1st passive iterative (past)
aux_1_pas_itr_prs,ipana,ip.ˈan.a,auxiliary-form: 1st passive iterative (present)
aux_1_pas_itr_fut,ipano,ip.ˈan.o,auxiliary-form: 1st passive iterative (future)
aux_1_pas_inc_pst,ipaye,ip.ˈaj.e,auxiliary-form: 1st passive inceptive (past)
aux_1_pas_inc_prs,ipaya,ip.ˈaj.a,auxiliary-form: 1st passive inceptive (present)
aux_1_pas_inc_fut,ipayo,ip.ˈaj.o,auxiliary-form: 1st passive inceptive (future)
aux_1_pas_ces_pst,ipape,ip.ˈap.e,auxiliary-form: 1st passive cessative (past)
aux_1_pas_ces_prs,ipapa,ip.ˈap.a,auxiliary-form: 1st passive cessative (present)
aux_1_pas_ces_fut,ipapo,ip.ˈap.o,auxiliary-form: 1st passive cessative (future)
aux_1_pas_rem_pst,ipahe,ip.ˈah.e,auxiliary-form: 1st passive remote (past)
aux_1_pas_rem_prs,ipaha,ip.ˈah.a,auxiliary-form: 1st passive remote (present)
aux_1_pas_rem_fut,ipaho,ip.ˈah.o,auxiliary-form: 1st passive remote (future)
aux_1_mid_sim_pst,imofe,im.ˈof.e,auxiliary-form: 1st middle simple (past)
aux_1_mid_sim_prs,imofa,im.ˈof.a,auxiliary-form: 1st middle simple (present)
aux_1_mid_sim_fut,imofo,im.ˈof.o,auxiliary-form: 1st middle simple (future)
aux_1_mid_ipf_pst,imothe,im.ˈoθ.e,auxiliary-form: 1st middle imperfective (past)
aux_1_mid_ipf_prs,imotha,im.ˈoθ.a,auxiliary-form: 1st middle imperfective (present)
aux_1_mid_ipf_fut,imotho,im.ˈoθ.o,auxiliary-form: 1st middle imperfective (future)
aux_1_mid_prf_pst,imolhe,im.ˈoɬ.e,auxiliary-form: 1st middle perfect (past)
aux_1_mid_prf_prs,imolha,im.ˈoɬ.a,auxiliary-form: 1st middle perfect (present)
aux_1_mid_prf_fut,imolho,im.ˈoɬ.o,auxiliary-form: 1st middle perfect (future)
aux_1_mid_nea_pst,imotle,im.ˈoƛ.e,auxiliary-form: 1st middle near (past)
aux_1_mid_nea_prs,imotla,im.ˈoƛ.a,auxiliary-form: 1st middle near (present)
aux_1_mid_nea_fut,imotlo,im.ˈoƛ.o,auxiliary-form: 1st middle near (future)
aux_1_mid_imm_pst,imoke,im.ˈok.e,auxiliary-form: 1st middle immediate (past)
aux_1_mid_imm_prs,imoka,im.ˈok.a,auxiliary-form: 1st middle immediate (present)
aux_1_mid_imm_fut,imoko,im.ˈok.o,auxiliary-form: 1st middle immediate (future)
aux_1_mid_hab_pst,imome,im.ˈom.e,auxiliary-form: 1st middle habitual (past)
aux_1_mid_hab_prs,imoma,im.ˈom.a,auxiliary-form: 1st middle habitual (present)
aux_1_mid_hab_fut,imomo,im.ˈom.o,auxiliary-form: 1st middle habitual (future)
aux_1_mid_pro_pst,imose,im.ˈos.e,auxiliary-form: 1st middle progressive (past)
aux_1_mid_pro_prs,imosa,im.ˈos.a,auxiliary-form: 1st middle progressive (present)
aux_1_mid_pro_fut,imoso,im.ˈos.o,auxiliary-form: 1st middle progressive (future)
aux_1_mid_cnt_pst,imoshe,im.ˈoʃ.e,auxiliary-form: 1st middle continuous (past)
aux_1_mid_cnt_prs,imosha,im.ˈoʃ.a,auxiliary-form: 1st middle continuous (present)
aux_1_mid_cnt_fut,imosho,im.ˈoʃ.o,auxiliary-form: 1st middle continuous (future)
aux_1_mid_itr_pst,imone,im.ˈon.e,auxiliary-form: 1st middle iterative (past)
aux_1_mid_itr_prs,imona,im.ˈon.a,auxiliary-form: 1st middle iterative (present)
aux_1_mid_itr_fut,imono,im.ˈon.o,auxiliary-form: 1st middle iterative (future)
aux_1_mid_inc_pst,imoye,im.ˈoj.e,auxiliary-form: 1st middle inceptive (past)
aux_1_mid_inc_prs,imoya,im.ˈoj.a,auxiliary-form: 1st middle inceptive (present)
aux_1_mid_inc_fut,imoyo,im.ˈoj.o,auxiliary-form: 1st middle inceptive (future)
aux_1_mid_ces_pst,imope,im.ˈop.e,auxiliary-form: 1st middle cessative (past)
aux_1_mid_ces_prs,imopa,im.ˈop.a,auxiliary-form: 1st middle cessative (present)
aux_1_mid_ces_fut,imopo,im.ˈop.o,auxiliary-form: 1st middle cessative (future)
aux_1_mid_rem_pst,imohe,im.ˈoh.e,auxiliary-form: 1st middle remote (past)
aux_1_mid_rem_prs,imoha,im.ˈoh.a,auxiliary-form: 1st middle remote (present)
aux_1_mid_rem_fut,imoho,im.ˈoh.o,auxiliary-form: 1st middle remote (future)
aux_1_cau_sim_pst,ikefe,ik.ˈef.e,auxiliary-form: 1st causative simple (past)
aux_1_cau_sim_prs,ikefa,ik.ˈef.a,auxiliary-form: 1st causative simple (present)
aux_1_cau_sim_fut,ikefo,ik.ˈef.o,auxiliary-form: 1st causative simple (future)
aux_1_cau_ipf_pst,ikethe,ik.ˈeθ.e,auxiliary-form: 1st causative imperfective (past)
aux_1_cau_ipf_prs,iketha,ik.ˈeθ.a,auxiliary-form: 1st causative imperfective (present)
aux_1_cau_ipf_fut,iketho,ik.ˈeθ.o,auxiliary-form: 1st causative imperfective (future)
aux_1_cau_prf_pst,ikelhe,ik.ˈeɬ.e,auxiliary-form: 1st causative perfect (past)
aux_1_cau_prf_prs,ikelha,ik.ˈeɬ.a,auxiliary-form: 1st causative perfect (present)
aux_1_cau_prf_fut,ikelho,ik.ˈeɬ.o,auxiliary-form: 1st causative perfect (future)
aux_1_cau_nea_pst,iketle,ik.ˈeƛ.e,auxiliary-form: 1st causative near (past)
aux_1_cau_nea_prs,iketla,ik.ˈeƛ.a,auxiliary-form: 1st causative near (present)
aux_1_cau_nea_fut,iketlo,ik.ˈeƛ.o,auxiliary-form: 1st causative near (future)
aux_1_cau_imm_pst,ikeke,ik.ˈek.e,auxiliary-form: 1st causative immediate (past)
aux_1_cau_imm_prs,ikeka,ik.ˈek.a,auxiliary-form: 1st causative immediate (present)
aux_1_cau_imm_fut,ikeko,ik.ˈek.o,auxiliary-form: 1st causative immediate (future)
aux_1_cau_hab_pst,ikeme,ik.ˈem.e,auxiliary-form: 1st causative habitual (past)
aux_1_cau_hab_prs,ikema,ik.ˈem.a,auxiliary-form: 1st causative habitual (present)
aux_1_cau_hab_fut,ikemo,ik.ˈem.o,auxiliary-form: 1st causative habitual (future)
aux_1_cau_pro_pst,ikese,ik.ˈes.e,auxiliary-form: 1st causative progressive (past)
aux_1_cau_pro_prs,ikesa,ik.ˈes.a,auxiliary-form: 1st causative progressive (present)
aux_1_cau_pro_fut,ikeso,ik.ˈes.o,auxiliary-form: 1st causative progressive (future)
aux_1_cau_cnt_pst,ikeshe,ik.ˈeʃ.e,auxiliary-form: 1st causative continuous (past)
aux_1_cau_cnt_prs,ikesha,ik.ˈeʃ.a,auxiliary-form: 1st causative continuous (present)
aux_1_cau_cnt_fut,ikesho,ik.ˈeʃ.o,auxiliary-form: 1st causative continuous (future)
aux_1_cau_itr_pst,ikene,ik.ˈen.e,auxiliary-form: 1st causative iterative (past)
aux_1_cau_itr_prs,ikena,ik.ˈen.a,auxiliary-form: 1st causative iterative (present)
aux_1_cau_itr_fut,ikeno,ik.ˈen.o,auxiliary-form: 1st causative iterative (future)
aux_1_cau_inc_pst,ikeye,ik.ˈej.e,auxiliary-form: 1st causative inceptive (past)
aux_1_cau_inc_prs,ikeya,ik.ˈej.a,auxiliary-form: 1st causative inceptive (present)
aux_1_cau_inc_fut,ikeyo,ik.ˈej.o,auxiliary-form: 1st causative inceptive (future)
aux_1_cau_ces_pst,ikepe,ik.ˈep.e,auxiliary-form: 1st causative cessative (past)
aux_1_cau_ces_prs,ikepa,ik.ˈep.a,auxiliary-form: 1st causative cessative (present)
aux_1_cau_ces_fut,ikepo,ik.ˈep.o,auxiliary-form: 1st causative cessative (future)
aux_1_cau_rem_pst,ikehe,ik.ˈeh.e,auxiliary-form: 1st causative remote (past)
aux_1_cau_rem_prs,ikeha,ik.ˈeh.a,auxiliary-form: 1st causative remote (present)
aux_1_cau_rem_fut,ikeho,ik.ˈeh.o,auxiliary-form: 1st causative remote (future)
aux_1_rec_sim_pst,irafe,ir.ˈaf.e,auxiliary-form: 1st reciprocal simple (past)
aux_1_rec_sim_prs,irafa,ir.ˈaf.a,auxiliary-form: 1st reciprocal simple (present)
aux_1_rec_sim_fut,irafo,ir.ˈaf.o,auxiliary-form: 1st reciprocal simple (future)
aux_1_rec_ipf_pst,irathe,ir.ˈaθ.e,auxiliary-form: 1st reciprocal imperfective (past)
aux_1_rec_ipf_prs,iratha,ir.ˈaθ.a,auxiliary-form: 1st reciprocal imperfective (present)
aux_1_rec_ipf_fut,iratho,ir.ˈaθ.o,auxiliary-form: 1st reciprocal imperfective (future)
aux_1_rec_prf_pst,iralhe,ir.ˈaɬ.e,auxiliary-form: 1st reciprocal perfect (past)
aux_1_rec_prf_prs,iralha,ir.ˈaɬ.a,auxiliary-form: 1st reciprocal perfect (present)
aux_1_rec_prf_fut,iralho,ir.ˈaɬ.o,auxiliary-form: 1st reciprocal perfect (future)
aux_1_rec_nea_pst,iratle,ir.ˈaƛ.e,auxiliary-form: 1st reciprocal near (past)
aux_1_rec_nea_prs,iratla,ir.ˈaƛ.a,auxiliary-form: 1st reciprocal near (present)
aux_1_rec_nea_fut,iratlo,ir.ˈaƛ.o,auxiliary-form: 1st reciprocal near (future)
aux_1_rec_imm_pst,irake,ir.ˈak.e,auxiliary-form: 1st reciprocal immediate (past)
aux_1_rec_imm_prs,iraka,ir.ˈak.a,auxiliary-form: 1st reciprocal immediate (present)
aux_1_rec_imm_fut,irako,ir.ˈak.o,auxiliary-form: 1st reciprocal immediate (future)
aux_1_rec_hab_pst,irame,ir.ˈam.e,auxiliary-form: 1st reciprocal habitual (past)
aux_1_rec_hab_prs,irama,ir.ˈam.a,auxiliary-form: 1st reciprocal habitual (present)
aux_1_rec_hab_fut,iramo,ir.ˈam.o,auxiliary-form: 1st reciprocal habitual (future)
aux_1_rec_pro_pst,irase,ir.ˈas.e,auxiliary-form: 1st reciprocal progressive (past)
aux_1_rec_pro_prs,irasa,ir.ˈas.a,auxiliary-form: 1st reciprocal progressive (present)
aux_1_rec_pro_fut,iraso,ir.ˈas.o,auxiliary-form: 1st reciprocal progressive (future)
aux_1_rec_cnt_pst,irashe,ir.ˈaʃ.e,auxiliary-form: 1st reciprocal continuous (past)
aux_1_rec_cnt_prs,irasha,ir.ˈaʃ.a,auxiliary-form: 1st reciprocal continuous (present)
aux_1_rec_cnt_fut,irasho,ir.ˈaʃ.o,auxiliary-form: 1st reciprocal continuous (future)
aux_1_rec_itr_pst,irane,ir.ˈan.e,auxiliary-form: 1st reciprocal iterative (past)
aux_1_rec_itr_prs,irana,ir.ˈan.a,auxiliary-form: 1st reciprocal iterative (present)
aux_1_rec_itr_fut,irano,ir.ˈan.o,auxiliary-form: 1st reciprocal iterative (future)
aux_1_rec_inc_pst,iraye,ir.ˈaj.e,auxiliary-form: 1st reciprocal inceptive (past)
aux_1_rec_inc_prs,iraya,ir.ˈaj.a,auxiliary-form: 1st reciprocal inceptive (present)
aux_1_rec_inc_fut,irayo,ir.ˈaj.o,auxiliary-form: 1st reciprocal inceptive (future)
aux_1_rec_ces_pst,irape,ir.ˈap.e,auxiliary-form: 1st reciprocal cessative (past)
aux_1_rec_ces_prs,irapa,ir.ˈap.a,auxiliary-form: 1st reciprocal cessative (present)
aux_1_rec_ces_fut,irapo,ir.ˈap.o,auxiliary-form: 1st reciprocal cessative (future)
aux_1_rec_rem_pst,irahe,ir.ˈah.e,auxiliary-form: 1st reciprocal remote (past)
aux_1_rec_rem_prs,iraha,ir.ˈah.a,auxiliary-form: 1st reciprocal remote (present)
aux_1_rec_rem_fut,iraho,ir.ˈah.o,auxiliary-form: 1st reciprocal remote (future)
aux_1_sbj_sim_pst,iwife,iw.ˈif.e,auxiliary-form: 1st subjunctive simple (past)
aux_1_sbj_sim_prs,iwifa,iw.ˈif.a,auxiliary-form: 1st subjunctive simple (present)
aux_1_sbj_sim_fut,iwifo,iw.ˈif.o,auxiliary-form: 1st subjunctive simple (future)
aux_1_sbj_ipf_pst,iwithe,iw.ˈiθ.e,auxiliary-form: 1st subjunctive imperfective (past)
aux_1_sbj_ipf_prs,iwitha,iw.ˈiθ.a,auxiliary-form: 1st subjunctive imperfective (present)
aux_1_sbj_ipf_fut,iwitho,iw.ˈiθ.o,auxiliary-form: 1st subjunctive imperfective (future)
aux_1_sbj_prf_pst,iwilhe,iw.ˈiɬ.e,auxiliary-form: 1st subjunctive perfect (past)
aux_1_sbj_prf_prs,iwilha,iw.ˈiɬ.a,auxiliary-form: 1st subjunctive perfect (present)
aux_1_sbj_prf_fut,iwilho,iw.ˈiɬ.o,auxiliary-form: 1st subjunctive perfect (future)
aux_1_sbj_nea_pst,iwitle,iw.ˈiƛ.e,auxiliary-form: 1st subjunctive near (past)
aux_1_sbj_nea_prs,iwitla,iw.ˈiƛ.a,auxiliary-form: 1st subjunctive near (present)
aux_1_sbj_nea_fut,iwitlo,iw.ˈiƛ.o,auxiliary-form: 1st subjunctive near (future)
aux_1_sbj_imm_pst,iwike,iw.ˈik.e,auxiliary-form: 1st subjunctive immediate (past)
aux_1_sbj_imm_prs,iwika,iw.ˈik.a,auxiliary-form: 1st subjunctive immediate (present)
aux_1_sbj_imm_fut,iwiko,iw.ˈik.o,auxiliary-form: 1st subjunctive immediate (future)
aux_1_sbj_hab_pst,iwime,iw.ˈim.e,auxiliary-form: 1st subjunctive habitual (past)
aux_1_sbj_hab_prs,iwima,iw.ˈim.a,auxiliary-form: 1st subjunctive habitual (present)
aux_1_sbj_hab_fut,iwimo,iw.ˈim.o,auxiliary-form: 1st subjunctive habitual (future)
aux_1_sbj_pro_pst,iwise,iw.ˈis.e,auxiliary-form: 1st subjunctive progressive (past)
aux_1_sbj_pro_prs,iwisa,iw.ˈis.a,auxiliary-form: 1st subjunctive progressive (present)
aux_1_sbj_pro_fut,iwiso,iw.ˈis.o,auxiliary-form: 1st subjunctive progressive (future)
aux_1_sbj_cnt_pst,iwishe,iw.ˈiʃ.e,auxiliary-form: 1st subjunctive continuous (past)
aux_1_sbj_cnt_prs,iwisha,iw.ˈiʃ.a,auxiliary-form: 1st subjunctive continuous (present)
aux_1_sbj_cnt_fut,iwisho,iw.ˈiʃ.o,auxiliary-form: 1st subjunctive continuous (future)
aux_1_sbj_itr_pst,iwine,iw.ˈin.e,auxiliary-form: 1st subjunctive iterative (past)
aux_1_sbj_itr_prs,iwina,iw.ˈin.a,auxiliary-form: 1st subjunctive iterative (present)
aux_1_sbj_itr_fut,iwino,iw.ˈin.o,auxiliary-form: 1st subjunctive iterative (future)
aux_1_sbj_inc_pst,iwiye,iw.ˈij.e,auxiliary-form: 1st subjunctive inceptive (past)
aux_1_sbj_inc_prs,iwiya,iw.ˈij.a,auxiliary-form: 1st subjunctive inceptive (present)
aux_1_sbj_inc_fut,iwiyo,iw.ˈij.o,auxiliary-form: 1st subjunctive inceptive (future)
aux_1_sbj_ces_pst,iwipe,iw.ˈip.e,auxiliary-form: 1st subjunctive cessative (past)
aux_1_sbj_ces_prs,iwipa,iw.ˈip.a,auxiliary-form: 1st subjunctive cessative (present)
aux_1_sbj_ces_fut,iwipo,iw.ˈip.o,auxiliary-form: 1st subjunctive cessative (future)
aux_1_sbj_rem_pst,iwihe,iw.ˈih.e,auxiliary-form: 1st subjunctive remote (past)
aux_1_sbj_rem_prs,iwiha,iw.ˈih.a,auxiliary-form: 1st subjunctive remote (present)
aux_1_sbj_rem_fut,iwiho,iw.ˈih.o,auxiliary-form: 1st subjunctive remote (future)
aux_1_sbj_ref_sim_pst,iwitefe,iw.it.ˈef.e,auxiliary-form: 1st subjunctive reflexive simple (past)
aux_1_sbj_ref_sim_prs,iwitefa,iw.it.ˈef.a,auxiliary-form: 1st subjunctive reflexive simple (present)
aux_1_sbj_ref_sim_fut,iwitefo,iw.it.ˈef.o,auxiliary-form: 1st subjunctive reflexive simple (future)
aux_1_sbj_ref_ipf_pst,iwitethe,iw.it.ˈeθ.e,auxiliary-form: 1st subjunctive reflexive imperfective (past)
aux_1_sbj_ref_ipf_prs,iwitetha,iw.it.ˈeθ.a,auxiliary-form: 1st subjunctive reflexive imperfective (present)
aux_1_sbj_ref_ipf_fut,iwitetho,iw.it.ˈeθ.o,auxiliary-form: 1st subjunctive reflexive imperfective (future)
aux_1_sbj_ref_prf_pst,iwitelhe,iw.it.ˈeɬ.e,auxiliary-form: 1st subjunctive reflexive perfect (past)
aux_1_sbj_ref_prf_prs,iwitelha,iw.it.ˈeɬ.a,auxiliary-form: 1st subjunctive reflexive perfect (present)
aux_1_sbj_ref_prf_fut,iwitelho,iw.it.ˈeɬ.o,auxiliary-form: 1st subjunctive reflexive perfect (future)
aux_1_sbj_ref_nea_pst,iwitetle,iw.it.ˈeƛ.e,auxiliary-form: 1st subjunctive reflexive near (past)
aux_1_sbj_ref_nea_prs,iwitetla,iw.it.ˈeƛ.a,auxiliary-form: 1st subjunctive reflexive near (present)
aux_1_sbj_ref_nea_fut,iwitetlo,iw.it.ˈeƛ.o,auxiliary-form: 1st subjunctive reflexive near (future)
aux_1_sbj_ref_imm_pst,iwiteke,iw.it.ˈek.e,auxiliary-form: 1st subjunctive reflexive immediate (past)
aux_1_sbj_ref_imm_prs,iwiteka,iw.it.ˈek.a,auxiliary-form: 1st subjunctive reflexive immediate (present)
aux_1_sbj_ref_imm_fut,iwiteko,iw.it.ˈek.o,auxiliary-form: 1st subjunctive reflexive immediate (future)
aux_1_sbj_ref_hab_pst,iwiteme,iw.it.ˈem.e,auxiliary-form: 1st subjunctive reflexive habitual (past)
aux_1_sbj_ref_hab_prs,iwitema,iw.it.ˈem.a,auxiliary-form: 1st subjunctive reflexive habitual (present)
aux_1_sbj_ref_hab_fut,iwitemo,iw.it.ˈem.o,auxiliary-form: 1st subjunctive reflexive habitual (future)
aux_1_sbj_ref_pro_pst,iwitese,iw.it.ˈes.e,auxiliary-form: 1st subjunctive reflexive progressive (past)
aux_1_sbj_ref_pro_prs,iwitesa,iw.it.ˈes.a,auxiliary-form: 1st subjunctive reflexive progressive (present)
aux_1_sbj_ref_pro_fut,iwiteso,iw.it.ˈes.o,auxiliary-form: 1st subjunctive reflexive progressive (future)
aux_1_sbj_ref_cnt_pst,iwiteshe,iw.it.ˈeʃ.e,auxiliary-form: 1st subjunctive reflexive continuous (past)
aux_1_sbj_ref_cnt_prs,iwitesha,iw.it.ˈeʃ.a,auxiliary-form: 1st subjunctive reflexive continuous (present)
aux_1_sbj_ref_cnt_fut,iwitesho,iw.it.ˈeʃ.o,auxiliary-form: 1st subjunctive reflexive continuous (future)
aux_1_sbj_ref_itr_pst,iwitene,iw.it.ˈen.e,auxiliary-form: 1st subjunctive reflexive iterative (past)
aux_1_sbj_ref_itr_prs,iwitena,iw.it.ˈen.a,auxiliary-form: 1st subjunctive reflexive iterative (present)
aux_1_sbj_ref_itr_fut,iwiteno,iw.it.ˈen.o,auxiliary-form: 1st subjunctive reflexive iterative (future)
aux_1_sbj_ref_inc_pst,iwiteye,iw.it.ˈej.e,auxiliary-form: 1st subjunctive reflexive inceptive (past)
aux_1_sbj_ref_inc_prs,iwiteya,iw.it.ˈej.a,auxiliary-form: 1st subjunctive reflexive inceptive (present)
aux_1_sbj_ref_inc_fut,iwiteyo,iw.it.ˈej.o,auxiliary-form: 1st subjunctive reflexive inceptive (future)
aux_1_sbj_ref_ces_pst,iwitepe,iw.it.ˈep.e,auxiliary-form: 1st subjunctive reflexive cessative (past)
aux_1_sbj_ref_ces_prs,iwitepa,iw.it.ˈep.a,auxiliary-form: 1st subjunctive reflexive cessative (present)
aux_1_sbj_ref_ces_fut,iwitepo,iw.it.ˈep.o,auxiliary-form: 1st subjunctive reflexive cessative (future)
aux_1_sbj_ref_rem_pst,iwitehe,iw.it.ˈeh.e,auxiliary-form: 1st subjunctive reflexive remote (past)
aux_1_sbj_ref_rem_prs,iwiteha,iw.it.ˈeh.a,auxiliary-form: 1st subjunctive reflexive remote (present)
aux_1_sbj_ref_rem_fut,iwiteho,iw.it.ˈeh.o,auxiliary-form: 1st subjunctive reflexive remote (future)
aux_1_sbj_pas_sim_pst,iwipafe,iw.ip.ˈaf.e,auxiliary-form: 1st subjunctive passive simple (past)
aux_1_sbj_pas_sim_prs,iwipafa,iw.ip.ˈaf.a,auxiliary-form: 1st subjunctive passive simple (present)
aux_1_sbj_pas_sim_fut,iwipafo,iw.ip.ˈaf.o,auxiliary-form: 1st subjunctive passive simple (future)
aux_1_sbj_pas_ipf_pst,iwipathe,iw.ip.ˈaθ.e,auxiliary-form: 1st subjunctive passive imperfective (past)
aux_1_sbj_pas_ipf_prs,iwipatha,iw.ip.ˈaθ.a,auxiliary-form: 1st subjunctive passive imperfective (present)
aux_1_sbj_pas_ipf_fut,iwipatho,iw.ip.ˈaθ.o,auxiliary-form: 1st subjunctive passive imperfective (future)
aux_1_sbj_pas_prf_pst,iwipalhe,iw.ip.ˈaɬ.e,auxiliary-form: 1st subjunctive passive perfect (past)
aux_1_sbj_pas_prf_prs,iwipalha,iw.ip.ˈaɬ.a,auxiliary-form: 1st subjunctive passive perfect (present)
aux_1_sbj_pas_prf_fut,iwipalho,iw.ip.ˈaɬ.o,auxiliary-form: 1st subjunctive passive perfect (future)
aux_1_sbj_pas_nea_pst,iwipatle,iw.ip.ˈaƛ.e,auxiliary-form: 1st subjunctive passive near (past)
aux_1_sbj_pas_nea_prs,iwipatla,iw.ip.ˈaƛ.a,auxiliary-form: 1st subjunctive passive near (present)
aux_1_sbj_pas_nea_fut,iwipatlo,iw.ip.ˈaƛ.o,auxiliary-form: 1st subjunctive passive near (future)
aux_1_sbj_pas_imm_pst,iwipake,iw.ip.ˈak.e,auxiliary-form: 1st subjunctive passive immediate (past)
aux_1_sbj_pas_imm_prs,iwipaka,iw.ip.ˈak.a,auxiliary-form: 1st subjunctive passive immediate (present)
aux_1_sbj_pas_imm_fut,iwipako,iw.ip.ˈak.o,auxiliary-form: 1st subjunctive passive immediate (future)
aux_1_sbj_pas_hab_pst,iwipame,iw.ip.ˈam.e,auxiliary-form: 1st subjunctive passive habitual (past)
aux_1_sbj_pas_hab_prs,iwipama,iw.ip.ˈam.a,auxiliary-form: 1st subjunctive passive habitual (present)
aux_1_sbj_pas_hab_fut,iwipamo,iw.ip.ˈam.o,auxiliary-form: 1st subjunctive passive habitual (future)
aux_1_sbj_pas_pro_pst,iwipase,iw.ip.ˈas.e,auxiliary-form: 1st subjunctive passive progressive (past)
aux_1_sbj_pas_pro_prs,iwipasa,iw.ip.ˈas.a,auxiliary-form: 1st subjunctive passive progressive (present)
aux_1_sbj_pas_pro_fut,iwipaso,iw.ip.ˈas.o,auxiliary-form: 1st subjunctive passive progressive (future)
aux_1_sbj_pas_cnt_pst,iwipashe,iw.ip.ˈaʃ.e,auxiliary-form: 1st subjunctive passive continuous (past)
aux_1_sbj_pas_cnt_prs,iwipasha,iw.ip.ˈaʃ.a,auxiliary-form: 1st subjunctive passive continuous (present)
aux_1_sbj_pas_cnt_fut,iwipasho,iw.ip.ˈaʃ.o,auxiliary-form: 1st subjunctive passive continuous (future)
aux_1_sbj_pas_itr_pst,iwipane,iw.ip.ˈan.e,auxiliary-form: 1st subjunctive passive iterative (past)
aux_1_sbj_pas_itr_prs,iwipana,iw.ip.ˈan.a,auxiliary-form: 1st subjunctive passive iterative (present)
aux_1_sbj_pas_itr_fut,iwipano,iw.ip.ˈan.o,auxiliary-form: 1st subjunctive passive iterative (future)
aux_1_sbj_pas_inc_pst,iwipaye,iw.ip.ˈaj.e,auxiliary-form: 1st subjunctive passive inceptive (past)
aux_1_sbj_pas_inc_prs,iwipaya,iw.ip.ˈaj.a,auxiliary-form: 1st subjunctive passive inceptive (present)
aux_1_sbj_pas_inc_fut,iwipayo,iw.ip.ˈaj.o,auxiliary-form: 1st subjunctive passive inceptive (future)
aux_1_sbj_pas_ces_pst,iwipape,iw.ip.ˈap.e,auxiliary-form: 1st subjunctive passive cessative (past)
aux_1_sbj_pas_ces_prs,iwipapa,iw.ip.ˈap.a,auxiliary-form: 1st subjunctive passive cessative (present)
aux_1_sbj_pas_ces_fut,iwipapo,iw.ip.ˈap.o,auxiliary-form: 1st subjunctive passive cessative (future)
aux_1_sbj_pas_rem_pst,iwipahe,iw.ip.ˈah.e,auxiliary-form: 1st subjunctive passive remote (past)
aux_1_sbj_pas_rem_prs,iwipaha,iw.ip.ˈah.a,auxiliary-form: 1st subjunctive passive remote (present)
aux_1_sbj_pas_rem_fut,iwipaho,iw.ip.ˈah.o,auxiliary-form: 1st subjunctive passive remote (future)
aux_1_sbj_mid_sim_pst,iwimofe,iw.im.ˈof.e,auxiliary-form: 1st subjunctive middle simple (past)
aux_1_sbj_mid_sim_prs,iwimofa,iw.im.ˈof.a,auxiliary-form: 1st subjunctive middle simple (present)
aux_1_sbj_mid_sim_fut,iwimofo,iw.im.ˈof.o,auxiliary-form: 1st subjunctive middle simple (future)
aux_1_sbj_mid_ipf_pst,iwimothe,iw.im.ˈoθ.e,auxiliary-form: 1st subjunctive middle imperfective (past)
aux_1_sbj_mid_ipf_prs,iwimotha,iw.im.ˈoθ.a,auxiliary-form: 1st subjunctive middle imperfective (present)
aux_1_sbj_mid_ipf_fut,iwimotho,iw.im.ˈoθ.o,auxiliary-form: 1st subjunctive middle imperfective (future)
aux_1_sbj_mid_prf_pst,iwimolhe,iw.im.ˈoɬ.e,auxiliary-form: 1st subjunctive middle perfect (past)
aux_1_sbj_mid_prf_prs,iwimolha,iw.im.ˈoɬ.a,auxiliary-form: 1st subjunctive middle perfect (present)
aux_1_sbj_mid_prf_fut,iwimolho,iw.im.ˈoɬ.o,auxiliary-form: 1st subjunctive middle perfect (future)
aux_1_sbj_mid_nea_pst,iwimotle,iw.im.ˈoƛ.e,auxiliary-form: 1st subjunctive middle near (past)
aux_1_sbj_mid_nea_prs,iwimotla,iw.im.ˈoƛ.a,auxiliary-form: 1st subjunctive middle near (present)
aux_1_sbj_mid_nea_fut,iwimotlo,iw.im.ˈoƛ.o,auxiliary-form: 1st subjunctive middle near (future)
aux_1_sbj_mid_imm_pst,iwimoke,iw.im.ˈok.e,auxiliary-form: 1st subjunctive middle immediate (past)
aux_1_sbj_mid_imm_prs,iwimoka,iw.im.ˈok.a,auxiliary-form: 1st subjunctive middle immediate (present)
aux_1_sbj_mid_imm_fut,iwimoko,iw.im.ˈok.o,auxiliary-form: 1st subjunctive middle immediate (future)
aux_1_sbj_mid_hab_pst,iwimome,iw.im.ˈom.e,auxiliary-form: 1st subjunctive middle habitual (past)
aux_1_sbj_mid_hab_prs,iwimoma,iw.im.ˈom.a,auxiliary-form: 1st subjunctive middle habitual (present)
aux_1_sbj_mid_hab_fut,iwimomo,iw.im.ˈom.o,auxiliary-form: 1st subjunctive middle habitual (future)
aux_1_sbj_mid_pro_pst,iwimose,iw.im.ˈos.e,auxiliary-form: 1st subjunctive middle progressive (past)
aux_1_sbj_mid_pro_prs,iwimosa,iw.im.ˈos.a,auxiliary-form: 1st subjunctive middle progressive (present)
aux_1_sbj_mid_pro_fut,iwimoso,iw.im.ˈos.o,auxiliary-form: 1st subjunctive middle progressive (future)
aux_1_sbj_mid_cnt_pst,iwimoshe,iw.im.ˈoʃ.e,auxiliary-form: 1st subjunctive middle continuous (past)
aux_1_sbj_mid_cnt_prs,iwimosha,iw.im.ˈoʃ.a,auxiliary-form: 1st subjunctive middle continuous (present)
aux_1_sbj_mid_cnt_fut,iwimosho,iw.im.ˈoʃ.o,auxiliary-form: 1st subjunctive middle continuous (future)
aux_1_sbj_mid_itr_pst,iwimone,iw.im.ˈon.e,auxiliary-form: 1st subjunctive middle iterative (past)
aux_1_sbj_mid_itr_prs,iwimona,iw.im.ˈon.a,auxiliary-form: 1st subjunctive middle iterative (present)
aux_1_sbj_mid_itr_fut,iwimono,iw.im.ˈon.o,auxiliary-form: 1st subjunctive middle iterative (future)
aux_1_sbj_mid_inc_pst,iwimoye,iw.im.ˈoj.e,auxiliary-form: 1st subjunctive middle inceptive (past)
aux_1_sbj_mid_inc_prs,iwimoya,iw.im.ˈoj.a,auxiliary-form: 1st subjunctive middle inceptive (present)
aux_1_sbj_mid_inc_fut,iwimoyo,iw.im.ˈoj.o,auxiliary-form: 1st subjunctive middle inceptive (future)
aux_1_sbj_mid_ces_pst,iwimope,iw.im.ˈop.e,auxiliary-form: 1st subjunctive middle cessative (past)
aux_1_sbj_mid_ces_prs,iwimopa,iw.im.ˈop.a,auxiliary-form: 1st subjunctive middle cessative (present)
aux_1_sbj_mid_ces_fut,iwimopo,iw.im.ˈop.o,auxiliary-form: 1st subjunctive middle cessative (future)
aux_1_sbj_mid_rem_pst,iwimohe,iw.im.ˈoh.e,auxiliary-form: 1st subjunctive middle remote (past)
aux_1_sbj_mid_rem_prs,iwimoha,iw.im.ˈoh.a,auxiliary-form: 1st subjunctive middle remote (present)
aux_1_sbj_mid_rem_fut,iwimoho,iw.im.ˈoh.o,auxiliary-form: 1st subjunctive middle remote (future)
aux_1_sbj_cau_sim_pst,iwikefe,iw.ik.ˈef.e,auxiliary-form: 1st subjunctive causative simple (past)
aux_1_sbj_cau_sim_prs,iwikefa,iw.ik.ˈef.a,auxiliary-form: 1st subjunctive causative simple (present)
aux_1_sbj_cau_sim_fut,iwikefo,iw.ik.ˈef.o,auxiliary-form: 1st subjunctive causative simple (future)
aux_1_sbj_cau_ipf_pst,iwikethe,iw.ik.ˈeθ.e,auxiliary-form: 1st subjunctive causative imperfective (past)
aux_1_sbj_cau_ipf_prs,iwiketha,iw.ik.ˈeθ.a,auxiliary-form: 1st subjunctive causative imperfective (present)
aux_1_sbj_cau_ipf_fut,iwiketho,iw.ik.ˈeθ.o,auxiliary-form: 1st subjunctive causative imperfective (future)
aux_1_sbj_cau_prf_pst,iwikelhe,iw.ik.ˈeɬ.e,auxiliary-form: 1st subjunctive causative perfect (past)
aux_1_sbj_cau_prf_prs,iwikelha,iw.ik.ˈeɬ.a,auxiliary-form: 1st subjunctive causative perfect (present)
aux_1_sbj_cau_prf_fut,iwikelho,iw.ik.ˈeɬ.o,auxiliary-form: 1st subjunctive causative perfect (future)
aux_1_sbj_cau_nea_pst,iwiketle,iw.ik.ˈeƛ.e,auxiliary-form: 1st subjunctive causative near (past)
aux_1_sbj_cau_nea_prs,iwiketla,iw.ik.ˈeƛ.a,auxiliary-form: 1st subjunctive causative near (present)
aux_1_sbj_cau_nea_fut,iwiketlo,iw.ik.ˈeƛ.o,auxiliary-form: 1st subjunctive causative near (future)
aux_1_sbj_cau_imm_pst,iwikeke,iw.ik.ˈek.e,auxiliary-form: 1st subjunctive causative immediate (past)
aux_1_sbj_cau_imm_prs,iwikeka,iw.ik.ˈek.a,auxiliary-form: 1st subjunctive causative immediate (present)
aux_1_sbj_cau_imm_fut,iwikeko,iw.ik.ˈek.o,auxiliary-form: 1st subjunctive causative immediate (future)
aux_1_sbj_cau_hab_pst,iwikeme,iw.ik.ˈem.e,auxiliary-form: 1st subjunctive causative habitual (past)
aux_1_sbj_cau_hab_prs,iwikema,iw.ik.ˈem.a,auxiliary-form: 1st subjunctive causative habitual (present)
aux_1_sbj_cau_hab_fut,iwikemo,iw.ik.ˈem.o,auxiliary-form: 1st subjunctive causative habitual (future)
aux_1_sbj_cau_pro_pst,iwikese,iw.ik.ˈes.e,auxiliary-form: 1st subjunctive causative progressive (past)
aux_1_sbj_cau_pro_prs,iwikesa,iw.ik.ˈes.a,auxiliary-form: 1st subjunctive causative progressive (present)
aux_1_sbj_cau_pro_fut,iwikeso,iw.ik.ˈes.o,auxiliary-form: 1st subjunctive causative progressive (future)
aux_1_sbj_cau_cnt_pst,iwikeshe,iw.ik.ˈeʃ.e,auxiliary-form: 1st subjunctive causative continuous (past)
aux_1_sbj_cau_cnt_prs,iwikesha,iw.ik.ˈeʃ.a,auxiliary-form: 1st subjunctive causative continuous (present)
aux_1_sbj_cau_cnt_fut,iwikesho,iw.ik.ˈeʃ.o,auxiliary-form: 1st subjunctive causative continuous (future)
aux_1_sbj_cau_itr_pst,iwikene,iw.ik.ˈen.e,auxiliary-form: 1st subjunctive causative iterative (past)
aux_1_sbj_cau_itr_prs,iwikena,iw.ik.ˈen.a,auxiliary-form: 1st subjunctive causative iterative (present)
aux_1_sbj_cau_itr_fut,iwikeno,iw.ik.ˈen.o,auxiliary-form: 1st subjunctive causative iterative (future)
aux_1_sbj_cau_inc_pst,iwikeye,iw.ik.ˈej.e,auxiliary-form: 1st subjunctive causative inceptive (past)
aux_1_sbj_cau_inc_prs,iwikeya,iw.ik.ˈej.a,auxiliary-form: 1st subjunctive causative inceptive (present)
aux_1_sbj_cau_inc_fut,iwikeyo,iw.ik.ˈej.o,auxiliary-form: 1st subjunctive causative inceptive (future)
aux_1_sbj_cau_ces_pst,iwikepe,iw.ik.ˈep.e,auxiliary-form: 1st subjunctive causative cessative (past)
aux_1_sbj_cau_ces_prs,iwikepa,iw.ik.ˈep.a,auxiliary-form: 1st subjunctive causative cessative (present)
aux_1_sbj_cau_ces_fut,iwikepo,iw.ik.ˈep.o,auxiliary-form: 1st subjunctive causative cessative (future)
aux_1_sbj_cau_rem_pst,iwikehe,iw.ik.ˈeh.e,auxiliary-form: 1st subjunctive causative remote (past)
aux_1_sbj_cau_rem_prs,iwikeha,iw.ik.ˈeh.a,auxiliary-form: 1st subjunctive causative remote (present)
aux_1_sbj_cau_rem_fut,iwikeho,iw.ik.ˈeh.o,auxiliary-form: 1st subjunctive causative remote (future)
aux_1_sbj_rec_sim_pst,iwirafe,iw.ir.ˈaf.e,auxiliary-form: 1st subjunctive reciprocal simple (past)
aux_1_sbj_rec_sim_prs,iwirafa,iw.ir.ˈaf.a,auxiliary-form: 1st subjunctive reciprocal simple (present)
aux_1_sbj_rec_sim_fut,iwirafo,iw.ir.ˈaf.o,auxiliary-form: 1st subjunctive reciprocal simple (future)
aux_1_sbj_rec_ipf_pst,iwirathe,iw.ir.ˈaθ.e,auxiliary-form: 1st subjunctive reciprocal imperfective (past)
aux_1_sbj_rec_ipf_prs,iwiratha,iw.ir.ˈaθ.a,auxiliary-form: 1st subjunctive reciprocal imperfective (present)
aux_1_sbj_rec_ipf_fut,iwiratho,iw.ir.ˈaθ.o,auxiliary-form: 1st subjunctive reciprocal imperfective (future)
aux_1_sbj_rec_prf_pst,iwiralhe,iw.ir.ˈaɬ.e,auxiliary-form: 1st subjunctive reciprocal perfect (past)
aux_1_sbj_rec_prf_prs,iwiralha,iw.ir.ˈaɬ.a,auxiliary-form: 1st subjunctive reciprocal perfect (present)
aux_1_sbj_rec_prf_fut,iwiralho,iw.ir.ˈaɬ.o,auxiliary-form: 1st subjunctive reciprocal perfect (future)
aux_1_sbj_rec_nea_pst,iwiratle,iw.ir.ˈaƛ.e,auxiliary-form: 1st subjunctive reciprocal near (past)
aux_1_sbj_rec_nea_prs,iwiratla,iw.ir.ˈaƛ.a,auxiliary-form: 1st subjunctive reciprocal near (present)
aux_1_sbj_rec_nea_fut,iwiratlo,iw.ir.ˈaƛ.o,auxiliary-form: 1st subjunctive reciprocal near (future)
aux_1_sbj_rec_imm_pst,iwirake,iw.ir.ˈak.e,auxiliary-form: 1st subjunctive reciprocal immediate (past)
aux_1_sbj_rec_imm_prs,iwiraka,iw.ir.ˈak.a,auxiliary-form: 1st subjunctive reciprocal immediate (present)
aux_1_sbj_rec_imm_fut,iwirako,iw.ir.ˈak.o,auxiliary-form: 1st subjunctive reciprocal immediate (future)
aux_1_sbj_rec_hab_pst,iwirame,iw.ir.ˈam.e,auxiliary-form: 1st subjunctive reciprocal habitual (past)
aux_1_sbj_rec_hab_prs,iwirama,iw.ir.ˈam.a,auxiliary-form: 1st subjunctive reciprocal habitual (present)
aux_1_sbj_rec_hab_fut,iwiramo,iw.ir.ˈam.o,auxiliary-form: 1st subjunctive reciprocal habitual (future)
aux_1_sbj_rec_pro_pst,iwirase,iw.ir.ˈas.e,auxiliary-form: 1st subjunctive reciprocal progressive (past)
aux_1_sbj_rec_pro_prs,iwirasa,iw.ir.ˈas.a,auxiliary-form: 1st subjunctive reciprocal progressive (present)
aux_1_sbj_rec_pro_fut,iwiraso,iw.ir.ˈas.o,auxiliary-form: 1st subjunctive reciprocal progressive (future)
aux_1_sbj_rec_cnt_pst,iwirashe,iw.ir.ˈaʃ.e,auxiliary-form: 1st subjunctive reciprocal continuous (past)
aux_1_sbj_rec_cnt_prs,iwirasha,iw.ir.ˈaʃ.a,auxiliary-form: 1st subjunctive reciprocal continuous (present)
aux_1_sbj_rec_cnt_fut,iwirasho,iw.ir.ˈaʃ.o,auxiliary-form: 1st subjunctive reciprocal continuous (future)
aux_1_sbj_rec_itr_pst,iwirane,iw.ir.ˈan.e,auxiliary-form: 1st subjunctive reciprocal iterative (past)
aux_1_sbj_rec_itr_prs,iwirana,iw.ir.ˈan.a,auxiliary-form: 1st subjunctive reciprocal iterative (present)
aux_1_sbj_rec_itr_fut,iwirano,iw.ir.ˈan.o,auxiliary-form: 1st subjunctive reciprocal iterative (future)
aux_1_sbj_rec_inc_pst,iwiraye,iw.ir.ˈaj.e,auxiliary-form: 1st subjunctive reciprocal inceptive (past)
aux_1_sbj_rec_inc_prs,iwiraya,iw.ir.ˈaj.a,auxiliary-form: 1st subjunctive reciprocal inceptive (present)
aux_1_sbj_rec_inc_fut,iwirayo,iw.ir.ˈaj.o,auxiliary-form: 1st subjunctive reciprocal inceptive (future)
aux_1_sbj_rec_ces_pst,iwirape,iw.ir.ˈap.e,auxiliary-form: 1st subjunctive reciprocal cessative (past)
aux_1_sbj_rec_ces_prs,iwirapa,iw.ir.ˈap.a,auxiliary-form: 1st subjunctive reciprocal cessative (present)
aux_1_sbj_rec_ces_fut,iwirapo,iw.ir.ˈap.o,auxiliary-form: 1st subjunctive reciprocal cessative (future)
aux_1_sbj_rec_rem_pst,iwirahe,iw.ir.ˈah.e,auxiliary-form: 1st subjunctive reciprocal remote (past)
aux_1_sbj_rec_rem_prs,iwiraha,iw.ir.ˈah.a,auxiliary-form: 1st subjunctive reciprocal remote (present)
aux_1_sbj_rec_rem_fut,iwiraho,iw.ir.ˈah.o,auxiliary-form: 1st subjunctive reciprocal remote (future)
aux_1_imp_sim_pst,isefe,is.ˈef.e,auxiliary-form: 1st imperative simple (past)
aux_1_imp_sim_prs,isefa,is.ˈef.a,auxiliary-form: 1st imperative simple (present)
aux_1_imp_sim_fut,isefo,is.ˈef.o,auxiliary-form: 1st imperative simple (future)
aux_1_imp_ipf_pst,isethe,is.ˈeθ.e,auxiliary-form: 1st imperative imperfective (past)
aux_1_imp_ipf_prs,isetha,is.ˈeθ.a,auxiliary-form: 1st imperative imperfective (present)
aux_1_imp_ipf_fut,isetho,is.ˈeθ.o,auxiliary-form: 1st imperative imperfective (future)
aux_1_imp_prf_pst,iselhe,is.ˈeɬ.e,auxiliary-form: 1st imperative perfect (past)
aux_1_imp_prf_prs,iselha,is.ˈeɬ.a,auxiliary-form: 1st imperative perfect (present)
aux_1_imp_prf_fut,iselho,is.ˈeɬ.o,auxiliary-form: 1st imperative perfect (future)
aux_1_imp_nea_pst,isetle,is.ˈeƛ.e,auxiliary-form: 1st imperative near (past)
aux_1_imp_nea_prs,isetla,is.ˈeƛ.a,auxiliary-form: 1st imperative near (present)
aux_1_imp_nea_fut,isetlo,is.ˈeƛ.o,auxiliary-form: 1st imperative near (future)
aux_1_imp_imm_pst,iseke,is.ˈek.e,auxiliary-form: 1st imperative immediate (past)
aux_1_imp_imm_prs,iseka,is.ˈek.a,auxiliary-form: 1st imperative immediate (present)
aux_1_imp_imm_fut,iseko,is.ˈek.o,auxiliary-form: 1st imperative immediate (future)
aux_1_imp_hab_pst,iseme,is.ˈem.e,auxiliary-form: 1st imperative habitual (past)
aux_1_imp_hab_prs,isema,is.ˈem.a,auxiliary-form: 1st imperative habitual (present)
aux_1_imp_hab_fut,isemo,is.ˈem.o,auxiliary-form: 1st imperative habitual (future)
aux_1_imp_pro_pst,isese,is.ˈes.e,auxiliary-form: 1st imperative progressive (past)
aux_1_imp_pro_prs,isesa,is.ˈes.a,auxiliary-form: 1st imperative progressive (present)
aux_1_imp_pro_fut,iseso,is.ˈes.o,auxiliary-form: 1st imperative progressive (future)
aux_1_imp_cnt_pst,iseshe,is.ˈeʃ.e,auxiliary-form: 1st imperative continuous (past)
aux_1_imp_cnt_prs,isesha,is.ˈeʃ.a,auxiliary-form: 1st imperative continuous (present)
aux_1_imp_cnt_fut,isesho,is.ˈeʃ.o,auxiliary-form: 1st imperative continuous (future)
aux_1_imp_itr_pst,isene,is.ˈen.e,auxiliary-form: 1st imperative iterative (past)
aux_1_imp_itr_prs,isena,is.ˈen.a,auxiliary-form: 1st imperative iterative (present)
aux_1_imp_itr_fut,iseno,is.ˈen.o,auxiliary-form: 1st imperative iterative (future)
aux_1_imp_inc_pst,iseye,is.ˈej.e,auxiliary-form: 1st imperative inceptive (past)
aux_1_imp_inc_prs,iseya,is.ˈej.a,auxiliary-form: 1st imperative inceptive (present)
aux_1_imp_inc_fut,iseyo,is.ˈej.o,auxiliary-form: 1st imperative inceptive (future)
aux_1_imp_ces_pst,isepe,is.ˈep.e,auxiliary-form: 1st imperative cessative (past)
aux_1_imp_ces_prs,isepa,is.ˈep.a,auxiliary-form: 1st imperative cessative (present)
aux_1_imp_ces_fut,isepo,is.ˈep.o,auxiliary-form: 1st imperative cessative (future)
aux_1_imp_rem_pst,isehe,is.ˈeh.e,auxiliary-form: 1st imperative remote (past)
aux_1_imp_rem_prs,iseha,is.ˈeh.a,auxiliary-form: 1st imperative remote (present)
aux_1_imp_rem_fut,iseho,is.ˈeh.o,auxiliary-form: 1st imperative remote (future)
aux_1_imp_ref_sim_pst,isetefe,is.et.ˈef.e,auxiliary-form: 1st imperative reflexive simple (past)
aux_1_imp_ref_sim_prs,isetefa,is.et.ˈef.a,auxiliary-form: 1st imperative reflexive simple (present)
aux_1_imp_ref_sim_fut,isetefo,is.et.ˈef.o,auxiliary-form: 1st imperative reflexive simple (future)
aux_1_imp_ref_ipf_pst,isetethe,is.et.ˈeθ.e,auxiliary-form: 1st imperative reflexive imperfective (past)
aux_1_imp_ref_ipf_prs,isetetha,is.et.ˈeθ.a,auxiliary-form: 1st imperative reflexive imperfective (present)
aux_1_imp_ref_ipf_fut,isetetho,is.et.ˈeθ.o,auxiliary-form: 1st imperative reflexive imperfective (future)
aux_1_imp_ref_prf_pst,isetelhe,is.et.ˈeɬ.e,auxiliary-form: 1st imperative reflexive perfect (past)
aux_1_imp_ref_prf_prs,isetelha,is.et.ˈeɬ.a,auxiliary-form: 1st imperative reflexive perfect (present)
aux_1_imp_ref_prf_fut,isetelho,is.et.ˈeɬ.o,auxiliary-form: 1st imperative reflexive perfect (future)
aux_1_imp_ref_nea_pst,isetetle,is.et.ˈeƛ.e,auxiliary-form: 1st imperative reflexive near (past)
aux_1_imp_ref_nea_prs,isetetla,is.et.ˈeƛ.a,auxiliary-form: 1st imperative reflexive near (present)
aux_1_imp_ref_nea_fut,isetetlo,is.et.ˈeƛ.o,auxiliary-form: 1st imperative reflexive near (future)
aux_1_imp_ref_imm_pst,iseteke,is.et.ˈek.e,auxiliary-form: 1st imperative reflexive immediate (past)
aux_1_imp_ref_imm_prs,iseteka,is.et.ˈek.a,auxiliary-form: 1st imperative reflexive immediate (present)
aux_1_imp_ref_imm_fut,iseteko,is.et.ˈek.o,auxiliary-form: 1st imperative reflexive immediate (future)
aux_1_imp_ref_hab_pst,iseteme,is.et.ˈem.e,auxiliary-form: 1st imperative reflexive habitual (past)
aux_1_imp_ref_hab_prs,isetema,is.et.ˈem.a,auxiliary-form: 1st imperative reflexive habitual (present)
aux_1_imp_ref_hab_fut,isetemo,is.et.ˈem.o,auxiliary-form: 1st imperative reflexive habitual (future)
aux_1_imp_ref_pro_pst,isetese,is.et.ˈes.e,auxiliary-form: 1st imperative reflexive progressive (past)
aux_1_imp_ref_pro_prs,isetesa,is.et.ˈes.a,auxiliary-form: 1st imperative reflexive progressive (present)
aux_1_imp_ref_pro_fut,iseteso,is.et.ˈes.o,auxiliary-form: 1st imperative reflexive progressive (future)
aux_1_imp_ref_cnt_pst,iseteshe,is.et.ˈeʃ.e,auxiliary-form: 1st imperative reflexive continuous (past)
aux_1_imp_ref_cnt_prs,isetesha,is.et.ˈeʃ.a,auxiliary-form: 1st imperative reflexive continuous (present)
aux_1_imp_ref_cnt_fut,isetesho,is.et.ˈeʃ.o,auxiliary-form: 1st imperative reflexive continuous (future)
aux_1_imp_ref_itr_pst,isetene,is.et.ˈen.e,auxiliary-form: 1st imperative reflexive iterative (past)
aux_1_imp_ref_itr_prs,isetena,is.et.ˈen.a,auxiliary-form: 1st imperative reflexive iterative (present)
aux_1_imp_ref_itr_fut,iseteno,is.et.ˈen.o,auxiliary-form: 1st imperative reflexive iterative (future)
aux_1_imp_ref_inc_pst,iseteye,is.et.ˈej.e,auxiliary-form: 1st imperative reflexive inceptive (past)
aux_1_imp_ref_inc_prs,iseteya,is.et.ˈej.a,auxiliary-form: 1st imperative reflexive inceptive (present)
aux_1_imp_ref_inc_fut,iseteyo,is.et.ˈej.o,auxiliary-form: 1st imperative reflexive inceptive (future)
aux_1_imp_ref_ces_pst,isetepe,is.et.ˈep.e,auxiliary-form: 1st imperative reflexive cessative (past)
aux_1_imp_ref_ces_prs,isetepa,is.et.ˈep.a,auxiliary-form: 1st imperative reflexive cessative (present)
aux_1_imp_ref_ces_fut,isetepo,is.et.ˈep.o,auxiliary-form: 1st imperative reflexive cessative (future)
aux_1_imp_ref_rem_pst,isetehe,is.et.ˈeh.e,auxiliary-form: 1st imperative reflexive remote (past)
aux_1_imp_ref_rem_prs,iseteha,is.et.ˈeh.a,auxiliary-form: 1st imperative reflexive remote (present)
aux_1_imp_ref_rem_fut,iseteho,is.et.ˈeh.o,auxiliary-form: 1st imperative reflexive remote (future)
aux_1_imp_pas_sim_pst,isepafe,is.ep.ˈaf.e,auxiliary-form: 1st imperative passive simple (past)
aux_1_imp_pas_sim_prs,isepafa,is.ep.ˈaf.a,auxiliary-form: 1st imperative passive simple (present)
aux_1_imp_pas_sim_fut,isepafo,is.ep.ˈaf.o,auxiliary-form: 1st imperative passive simple (future)
aux_1_imp_pas_ipf_pst,isepathe,is.ep.ˈaθ.e,auxiliary-form: 1st imperative passive imperfective (past)
aux_1_imp_pas_ipf_prs,isepatha,is.ep.ˈaθ.a,auxiliary-form: 1st imperative passive imperfective (present)
aux_1_imp_pas_ipf_fut,isepatho,is.ep.ˈaθ.o,auxiliary-form: 1st imperative passive imperfective (future)
aux_1_imp_pas_prf_pst,isepalhe,is.ep.ˈaɬ.e,auxiliary-form: 1st imperative passive perfect (past)
aux_1_imp_pas_prf_prs,isepalha,is.ep.ˈaɬ.a,auxiliary-form: 1st imperative passive perfect (present)
aux_1_imp_pas_prf_fut,isepalho,is.ep.ˈaɬ.o,auxiliary-form: 1st imperative passive perfect (future)
aux_1_imp_pas_nea_pst,isepatle,is.ep.ˈaƛ.e,auxiliary-form: 1st imperative passive near (past)
aux_1_imp_pas_nea_prs,isepatla,is.ep.ˈaƛ.a,auxiliary-form: 1st imperative passive near (present)
aux_1_imp_pas_nea_fut,isepatlo,is.ep.ˈaƛ.o,auxiliary-form: 1st imperative passive near (future)
aux_1_imp_pas_imm_pst,isepake,is.ep.ˈak.e,auxiliary-form: 1st imperative passive immediate (past)
aux_1_imp_pas_imm_prs,isepaka,is.ep.ˈak.a,auxiliary-form: 1st imperative passive immediate (present)
aux_1_imp_pas_imm_fut,isepako,is.ep.ˈak.o,auxiliary-form: 1st imperative passive immediate (future)
aux_1_imp_pas_hab_pst,isepame,is.ep.ˈam.e,auxiliary-form: 1st imperative passive habitual (past)
aux_1_imp_pas_hab_prs,isepama,is.ep.ˈam.a,auxiliary-form: 1st imperative passive habitual (present)
aux_1_imp_pas_hab_fut,isepamo,is.ep.ˈam.o,auxiliary-form: 1st imperative passive habitual (future)
aux_1_imp_pas_pro_pst,isepase,is.ep.ˈas.e,auxiliary-form: 1st imperative passive progressive (past)
aux_1_imp_pas_pro_prs,isepasa,is.ep.ˈas.a,auxiliary-form: 1st imperative passive progressive (present)
aux_1_imp_pas_pro_fut,isepaso,is.ep.ˈas.o,auxiliary-form: 1st imperative passive progressive (future)
aux_1_imp_pas_cnt_pst,isepashe,is.ep.ˈaʃ.e,auxiliary-form: 1st imperative passive continuous (past)
aux_1_imp_pas_cnt_prs,isepasha,is.ep.ˈaʃ.a,auxiliary-form: 1st imperative passive continuous (present)
aux_1_imp_pas_cnt_fut,isepasho,is.ep.ˈaʃ.o,auxiliary-form: 1st imperative passive continuous (future)
aux_1_imp_pas_itr_pst,isepane,is.ep.ˈan.e,auxiliary-form: 1st imperative passive iterative (past)
aux_1_imp_pas_itr_prs,isepana,is.ep.ˈan.a,auxiliary-form: 1st imperative passive iterative (present)
aux_1_imp_pas_itr_fut,isepano,is.ep.ˈan.o,auxiliary-form: 1st imperative passive iterative (future)
aux_1_imp_pas_inc_pst,isepaye,is.ep.ˈaj.e,auxiliary-form: 1st imperative passive inceptive (past)
aux_1_imp_pas_inc_prs,isepaya,is.ep.ˈaj.a,auxiliary-form: 1st imperative passive inceptive (present)
aux_1_imp_pas_inc_fut,isepayo,is.ep.ˈaj.o,auxiliary-form: 1st imperative passive inceptive (future)
aux_1_imp_pas_ces_pst,isepape,is.ep.ˈap.e,auxiliary-form: 1st imperative passive cessative (past)
aux_1_imp_pas_ces_prs,isepapa,is.ep.ˈap.a,auxiliary-form: 1st imperative passive cessative (present)
aux_1_imp_pas_ces_fut,isepapo,is.ep.ˈap.o,auxiliary-form: 1st imperative passive cessative (future)
aux_1_imp_pas_rem_pst,isepahe,is.ep.ˈah.e,auxiliary-form: 1st imperative passive remote (past)
aux_1_imp_pas_rem_prs,isepaha,is.ep.ˈah.a,auxiliary-form: 1st imperative passive remote (present)
aux_1_imp_pas_rem_fut,isepaho,is.ep.ˈah.o,auxiliary-form: 1st imperative passive remote (future)
aux_1_imp_mid_sim_pst,isemofe,is.em.ˈof.e,auxiliary-form: 1st imperative middle simple (past)
aux_1_imp_mid_sim_prs,isemofa,is.em.ˈof.a,auxiliary-form: 1st imperative middle simple (present)
aux_1_imp_mid_sim_fut,isemofo,is.em.ˈof.o,auxiliary-form: 1st imperative middle simple (future)
aux_1_imp_mid_ipf_pst,isemothe,is.em.ˈoθ.e,auxiliary-form: 1st imperative middle imperfective (past)
aux_1_imp_mid_ipf_prs,isemotha,is.em.ˈoθ.a,auxiliary-form: 1st imperative middle imperfective (present)
aux_1_imp_mid_ipf_fut,isemotho,is.em.ˈoθ.o,auxiliary-form: 1st imperative middle imperfective (future)
aux_1_imp_mid_prf_pst,isemolhe,is.em.ˈoɬ.e,auxiliary-form: 1st imperative middle perfect (past)
aux_1_imp_mid_prf_prs,isemolha,is.em.ˈoɬ.a,auxiliary-form: 1st imperative middle perfect (present)
aux_1_imp_mid_prf_fut,isemolho,is.em.ˈoɬ.o,auxiliary-form: 1st imperative middle perfect (future)
aux_1_imp_mid_nea_pst,isemotle,is.em.ˈoƛ.e,auxiliary-form: 1st imperative middle near (past)
aux_1_imp_mid_nea_prs,isemotla,is.em.ˈoƛ.a,auxiliary-form: 1st imperative middle near (present)
aux_1_imp_mid_nea_fut,isemotlo,is.em.ˈoƛ.o,auxiliary-form: 1st imperative middle near (future)
aux_1_imp_mid_imm_pst,isemoke,is.em.ˈok.e,auxiliary-form: 1st imperative middle immediate (past)
aux_1_imp_mid_imm_prs,isemoka,is.em.ˈok.a,auxiliary-form: 1st imperative middle immediate (present)
aux_1_imp_mid_imm_fut,isemoko,is.em.ˈok.o,auxiliary-form: 1st imperative middle immediate (future)
aux_1_imp_mid_hab_pst,isemome,is.em.ˈom.e,auxiliary-form: 1st imperative middle habitual (past)
aux_1_imp_mid_hab_prs,isemoma,is.em.ˈom.a,auxiliary-form: 1st imperative middle habitual (present)
aux_1_imp_mid_hab_fut,isemomo,is.em.ˈom.o,auxiliary-form: 1st imperative middle habitual (future)
aux_1_imp_mid_pro_pst,isemose,is.em.ˈos.e,auxiliary-form: 1st imperative middle progressive (past)
aux_1_imp_mid_pro_prs,isemosa,is.em.ˈos.a,auxiliary-form: 1st imperative middle progressive (present)
aux_1_imp_mid_pro_fut,isemoso,is.em.ˈos.o,auxiliary-form: 1st imperative middle progressive (future)
aux_1_imp_mid_cnt_pst,isemoshe,is.em.ˈoʃ.e,auxiliary-form: 1st imperative middle continuous (past)
aux_1_imp_mid_cnt_prs,isemosha,is.em.ˈoʃ.a,auxiliary-form: 1st imperative middle continuous (present)
aux_1_imp_mid_cnt_fut,isemosho,is.em.ˈoʃ.o,auxiliary-form: 1st imperative middle continuous (future)
aux_1_imp_mid_itr_pst,isemone,is.em.ˈon.e,auxiliary-form: 1st imperative middle iterative (past)
aux_1_imp_mid_itr_prs,isemona,is.em.ˈon.a,auxiliary-form: 1st imperative middle iterative (present)
aux_1_imp_mid_itr_fut,isemono,is.em.ˈon.o,auxiliary-form: 1st imperative middle iterative (future)
aux_1_imp_mid_inc_pst,isemoye,is.em.ˈoj.e,auxiliary-form: 1st imperative middle inceptive (past)
aux_1_imp_mid_inc_prs,isemoya,is.em.ˈoj.a,auxiliary-form: 1st imperative middle inceptive (present)
aux_1_imp_mid_inc_fut,isemoyo,is.em.ˈoj.o,auxiliary-form: 1st imperative middle inceptive (future)
aux_1_imp_mid_ces_pst,isemope,is.em.ˈop.e,auxiliary-form: 1st imperative middle cessative (past)
aux_1_imp_mid_ces_prs,isemopa,is.em.ˈop.a,auxiliary-form: 1st imperative middle cessative (present)
aux_1_imp_mid_ces_fut,isemopo,is.em.ˈop.o,auxiliary-form: 1st imperative middle cessative (future)
aux_1_imp_mid_rem_pst,isemohe,is.em.ˈoh.e,auxiliary-form: 1st imperative middle remote (past)
aux_1_imp_mid_rem_prs,isemoha,is.em.ˈoh.a,auxiliary-form: 1st imperative middle remote (present)
aux_1_imp_mid_rem_fut,isemoho,is.em.ˈoh.o,auxiliary-form: 1st imperative middle remote (future)
aux_1_imp_cau_sim_pst,isekefe,is.ek.ˈef.e,auxiliary-form: 1st imperative causative simple (past)
aux_1_imp_cau_sim_prs,isekefa,is.ek.ˈef.a,auxiliary-form: 1st imperative causative simple (present)
aux_1_imp_cau_sim_fut,isekefo,is.ek.ˈef.o,auxiliary-form: 1st imperative causative simple (future)
aux_1_imp_cau_ipf_pst,isekethe,is.ek.ˈeθ.e,auxiliary-form: 1st imperative causative imperfective (past)
aux_1_imp_cau_ipf_prs,iseketha,is.ek.ˈeθ.a,auxiliary-form: 1st imperative causative imperfective (present)
aux_1_imp_cau_ipf_fut,iseketho,is.ek.ˈeθ.o,auxiliary-form: 1st imperative causative imperfective (future)
aux_1_imp_cau_prf_pst,isekelhe,is.ek.ˈeɬ.e,auxiliary-form: 1st imperative causative perfect (past)
aux_1_imp_cau_prf_prs,isekelha,is.ek.ˈeɬ.a,auxiliary-form: 1st imperative causative perfect (present)
aux_1_imp_cau_prf_fut,isekelho,is.ek.ˈeɬ.o,auxiliary-form: 1st imperative causative perfect (future)
aux_1_imp_cau_nea_pst,iseketle,is.ek.ˈeƛ.e,auxiliary-form: 1st imperative causative near (past)
aux_1_imp_cau_nea_prs,iseketla,is.ek.ˈeƛ.a,auxiliary-form: 1st imperative causative near (present)
aux_1_imp_cau_nea_fut,iseketlo,is.ek.ˈeƛ.o,auxiliary-form: 1st imperative causative near (future)
aux_1_imp_cau_imm_pst,isekeke,is.ek.ˈek.e,auxiliary-form: 1st imperative causative immediate (past)
aux_1_imp_cau_imm_prs,isekeka,is.ek.ˈek.a,auxiliary-form: 1st imperative causative immediate (present)
aux_1_imp_cau_imm_fut,isekeko,is.ek.ˈek.o,auxiliary-form: 1st imperative causative immediate (future)
aux_1_imp_cau_hab_pst,isekeme,is.ek.ˈem.e,auxiliary-form: 1st imperative causative habitual (past)
aux_1_imp_cau_hab_prs,isekema,is.ek.ˈem.a,auxiliary-form: 1st imperative causative habitual (present)
aux_1_imp_cau_hab_fut,isekemo,is.ek.ˈem.o,auxiliary-form: 1st imperative causative habitual (future)
aux_1_imp_cau_pro_pst,isekese,is.ek.ˈes.e,auxiliary-form: 1st imperative causative progressive (past)
aux_1_imp_cau_pro_prs,isekesa,is.ek.ˈes.a,auxiliary-form: 1st imperative causative progressive (present)
aux_1_imp_cau_pro_fut,isekeso,is.ek.ˈes.o,auxiliary-form: 1st imperative causative progressive (future)
aux_1_imp_cau_cnt_pst,isekeshe,is.ek.ˈeʃ.e,auxiliary-form: 1st imperative causative continuous (past)
aux_1_imp_cau_cnt_prs,isekesha,is.ek.ˈeʃ.a,auxiliary-form: 1st imperative causative continuous (present)
aux_1_imp_cau_cnt_fut,isekesho,is.ek.ˈeʃ.o,auxiliary-form: 1st imperative causative continuous (future)
aux_1_imp_cau_itr_pst,isekene,is.ek.ˈen.e,auxiliary-form: 1st imperative causative iterative (past)
aux_1_imp_cau_itr_prs,isekena,is.ek.ˈen.a,auxiliary-form: 1st imperative causative iterative (present)
aux_1_imp_cau_itr_fut,isekeno,is.ek.ˈen.o,auxiliary-form: 1st imperative causative iterative (future)
aux_1_imp_cau_inc_pst,isekeye,is.ek.ˈej.e,auxiliary-form: 1st imperative causative inceptive (past)
aux_1_imp_cau_inc_prs,isekeya,is.ek.ˈej.a,auxiliary-form: 1st imperative causative inceptive (present)
aux_1_imp_cau_inc_fut,isekeyo,is.ek.ˈej.o,auxiliary-form: 1st imperative causative inceptive (future)
aux_1_imp_cau_ces_pst,isekepe,is.ek.ˈep.e,auxiliary-form: 1st imperative causative cessative (past)
aux_1_imp_cau_ces_prs,isekepa,is.ek.ˈep.a,auxiliary-form: 1st imperative causative cessative (present)
aux_1_imp_cau_ces_fut,isekepo,is.ek.ˈep.o,auxiliary-form: 1st imperative causative cessative (future)
aux_1_imp_cau_rem_pst,isekehe,is.ek.ˈeh.e,auxiliary-form: 1st imperative causative remote (past)
aux_1_imp_cau_rem_prs,isekeha,is.ek.ˈeh.a,auxiliary-form: 1st imperative causative remote (present)
aux_1_imp_cau_rem_fut,isekeho,is.ek.ˈeh.o,auxiliary-form: 1st imperative causative remote (future)
aux_1_imp_rec_sim_pst,iserafe,is.er.ˈaf.e,auxiliary-form: 1st imperative reciprocal simple (past)
aux_1_imp_rec_sim_prs,iserafa,is.er.ˈaf.a,auxiliary-form: 1st imperative reciprocal simple (present)
aux_1_imp_rec_sim_fut,iserafo,is.er.ˈaf.o,auxiliary-form: 1st imperative reciprocal simple (future)
aux_1_imp_rec_ipf_pst,iserathe,is.er.ˈaθ.e,auxiliary-form: 1st imperative reciprocal imperfective (past)
aux_1_imp_rec_ipf_prs,iseratha,is.er.ˈaθ.a,auxiliary-form: 1st imperative reciprocal imperfective (present)
aux_1_imp_rec_ipf_fut,iseratho,is.er.ˈaθ.o,auxiliary-form: 1st imperative reciprocal imperfective (future)
aux_1_imp_rec_prf_pst,iseralhe,is.er.ˈaɬ.e,auxiliary-form: 1st imperative reciprocal perfect (past)
aux_1_imp_rec_prf_prs,iseralha,is.er.ˈaɬ.a,auxiliary-form: 1st imperative reciprocal perfect (present)
aux_1_imp_rec_prf_fut,iseralho,is.er.ˈaɬ.o,auxiliary-form: 1st imperative reciprocal perfect (future)
aux_1_imp_rec_nea_pst,iseratle,is.er.ˈaƛ.e,auxiliary-form: 1st imperative reciprocal near (past)
aux_1_imp_rec_nea_prs,iseratla,is.er.ˈaƛ.a,auxiliary-form: 1st imperative reciprocal near (present)
aux_1_imp_rec_nea_fut,iseratlo,is.er.ˈaƛ.o,auxiliary-form: 1st imperative reciprocal near (future)
aux_1_imp_rec_imm_pst,iserake,is.er.ˈak.e,auxiliary-form: 1st imperative reciprocal immediate (past)
aux_1_imp_rec_imm_prs,iseraka,is.er.ˈak.a,auxiliary-form: 1st imperative reciprocal immediate (present)
aux_1_imp_rec_imm_fut,iserako,is.er.ˈak.o,auxiliary-form: 1st imperative reciprocal immediate (future)
aux_1_imp_rec_hab_pst,iserame,is.er.ˈam.e,auxiliary-form: 1st imperative reciprocal habitual (past)
aux_1_imp_rec_hab_prs,iserama,is.er.ˈam.a,auxiliary-form: 1st imperative reciprocal habitual (present)
aux_1_imp_rec_hab_fut,iseramo,is.er.ˈam.o,auxiliary-form: 1st imperative reciprocal habitual (future)
aux_1_imp_rec_pro_pst,iserase,is.er.ˈas.e,auxiliary-form: 1st imperative reciprocal progressive (past)
aux_1_imp_rec_pro_prs,iserasa,is.er.ˈas.a,auxiliary-form: 1st imperative reciprocal progressive (present)
aux_1_imp_rec_pro_fut,iseraso,is.er.ˈas.o,auxiliary-form: 1st imperative reciprocal progressive (future)
aux_1_imp_rec_cnt_pst,iserashe,is.er.ˈaʃ.e,auxiliary-form: 1st imperative reciprocal continuous (past)
aux_1_imp_rec_cnt_prs,iserasha,is.er.ˈaʃ.a,auxiliary-form: 1st imperative reciprocal continuous (present)
aux_1_imp_rec_cnt_fut,iserasho,is.er.ˈaʃ.o,auxiliary-form: 1st imperative reciprocal continuous (future)
aux_1_imp_rec_itr_pst,iserane,is.er.ˈan.e,auxiliary-form: 1st imperative reciprocal iterative (past)
aux_1_imp_rec_itr_prs,iserana,is.er.ˈan.a,auxiliary-form: 1st imperative reciprocal iterative (present)
aux_1_imp_rec_itr_fut,iserano,is.er.ˈan.o,auxiliary-form: 1st imperative reciprocal iterative (future)
aux_1_imp_rec_inc_pst,iseraye,is.er.ˈaj.e,auxiliary-form: 1st imperative reciprocal inceptive (past)
aux_1_imp_rec_inc_prs,iseraya,is.er.ˈaj.a,auxiliary-form: 1st imperative reciprocal inceptive (present)
aux_1_imp_rec_inc_fut,iserayo,is.er.ˈaj.o,auxiliary-form: 1st imperative reciprocal inceptive (future)
aux_1_imp_rec_ces_pst,iserape,is.er.ˈap.e,auxiliary-form: 1st imperative reciprocal cessative (past)
aux_1_imp_rec_ces_prs,iserapa,is.er.ˈap.a,auxiliary-form: 1st imperative reciprocal cessative (present)
aux_1_imp_rec_ces_fut,iserapo,is.er.ˈap.o,auxiliary-form: 1st imperative reciprocal cessative (future)
aux_1_imp_rec_rem_pst,iserahe,is.er.ˈah.e,auxiliary-form: 1st imperative reciprocal remote (past)
aux_1_imp_rec_rem_prs,iseraha,is.er.ˈah.a,auxiliary-form: 1st imperative reciprocal remote (present)
aux_1_imp_rec_rem_fut,iseraho,is.er.ˈah.o,auxiliary-form: 1st imperative reciprocal remote (future)
aux_1_con_sim_pst,ikofe,ik.ˈof.e,auxiliary-form: 1st conditional simple (past)
aux_1_con_sim_prs,ikofa,ik.ˈof.a,auxiliary-form: 1st conditional simple (present)
aux_1_con_sim_fut,ikofo,ik.ˈof.o,auxiliary-form: 1st conditional simple (future)
aux_1_con_ipf_pst,ikothe,ik.ˈoθ.e,auxiliary-form: 1st conditional imperfective (past)
aux_1_con_ipf_prs,ikotha,ik.ˈoθ.a,auxiliary-form: 1st conditional imperfective (present)
aux_1_con_ipf_fut,ikotho,ik.ˈoθ.o,auxiliary-form: 1st conditional imperfective (future)
aux_1_con_prf_pst,ikolhe,ik.ˈoɬ.e,auxiliary-form: 1st conditional perfect (past)
aux_1_con_prf_prs,ikolha,ik.ˈoɬ.a,auxiliary-form: 1st conditional perfect (present)
aux_1_con_prf_fut,ikolho,ik.ˈoɬ.o,auxiliary-form: 1st conditional perfect (future)
aux_1_con_nea_pst,ikotle,ik.ˈoƛ.e,auxiliary-form: 1st conditional near (past)
aux_1_con_nea_prs,ikotla,ik.ˈoƛ.a,auxiliary-form: 1st conditional near (present)
aux_1_con_nea_fut,ikotlo,ik.ˈoƛ.o,auxiliary-form: 1st conditional near (future)
aux_1_con_imm_pst,ikoke,ik.ˈok.e,auxiliary-form: 1st conditional immediate (past)
aux_1_con_imm_prs,ikoka,ik.ˈok.a,auxiliary-form: 1st conditional immediate (present)
aux_1_con_imm_fut,ikoko,ik.ˈok.o,auxiliary-form: 1st conditional immediate (future)
aux_1_con_hab_pst,ikome,ik.ˈom.e,auxiliary-form: 1st conditional habitual (past)
aux_1_con_hab_prs,ikoma,ik.ˈom.a,auxiliary-form: 1st conditional habitual (present)
aux_1_con_hab_fut,ikomo,ik.ˈom.o,auxiliary-form: 1st conditional habitual (future)
aux_1_con_pro_pst,ikose,ik.ˈos.e,auxiliary-form: 1st conditional progressive (past)
aux_1_con_pro_prs,ikosa,ik.ˈos.a,auxiliary-form: 1st conditional progressive (present)
aux_1_con_pro_fut,ikoso,ik.ˈos.o,auxiliary-form: 1st conditional progressive (future)
aux_1_con_cnt_pst,ikoshe,ik.ˈoʃ.e,auxiliary-form: 1st conditional continuous (past)
aux_1_con_cnt_prs,ikosha,ik.ˈoʃ.a,auxiliary-form: 1st conditional continuous (present)
aux_1_con_cnt_fut,ikosho,ik.ˈoʃ.o,auxiliary-form: 1st conditional continuous (future)
aux_1_con_itr_pst,ikone,ik.ˈon.e,auxiliary-form: 1st conditional iterative (past)
aux_1_con_itr_prs,ikona,ik.ˈon.a,auxiliary-form: 1st conditional iterative (present)
aux_1_con_itr_fut,ikono,ik.ˈon.o,auxiliary-form: 1st conditional iterative (future)
aux_1_con_inc_pst,ikoye,ik.ˈoj.e,auxiliary-form: 1st conditional inceptive (past)
aux_1_con_inc_prs,ikoya,ik.ˈoj.a,auxiliary-form: 1st conditional inceptive (present)
aux_1_con_inc_fut,ikoyo,ik.ˈoj.o,auxiliary-form: 1st conditional inceptive (future)
aux_1_con_ces_pst,ikope,ik.ˈop.e,auxiliary-form: 1st conditional cessative (past)
aux_1_con_ces_prs,ikopa,ik.ˈop.a,auxiliary-form: 1st conditional cessative (present)
aux_1_con_ces_fut,ikopo,ik.ˈop.o,auxiliary-form: 1st conditional cessative (future)
aux_1_con_rem_pst,ikohe,ik.ˈoh.e,auxiliary-form: 1st conditional remote (past)
aux_1_con_rem_prs,ikoha,ik.ˈoh.a,auxiliary-form: 1st conditional remote (present)
aux_1_con_rem_fut,ikoho,ik.ˈoh.o,auxiliary-form: 1st conditional remote (future)
aux_1_con_ref_sim_pst,ikotefe,ik.ot.ˈef.e,auxiliary-form: 1st conditional reflexive simple (past)
aux_1_con_ref_sim_prs,ikotefa,ik.ot.ˈef.a,auxiliary-form: 1st conditional reflexive simple (present)
aux_1_con_ref_sim_fut,ikotefo,ik.ot.ˈef.o,auxiliary-form: 1st conditional reflexive simple (future)
aux_1_con_ref_ipf_pst,ikotethe,ik.ot.ˈeθ.e,auxiliary-form: 1st conditional reflexive imperfective (past)
aux_1_con_ref_ipf_prs,ikotetha,ik.ot.ˈeθ.a,auxiliary-form: 1st conditional reflexive imperfective (present)
aux_1_con_ref_ipf_fut,ikotetho,ik.ot.ˈeθ.o,auxiliary-form: 1st conditional reflexive imperfective (future)
aux_1_con_ref_prf_pst,ikotelhe,ik.ot.ˈeɬ.e,auxiliary-form: 1st conditional reflexive perfect (past)
aux_1_con_ref_prf_prs,ikotelha,ik.ot.ˈeɬ.a,auxiliary-form: 1st conditional reflexive perfect (present)
aux_1_con_ref_prf_fut,ikotelho,ik.ot.ˈeɬ.o,auxiliary-form: 1st conditional reflexive perfect (future)
aux_1_con_ref_nea_pst,ikotetle,ik.ot.ˈeƛ.e,auxiliary-form: 1st conditional reflexive near (past)
aux_1_con_ref_nea_prs,ikotetla,ik.ot.ˈeƛ.a,auxiliary-form: 1st conditional reflexive near (present)
aux_1_con_ref_nea_fut,ikotetlo,ik.ot.ˈeƛ.o,auxiliary-form: 1st conditional reflexive near (future)
aux_1_con_ref_imm_pst,ikoteke,ik.ot.ˈek.e,auxiliary-form: 1st conditional reflexive immediate (past)
aux_1_con_ref_imm_prs,ikoteka,ik.ot.ˈek.a,auxiliary-form: 1st conditional reflexive immediate (present)
aux_1_con_ref_imm_fut,ikoteko,ik.ot.ˈek.o,auxiliary-form: 1st conditional reflexive immediate (future)
aux_1_con_ref_hab_pst,ikoteme,ik.ot.ˈem.e,auxiliary-form: 1st conditional reflexive habitual (past)
aux_1_con_ref_hab_prs,ikotema,ik.ot.ˈem.a,auxiliary-form: 1st conditional reflexive habitual (present)
aux_1_con_ref_hab_fut,ikotemo,ik.ot.ˈem.o,auxiliary-form: 1st conditional reflexive habitual (future)
aux_1_con_ref_pro_pst,ikotese,ik.ot.ˈes.e,auxiliary-form: 1st conditional reflexive progressive (past)
aux_1_con_ref_pro_prs,ikotesa,ik.ot.ˈes.a,auxiliary-form: 1st conditional reflexive progressive (present)
aux_1_con_ref_pro_fut,ikoteso,ik.ot.ˈes.o,auxiliary-form: 1st conditional reflexive progressive (future)
aux_1_con_ref_cnt_pst,ikoteshe,ik.ot.ˈeʃ.e,auxiliary-form: 1st conditional reflexive continuous (past)
aux_1_con_ref_cnt_prs,ikotesha,ik.ot.ˈeʃ.a,auxiliary-form: 1st conditional reflexive continuous (present)
aux_1_con_ref_cnt_fut,ikotesho,ik.ot.ˈeʃ.o,auxiliary-form: 1st conditional reflexive continuous (future)
aux_1_con_ref_itr_pst,ikotene,ik.ot.ˈen.e,auxiliary-form: 1st conditional reflexive iterative (past)
aux_1_con_ref_itr_prs,ikotena,ik.ot.ˈen.a,auxiliary-form: 1st conditional reflexive iterative (present)
aux_1_con_ref_itr_fut,ikoteno,ik.ot.ˈen.o,auxiliary-form: 1st conditional reflexive iterative (future)
aux_1_con_ref_inc_pst,ikoteye,ik.ot.ˈej.e,auxiliary-form: 1st conditional reflexive inceptive (past)
aux_1_con_ref_inc_prs,ikoteya,ik.ot.ˈej.a,auxiliary-form: 1st conditional reflexive inceptive (present)
aux_1_con_ref_inc_fut,ikoteyo,ik.ot.ˈej.o,auxiliary-form: 1st conditional reflexive inceptive (future)
aux_1_con_ref_ces_pst,ikotepe,ik.ot.ˈep.e,auxiliary-form: 1st conditional reflexive cessative (past)
aux_1_con_ref_ces_prs,ikotepa,ik.ot.ˈep.a,auxiliary-form: 1st conditional reflexive cessative (present)
aux_1_con_ref_ces_fut,ikotepo,ik.ot.ˈep.o,auxiliary-form: 1st conditional reflexive cessative (future)
aux_1_con_ref_rem_pst,ikotehe,ik.ot.ˈeh.e,auxiliary-form: 1st conditional reflexive remote (past)
aux_1_con_ref_rem_prs,ikoteha,ik.ot.ˈeh.a,auxiliary-form: 1st conditional reflexive remote (present)
aux_1_con_ref_rem_fut,ikoteho,ik.ot.ˈeh.o,auxiliary-form: 1st conditional reflexive remote (future)
aux_1_con_pas_sim_pst,ikopafe,ik.op.ˈaf.e,auxiliary-form: 1st conditional passive simple (past)
aux_1_con_pas_sim_prs,ikopafa,ik.op.ˈaf.a,auxiliary-form: 1st conditional passive simple (present)
aux_1_con_pas_sim_fut,ikopafo,ik.op.ˈaf.o,auxiliary-form: 1st conditional passive simple (future)
aux_1_con_pas_ipf_pst,ikopathe,ik.op.ˈaθ.e,auxiliary-form: 1st conditional passive imperfective (past)
aux_1_con_pas_ipf_prs,ikopatha,ik.op.ˈaθ.a,auxiliary-form: 1st conditional passive imperfective (present)
aux_1_con_pas_ipf_fut,ikopatho,ik.op.ˈaθ.o,auxiliary-form: 1st conditional passive imperfective (future)
aux_1_con_pas_prf_pst,ikopalhe,ik.op.ˈaɬ.e,auxiliary-form: 1st conditional passive perfect (past)
aux_1_con_pas_prf_prs,ikopalha,ik.op.ˈaɬ.a,auxiliary-form: 1st conditional passive perfect (present)
aux_1_con_pas_prf_fut,ikopalho,ik.op.ˈaɬ.o,auxiliary-form: 1st conditional passive perfect (future)
aux_1_con_pas_nea_pst,ikopatle,ik.op.ˈaƛ.e,auxiliary-form: 1st conditional passive near (past)
aux_1_con_pas_nea_prs,ikopatla,ik.op.ˈaƛ.a,auxiliary-form: 1st conditional passive near (present)
aux_1_con_pas_nea_fut,ikopatlo,ik.op.ˈaƛ.o,auxiliary-form: 1st conditional passive near (future)
aux_1_con_pas_imm_pst,ikopake,ik.op.ˈak.e,auxiliary-form: 1st conditional passive immediate (past)
aux_1_con_pas_imm_prs,ikopaka,ik.op.ˈak.a,auxiliary-form: 1st conditional passive immediate (present)
aux_1_con_pas_imm_fut,ikopako,ik.op.ˈak.o,auxiliary-form: 1st conditional passive immediate (future)
aux_1_con_pas_hab_pst,ikopame,ik.op.ˈam.e,auxiliary-form: 1st conditional passive habitual (past)
aux_1_con_pas_hab_prs,ikopama,ik.op.ˈam.a,auxiliary-form: 1st conditional passive habitual (present)
aux_1_con_pas_hab_fut,ikopamo,ik.op.ˈam.o,auxiliary-form: 1st conditional passive habitual (future)
aux_1_con_pas_pro_pst,ikopase,ik.op.ˈas.e,auxiliary-form: 1st conditional passive progressive (past)
aux_1_con_pas_pro_prs,ikopasa,ik.op.ˈas.a,auxiliary-form: 1st conditional passive progressive (present)
aux_1_con_pas_pro_fut,ikopaso,ik.op.ˈas.o,auxiliary-form: 1st conditional passive progressive (future)
aux_1_con_pas_cnt_pst,ikopashe,ik.op.ˈaʃ.e,auxiliary-form: 1st conditional passive continuous (past)
aux_1_con_pas_cnt_prs,ikopasha,ik.op.ˈaʃ.a,auxiliary-form: 1st conditional passive continuous (present)
aux_1_con_pas_cnt_fut,ikopasho,ik.op.ˈaʃ.o,auxiliary-form: 1st conditional passive continuous (future)
aux_1_con_pas_itr_pst,ikopane,ik.op.ˈan.e,auxiliary-form: 1st conditional passive iterative (past)
aux_1_con_pas_itr_prs,ikopana,ik.op.ˈan.a,auxiliary-form: 1st conditional passive iterative (present)
aux_1_con_pas_itr_fut,ikopano,ik.op.ˈan.o,auxiliary-form: 1st conditional passive iterative (future)
aux_1_con_pas_inc_pst,ikopaye,ik.op.ˈaj.e,auxiliary-form: 1st conditional passive inceptive (past)
aux_1_con_pas_inc_prs,ikopaya,ik.op.ˈaj.a,auxiliary-form: 1st conditional passive inceptive (present)
aux_1_con_pas_inc_fut,ikopayo,ik.op.ˈaj.o,auxiliary-form: 1st conditional passive inceptive (future)
aux_1_con_pas_ces_pst,ikopape,ik.op.ˈap.e,auxiliary-form: 1st conditional passive cessative (past)
aux_1_con_pas_ces_prs,ikopapa,ik.op.ˈap.a,auxiliary-form: 1st conditional passive cessative (present)
aux_1_con_pas_ces_fut,ikopapo,ik.op.ˈap.o,auxiliary-form: 1st conditional passive cessative (future)
aux_1_con_pas_rem_pst,ikopahe,ik.op.ˈah.e,auxiliary-form: 1st conditional passive remote (past)
aux_1_con_pas_rem_prs,ikopaha,ik.op.ˈah.a,auxiliary-form: 1st conditional passive remote (present)
aux_1_con_pas_rem_fut,ikopaho,ik.op.ˈah.o,auxiliary-form: 1st conditional passive remote (future)
aux_1_con_mid_sim_pst,ikomofe,ik.om.ˈof.e,auxiliary-form: 1st conditional middle simple (past)
aux_1_con_mid_sim_prs,ikomofa,ik.om.ˈof.a,auxiliary-form: 1st conditional middle simple (present)
aux_1_con_mid_sim_fut,ikomofo,ik.om.ˈof.o,auxiliary-form: 1st conditional middle simple (future)
aux_1_con_mid_ipf_pst,ikomothe,ik.om.ˈoθ.e,auxiliary-form: 1st conditional middle imperfective (past)
aux_1_con_mid_ipf_prs,ikomotha,ik.om.ˈoθ.a,auxiliary-form: 1st conditional middle imperfective (present)
aux_1_con_mid_ipf_fut,ikomotho,ik.om.ˈoθ.o,auxiliary-form: 1st conditional middle imperfective (future)
aux_1_con_mid_prf_pst,ikomolhe,ik.om.ˈoɬ.e,auxiliary-form: 1st conditional middle perfect (past)
aux_1_con_mid_prf_prs,ikomolha,ik.om.ˈoɬ.a,auxiliary-form: 1st conditional middle perfect (present)
aux_1_con_mid_prf_fut,ikomolho,ik.om.ˈoɬ.o,auxiliary-form: 1st conditional middle perfect (future)
aux_1_con_mid_nea_pst,ikomotle,ik.om.ˈoƛ.e,auxiliary-form: 1st conditional middle near (past)
aux_1_con_mid_nea_prs,ikomotla,ik.om.ˈoƛ.a,auxiliary-form: 1st conditional middle near (present)
aux_1_con_mid_nea_fut,ikomotlo,ik.om.ˈoƛ.o,auxiliary-form: 1st conditional middle near (future)
aux_1_con_mid_imm_pst,ikomoke,ik.om.ˈok.e,auxiliary-form: 1st conditional middle immediate (past)
aux_1_con_mid_imm_prs,ikomoka,ik.om.ˈok.a,auxiliary-form: 1st conditional middle immediate (present)
aux_1_con_mid_imm_fut,ikomoko,ik.om.ˈok.o,auxiliary-form: 1st conditional middle immediate (future)
aux_1_con_mid_hab_pst,ikomome,ik.om.ˈom.e,auxiliary-form: 1st conditional middle habitual (past)
aux_1_con_mid_hab_prs,ikomoma,ik.om.ˈom.a,auxiliary-form: 1st conditional middle habitual (present)
aux_1_con_mid_hab_fut,ikomomo,ik.om.ˈom.o,auxiliary-form: 1st conditional middle habitual (future)
aux_1_con_mid_pro_pst,ikomose,ik.om.ˈos.e,auxiliary-form: 1st conditional middle progressive (past)
aux_1_con_mid_pro_prs,ikomosa,ik.om.ˈos.a,auxiliary-form: 1st conditional middle progressive (present)
aux_1_con_mid_pro_fut,ikomoso,ik.om.ˈos.o,auxiliary-form: 1st conditional middle progressive (future)
aux_1_con_mid_cnt_pst,ikomoshe,ik.om.ˈoʃ.e,auxiliary-form: 1st conditional middle continuous (past)
aux_1_con_mid_cnt_prs,ikomosha,ik.om.ˈoʃ.a,auxiliary-form: 1st conditional middle continuous (present)
aux_1_con_mid_cnt_fut,ikomosho,ik.om.ˈoʃ.o,auxiliary-form: 1st conditional middle continuous (future)
aux_1_con_mid_itr_pst,ikomone,ik.om.ˈon.e,auxiliary-form: 1st conditional middle iterative (past)
aux_1_con_mid_itr_prs,ikomona,ik.om.ˈon.a,auxiliary-form: 1st conditional middle iterative (present)
aux_1_con_mid_itr_fut,ikomono,ik.om.ˈon.o,auxiliary-form: 1st conditional middle iterative (future)
aux_1_con_mid_inc_pst,ikomoye,ik.om.ˈoj.e,auxiliary-form: 1st conditional middle inceptive (past)
aux_1_con_mid_inc_prs,ikomoya,ik.om.ˈoj.a,auxiliary-form: 1st conditional middle inceptive (present)
aux_1_con_mid_inc_fut,ikomoyo,ik.om.ˈoj.o,auxiliary-form: 1st conditional middle inceptive (future)
aux_1_con_mid_ces_pst,ikomope,ik.om.ˈop.e,auxiliary-form: 1st conditional middle cessative (past)
aux_1_con_mid_ces_prs,ikomopa,ik.om.ˈop.a,auxiliary-form: 1st conditional middle cessative (present)
aux_1_con_mid_ces_fut,ikomopo,ik.om.ˈop.o,auxiliary-form: 1st conditional middle cessative (future)
aux_1_con_mid_rem_pst,ikomohe,ik.om.ˈoh.e,auxiliary-form: 1st conditional middle remote (past)
aux_1_con_mid_rem_prs,ikomoha,ik.om.ˈoh.a,auxiliary-form: 1st conditional middle remote (present)
aux_1_con_mid_rem_fut,ikomoho,ik.om.ˈoh.o,auxiliary-form: 1st conditional middle remote (future)
aux_1_con_cau_sim_pst,ikokefe,ik.ok.ˈef.e,auxiliary-form: 1st conditional causative simple (past)
aux_1_con_cau_sim_prs,ikokefa,ik.ok.ˈef.a,auxiliary-form: 1st conditional causative simple (present)
aux_1_con_cau_sim_fut,ikokefo,ik.ok.ˈef.o,auxiliary-form: 1st conditional causative simple (future)
aux_1_con_cau_ipf_pst,ikokethe,ik.ok.ˈeθ.e,auxiliary-form: 1st conditional causative imperfective (past)
aux_1_con_cau_ipf_prs,ikoketha,ik.ok.ˈeθ.a,auxiliary-form: 1st conditional causative imperfective (present)
aux_1_con_cau_ipf_fut,ikoketho,ik.ok.ˈeθ.o,auxiliary-form: 1st conditional causative imperfective (future)
aux_1_con_cau_prf_pst,ikokelhe,ik.ok.ˈeɬ.e,auxiliary-form: 1st conditional causative perfect (past)
aux_1_con_cau_prf_prs,ikokelha,ik.ok.ˈeɬ.a,auxiliary-form: 1st conditional causative perfect (present)
aux_1_con_cau_prf_fut,ikokelho,ik.ok.ˈeɬ.o,auxiliary-form: 1st conditional causative perfect (future)
aux_1_con_cau_nea_pst,ikoketle,ik.ok.ˈeƛ.e,auxiliary-form: 1st conditional causative near (past)
aux_1_con_cau_nea_prs,ikoketla,ik.ok.ˈeƛ.a,auxiliary-form: 1st conditional causative near (present)
aux_1_con_cau_nea_fut,ikoketlo,ik.ok.ˈeƛ.o,auxiliary-form: 1st conditional causative near (future)
aux_1_con_cau_imm_pst,ikokeke,ik.ok.ˈek.e,auxiliary-form: 1st conditional causative immediate (past)
aux_1_con_cau_imm_prs,ikokeka,ik.ok.ˈek.a,auxiliary-form: 1st conditional causative immediate (present)
aux_1_con_cau_imm_fut,ikokeko,ik.ok.ˈek.o,auxiliary-form: 1st conditional causative immediate (future)
aux_1_con_cau_hab_pst,ikokeme,ik.ok.ˈem.e,auxiliary-form: 1st conditional causative habitual (past)
aux_1_con_cau_hab_prs,ikokema,ik.ok.ˈem.a,auxiliary-form: 1st conditional causative habitual (present)
aux_1_con_cau_hab_fut,ikokemo,ik.ok.ˈem.o,auxiliary-form: 1st conditional causative habitual (future)
aux_1_con_cau_pro_pst,ikokese,ik.ok.ˈes.e,auxiliary-form: 1st conditional causative progressive (past)
aux_1_con_cau_pro_prs,ikokesa,ik.ok.ˈes.a,auxiliary-form: 1st conditional causative progressive (present)
aux_1_con_cau_pro_fut,ikokeso,ik.ok.ˈes.o,auxiliary-form: 1st conditional causative progressive (future)
aux_1_con_cau_cnt_pst,ikokeshe,ik.ok.ˈeʃ.e,auxiliary-form: 1st conditional causative continuous (past)
aux_1_con_cau_cnt_prs,ikokesha,ik.ok.ˈeʃ.a,auxiliary-form: 1st conditional causative continuous (present)
aux_1_con_cau_cnt_fut,ikokesho,ik.ok.ˈeʃ.o,auxiliary-form: 1st conditional causative continuous (future)
aux_1_con_cau_itr_pst,ikokene,ik.ok.ˈen.e,auxiliary-form: 1st conditional causative iterative (past)
aux_1_con_cau_itr_prs,ikokena,ik.ok.ˈen.a,auxiliary-form: 1st conditional causative iterative (present)
aux_1_con_cau_itr_fut,ikokeno,ik.ok.ˈen.o,auxiliary-form: 1st conditional causative iterative (future)
aux_1_con_cau_inc_pst,ikokeye,ik.ok.ˈej.e,auxiliary-form: 1st conditional causative inceptive (past)
aux_1_con_cau_inc_prs,ikokeya,ik.ok.ˈej.a,auxiliary-form: 1st conditional causative inceptive (present)
aux_1_con_cau_inc_fut,ikokeyo,ik.ok.ˈej.o,auxiliary-form: 1st conditional causative inceptive (future)
aux_1_con_cau_ces_pst,ikokepe,ik.ok.ˈep.e,auxiliary-form: 1st conditional causative cessative (past)
aux_1_con_cau_ces_prs,ikokepa,ik.ok.ˈep.a,auxiliary-form: 1st conditional causative cessative (present)
aux_1_con_cau_ces_fut,ikokepo,ik.ok.ˈep.o,auxiliary-form: 1st conditional causative cessative (future)
aux_1_con_cau_rem_pst,ikokehe,ik.ok.ˈeh.e,auxiliary-form: 1st conditional causative remote (past)
aux_1_con_cau_rem_prs,ikokeha,ik.ok.ˈeh.a,auxiliary-form: 1st conditional causative remote (present)
aux_1_con_cau_rem_fut,ikokeho,ik.ok.ˈeh.o,auxiliary-form: 1st conditional causative remote (future)
aux_1_con_rec_sim_pst,ikorafe,ik.or.ˈaf.e,auxiliary-form: 1st conditional reciprocal simple (past)
aux_1_con_rec_sim_prs,ikorafa,ik.or.ˈaf.a,auxiliary-form: 1st conditional reciprocal simple (present)
aux_1_con_rec_sim_fut,ikorafo,ik.or.ˈaf.o,auxiliary-form: 1st conditional reciprocal simple (future)
aux_1_con_rec_ipf_pst,ikorathe,ik.or.ˈaθ.e,auxiliary-form: 1st conditional reciprocal imperfective (past)
aux_1_con_rec_ipf_prs,ikoratha,ik.or.ˈaθ.a,auxiliary-form: 1st conditional reciprocal imperfective (present)
aux_1_con_rec_ipf_fut,ikoratho,ik.or.ˈaθ.o,auxiliary-form: 1st conditional reciprocal imperfective (future)
aux_1_con_rec_prf_pst,ikoralhe,ik.or.ˈaɬ.e,auxiliary-form: 1st conditional reciprocal perfect (past)
aux_1_con_rec_prf_prs,ikoralha,ik.or.ˈaɬ.a,auxiliary-form: 1st conditional reciprocal perfect (present)
aux_1_con_rec_prf_fut,ikoralho,ik.or.ˈaɬ.o,auxiliary-form: 1st conditional reciprocal perfect (future)
aux_1_con_rec_nea_pst,ikoratle,ik.or.ˈaƛ.e,auxiliary-form: 1st conditional reciprocal near (past)
aux_1_con_rec_nea_prs,ikoratla,ik.or.ˈaƛ.a,auxiliary-form: 1st conditional reciprocal near (present)
aux_1_con_rec_nea_fut,ikoratlo,ik.or.ˈaƛ.o,auxiliary-form: 1st conditional reciprocal near (future)
aux_1_con_rec_imm_pst,ikorake,ik.or.ˈak.e,auxiliary-form: 1st conditional reciprocal immediate (past)
aux_1_con_rec_imm_prs,ikoraka,ik.or.ˈak.a,auxiliary-form: 1st conditional reciprocal immediate (present)
aux_1_con_rec_imm_fut,ikorako,ik.or.ˈak.o,auxiliary-form: 1st conditional reciprocal immediate (future)
aux_1_con_rec_hab_pst,ikorame,ik.or.ˈam.e,auxiliary-form: 1st conditional reciprocal habitual (past)
aux_1_con_rec_hab_prs,ikorama,ik.or.ˈam.a,auxiliary-form: 1st conditional reciprocal habitual (present)
aux_1_con_rec_hab_fut,ikoramo,ik.or.ˈam.o,auxiliary-form: 1st conditional reciprocal habitual (future)
aux_1_con_rec_pro_pst,ikorase,ik.or.ˈas.e,auxiliary-form: 1st conditional reciprocal progressive (past)
aux_1_con_rec_pro_prs,ikorasa,ik.or.ˈas.a,auxiliary-form: 1st conditional reciprocal progressive (present)
aux_1_con_rec_pro_fut,ikoraso,ik.or.ˈas.o,auxiliary-form: 1st conditional reciprocal progressive (future)
aux_1_con_rec_cnt_pst,ikorashe,ik.or.ˈaʃ.e,auxiliary-form: 1st conditional reciprocal continuous (past)
aux_1_con_rec_cnt_prs,ikorasha,ik.or.ˈaʃ.a,auxiliary-form: 1st conditional reciprocal continuous (present)
aux_1_con_rec_cnt_fut,ikorasho,ik.or.ˈaʃ.o,auxiliary-form: 1st conditional reciprocal continuous (future)
aux_1_con_rec_itr_pst,ikorane,ik.or.ˈan.e,auxiliary-form: 1st conditional reciprocal iterative (past)
aux_1_con_rec_itr_prs,ikorana,ik.or.ˈan.a,auxiliary-form: 1st conditional reciprocal iterative (present)
aux_1_con_rec_itr_fut,ikorano,ik.or.ˈan.o,auxiliary-form: 1st conditional reciprocal iterative (future)
aux_1_con_rec_inc_pst,ikoraye,ik.or.ˈaj.e,auxiliary-form: 1st conditional reciprocal inceptive (past)
aux_1_con_rec_inc_prs,ikoraya,ik.or.ˈaj.a,auxiliary-form: 1st conditional reciprocal inceptive (present)
aux_1_con_rec_inc_fut,ikorayo,ik.or.ˈaj.o,auxiliary-form: 1st conditional reciprocal inceptive (future)
aux_1_con_rec_ces_pst,ikorape,ik.or.ˈap.e,auxiliary-form: 1st conditional reciprocal cessative (past)
aux_1_con_rec_ces_prs,ikorapa,ik.or.ˈap.a,auxiliary-form: 1st conditional reciprocal cessative (present)
aux_1_con_rec_ces_fut,ikorapo,ik.or.ˈap.o,auxiliary-form: 1st conditional reciprocal cessative (future)
aux_1_con_rec_rem_pst,ikorahe,ik.or.ˈah.e,auxiliary-form: 1st conditional reciprocal remote (past)
aux_1_con_rec_rem_prs,ikoraha,ik.or.ˈah.a,auxiliary-form: 1st conditional reciprocal remote (present)
aux_1_con_rec_rem_fut,ikoraho,ik.or.ˈah.o,auxiliary-form: 1st conditional reciprocal remote (future)
aux_1_ctr_sim_pst,iksofe,iks.ˈof.e,auxiliary-form: 1st counterfactual simple (past)
aux_1_ctr_sim_prs,iksofa,iks.ˈof.a,auxiliary-form: 1st counterfactual simple (present)
aux_1_ctr_sim_fut,iksofo,iks.ˈof.o,auxiliary-form: 1st counterfactual simple (future)
aux_1_ctr_ipf_pst,iksothe,iks.ˈoθ.e,auxiliary-form: 1st counterfactual imperfective (past)
aux_1_ctr_ipf_prs,iksotha,iks.ˈoθ.a,auxiliary-form: 1st counterfactual imperfective (present)
aux_1_ctr_ipf_fut,iksotho,iks.ˈoθ.o,auxiliary-form: 1st counterfactual imperfective (future)
aux_1_ctr_prf_pst,iksolhe,iks.ˈoɬ.e,auxiliary-form: 1st counterfactual perfect (past)
aux_1_ctr_prf_prs,iksolha,iks.ˈoɬ.a,auxiliary-form: 1st counterfactual perfect (present)
aux_1_ctr_prf_fut,iksolho,iks.ˈoɬ.o,auxiliary-form: 1st counterfactual perfect (future)
aux_1_ctr_nea_pst,iksotle,iks.ˈoƛ.e,auxiliary-form: 1st counterfactual near (past)
aux_1_ctr_nea_prs,iksotla,iks.ˈoƛ.a,auxiliary-form: 1st counterfactual near (present)
aux_1_ctr_nea_fut,iksotlo,iks.ˈoƛ.o,auxiliary-form: 1st counterfactual near (future)
aux_1_ctr_imm_pst,iksoke,iks.ˈok.e,auxiliary-form: 1st counterfactual immediate (past)
aux_1_ctr_imm_prs,iksoka,iks.ˈok.a,auxiliary-form: 1st counterfactual immediate (present)
aux_1_ctr_imm_fut,iksoko,iks.ˈok.o,auxiliary-form: 1st counterfactual immediate (future)
aux_1_ctr_hab_pst,iksome,iks.ˈom.e,auxiliary-form: 1st counterfactual habitual (past)
aux_1_ctr_hab_prs,iksoma,iks.ˈom.a,auxiliary-form: 1st counterfactual habitual (present)
aux_1_ctr_hab_fut,iksomo,iks.ˈom.o,auxiliary-form: 1st counterfactual habitual (future)
aux_1_ctr_pro_pst,iksose,iks.ˈos.e,auxiliary-form: 1st counterfactual progressive (past)
aux_1_ctr_pro_prs,iksosa,iks.ˈos.a,auxiliary-form: 1st counterfactual progressive (present)
aux_1_ctr_pro_fut,iksoso,iks.ˈos.o,auxiliary-form: 1st counterfactual progressive (future)
aux_1_ctr_cnt_pst,iksoshe,iks.ˈoʃ.e,auxiliary-form: 1st counterfactual continuous (past)
aux_1_ctr_cnt_prs,iksosha,iks.ˈoʃ.a,auxiliary-form: 1st counterfactual continuous (present)
aux_1_ctr_cnt_fut,iksosho,iks.ˈoʃ.o,auxiliary-form: 1st counterfactual continuous (future)
aux_1_ctr_itr_pst,iksone,iks.ˈon.e,auxiliary-form: 1st counterfactual iterative (past)
aux_1_ctr_itr_prs,iksona,iks.ˈon.a,auxiliary-form: 1st counterfactual iterative (present)
aux_1_ctr_itr_fut,iksono,iks.ˈon.o,auxiliary-form: 1st counterfactual iterative (future)
aux_1_ctr_inc_pst,iksoye,iks.ˈoj.e,auxiliary-form: 1st counterfactual inceptive (past)
aux_1_ctr_inc_prs,iksoya,iks.ˈoj.a,auxiliary-form: 1st counterfactual inceptive (present)
aux_1_ctr_inc_fut,iksoyo,iks.ˈoj.o,auxiliary-form: 1st counterfactual inceptive (future)
aux_1_ctr_ces_pst,iksope,iks.ˈop.e,auxiliary-form: 1st counterfactual cessative (past)
aux_1_ctr_ces_prs,iksopa,iks.ˈop.a,auxiliary-form: 1st counterfactual cessative (present)
aux_1_ctr_ces_fut,iksopo,iks.ˈop.o,auxiliary-form: 1st counterfactual cessative (future)
aux_1_ctr_rem_pst,iksohe,iks.ˈoh.e,auxiliary-form: 1st counterfactual remote (past)
aux_1_ctr_rem_prs,iksoha,iks.ˈoh.a,auxiliary-form: 1st counterfactual remote (present)
aux_1_ctr_rem_fut,iksoho,iks.ˈoh.o,auxiliary-form: 1st counterfactual remote (future)
aux_1_ctr_ref_sim_pst,iksotefe,iks.ot.ˈef.e,auxiliary-form: 1st counterfactual reflexive simple (past)
aux_1_ctr_ref_sim_prs,iksotefa,iks.ot.ˈef.a,auxiliary-form: 1st counterfactual reflexive simple (present)
aux_1_ctr_ref_sim_fut,iksotefo,iks.ot.ˈef.o,auxiliary-form: 1st counterfactual reflexive simple (future)
aux_1_ctr_ref_ipf_pst,iksotethe,iks.ot.ˈeθ.e,auxiliary-form: 1st counterfactual reflexive imperfective (past)
aux_1_ctr_ref_ipf_prs,iksotetha,iks.ot.ˈeθ.a,auxiliary-form: 1st counterfactual reflexive imperfective (present)
aux_1_ctr_ref_ipf_fut,iksotetho,iks.ot.ˈeθ.o,auxiliary-form: 1st counterfactual reflexive imperfective (future)
aux_1_ctr_ref_prf_pst,iksotelhe,iks.ot.ˈeɬ.e,auxiliary-form: 1st counterfactual reflexive perfect (past)
aux_1_ctr_ref_prf_prs,iksotelha,iks.ot.ˈeɬ.a,auxiliary-form: 1st counterfactual reflexive perfect (present)
aux_1_ctr_ref_prf_fut,iksotelho,iks.ot.ˈeɬ.o,auxiliary-form: 1st counterfactual reflexive perfect (future)
aux_1_ctr_ref_nea_pst,iksotetle,iks.ot.ˈeƛ.e,auxiliary-form: 1st counterfactual reflexive near (past)
aux_1_ctr_ref_nea_prs,iksotetla,iks.ot.ˈeƛ.a,auxiliary-form: 1st counterfactual reflexive near (present)
aux_1_ctr_ref_nea_fut,iksotetlo,iks.ot.ˈeƛ.o,auxiliary-form: 1st counterfactual reflexive near (future)
aux_1_ctr_ref_imm_pst,iksoteke,iks.ot.ˈek.e,auxiliary-form: 1st counterfactual reflexive immediate (past)
aux_1_ctr_ref_imm_prs,iksoteka,iks.ot.ˈek.a,auxiliary-form: 1st counterfactual reflexive immediate (present)
aux_1_ctr_ref_imm_fut,iksoteko,iks.ot.ˈek.o,auxiliary-form: 1st counterfactual reflexive immediate (future)
aux_1_ctr_ref_hab_pst,iksoteme,iks.ot.ˈem.e,auxiliary-form: 1st counterfactual reflexive habitual (past)
aux_1_ctr_ref_hab_prs,iksotema,iks.ot.ˈem.a,auxiliary-form: 1st counterfactual reflexive habitual (present)
aux_1_ctr_ref_hab_fut,iksotemo,iks.ot.ˈem.o,auxiliary-form: 1st counterfactual reflexive habitual (future)
aux_1_ctr_ref_pro_pst,iksotese,iks.ot.ˈes.e,auxiliary-form: 1st counterfactual reflexive progressive (past)
aux_1_ctr_ref_pro_prs,iksotesa,iks.ot.ˈes.a,auxiliary-form: 1st counterfactual reflexive progressive (present)
aux_1_ctr_ref_pro_fut,iksoteso,iks.ot.ˈes.o,auxiliary-form: 1st counterfactual reflexive progressive (future)
aux_1_ctr_ref_cnt_pst,iksoteshe,iks.ot.ˈeʃ.e,auxiliary-form: 1st counterfactual reflexive continuous (past)
aux_1_ctr_ref_cnt_prs,iksotesha,iks.ot.ˈeʃ.a,auxiliary-form: 1st counterfactual reflexive continuous (present)
aux_1_ctr_ref_cnt_fut,iksotesho,iks.ot.ˈeʃ.o,auxiliary-form: 1st counterfactual reflexive continuous (future)
aux_1_ctr_ref_itr_pst,iksotene,iks.ot.ˈen.e,auxiliary-form: 1st counterfactual reflexive iterative (past)
aux_1_ctr_ref_itr_prs,iksotena,iks.ot.ˈen.a,auxiliary-form: 1st counterfactual reflexive iterative (present)
aux_1_ctr_ref_itr_fut,iksoteno,iks.ot.ˈen.o,auxiliary-form: 1st counterfactual reflexive iterative (future)
aux_1_ctr_ref_inc_pst,iksoteye,iks.ot.ˈej.e,auxiliary-form: 1st counterfactual reflexive inceptive (past)
aux_1_ctr_ref_inc_prs,iksoteya,iks.ot.ˈej.a,auxiliary-form: 1st counterfactual reflexive inceptive (present)
aux_1_ctr_ref_inc_fut,iksoteyo,iks.ot.ˈej.o,auxiliary-form: 1st counterfactual reflexive inceptive (future)
aux_1_ctr_ref_ces_pst,iksotepe,iks.ot.ˈep.e,auxiliary-form: 1st counterfactual reflexive cessative (past)
aux_1_ctr_ref_ces_prs,iksotepa,iks.ot.ˈep.a,auxiliary-form: 1st counterfactual reflexive cessative (present)
aux_1_ctr_ref_ces_fut,iksotepo,iks.ot.ˈep.o,auxiliary-form: 1st counterfactual reflexive cessative (future)
aux_1_ctr_ref_rem_pst,iksotehe,iks.ot.ˈeh.e,auxiliary-form: 1st counterfactual reflexive remote (past)
aux_1_ctr_ref_rem_prs,iksoteha,iks.ot.ˈeh.a,auxiliary-form: 1st counterfactual reflexive remote (present)
aux_1_ctr_ref_rem_fut,iksoteho,iks.ot.ˈeh.o,auxiliary-form: 1st counterfactual reflexive remote (future)
aux_1_ctr_pas_sim_pst,iksopafe,iks.op.ˈaf.e,auxiliary-form: 1st counterfactual passive simple (past)
aux_1_ctr_pas_sim_prs,iksopafa,iks.op.ˈaf.a,auxiliary-form: 1st counterfactual passive simple (present)
aux_1_ctr_pas_sim_fut,iksopafo,iks.op.ˈaf.o,auxiliary-form: 1st counterfactual passive simple (future)
aux_1_ctr_pas_ipf_pst,iksopathe,iks.op.ˈaθ.e,auxiliary-form: 1st counterfactual passive imperfective (past)
aux_1_ctr_pas_ipf_prs,iksopatha,iks.op.ˈaθ.a,auxiliary-form: 1st counterfactual passive imperfective (present)
aux_1_ctr_pas_ipf_fut,iksopatho,iks.op.ˈaθ.o,auxiliary-form: 1st counterfactual passive imperfective (future)
aux_1_ctr_pas_prf_pst,iksopalhe,iks.op.ˈaɬ.e,auxiliary-form: 1st counterfactual passive perfect (past)
aux_1_ctr_pas_prf_prs,iksopalha,iks.op.ˈaɬ.a,auxiliary-form: 1st counterfactual passive perfect (present)
aux_1_ctr_pas_prf_fut,iksopalho,iks.op.ˈaɬ.o,auxiliary-form: 1st counterfactual passive perfect (future)
aux_1_ctr_pas_nea_pst,iksopatle,iks.op.ˈaƛ.e,auxiliary-form: 1st counterfactual passive near (past)
aux_1_ctr_pas_nea_prs,iksopatla,iks.op.ˈaƛ.a,auxiliary-form: 1st counterfactual passive near (present)
aux_1_ctr_pas_nea_fut,iksopatlo,iks.op.ˈaƛ.o,auxiliary-form: 1st counterfactual passive near (future)
aux_1_ctr_pas_imm_pst,iksopake,iks.op.ˈak.e,auxiliary-form: 1st counterfactual passive immediate (past)
aux_1_ctr_pas_imm_prs,iksopaka,iks.op.ˈak.a,auxiliary-form: 1st counterfactual passive immediate (present)
aux_1_ctr_pas_imm_fut,iksopako,iks.op.ˈak.o,auxiliary-form: 1st counterfactual passive immediate (future)
aux_1_ctr_pas_hab_pst,iksopame,iks.op.ˈam.e,auxiliary-form: 1st counterfactual passive habitual (past)
aux_1_ctr_pas_hab_prs,iksopama,iks.op.ˈam.a,auxiliary-form: 1st counterfactual passive habitual (present)
aux_1_ctr_pas_hab_fut,iksopamo,iks.op.ˈam.o,auxiliary-form: 1st counterfactual passive habitual (future)
aux_1_ctr_pas_pro_pst,iksopase,iks.op.ˈas.e,auxiliary-form: 1st counterfactual passive progressive (past)
aux_1_ctr_pas_pro_prs,iksopasa,iks.op.ˈas.a,auxiliary-form: 1st counterfactual passive progressive (present)
aux_1_ctr_pas_pro_fut,iksopaso,iks.op.ˈas.o,auxiliary-form: 1st counterfactual passive progressive (future)
aux_1_ctr_pas_cnt_pst,iksopashe,iks.op.ˈaʃ.e,auxiliary-form: 1st counterfactual passive continuous (past)
aux_1_ctr_pas_cnt_prs,iksopasha,iks.op.ˈaʃ.a,auxiliary-form: 1st counterfactual passive continuous (present)
aux_1_ctr_pas_cnt_fut,iksopasho,iks.op.ˈaʃ.o,auxiliary-form: 1st counterfactual passive continuous (future)
aux_1_ctr_pas_itr_pst,iksopane,iks.op.ˈan.e,auxiliary-form: 1st counterfactual passive iterative (past)
aux_1_ctr_pas_itr_prs,iksopana,iks.op.ˈan.a,auxiliary-form: 1st counterfactual passive iterative (present)
aux_1_ctr_pas_itr_fut,iksopano,iks.op.ˈan.o,auxiliary-form: 1st counterfactual passive iterative (future)
aux_1_ctr_pas_inc_pst,iksopaye,iks.op.ˈaj.e,auxiliary-form: 1st counterfactual passive inceptive (past)
aux_1_ctr_pas_inc_prs,iksopaya,iks.op.ˈaj.a,auxiliary-form: 1st counterfactual passive inceptive (present)
aux_1_ctr_pas_inc_fut,iksopayo,iks.op.ˈaj.o,auxiliary-form: 1st counterfactual passive inceptive (future)
aux_1_ctr_pas_ces_pst,iksopape,iks.op.ˈap.e,auxiliary-form: 1st counterfactual passive cessative (past)
aux_1_ctr_pas_ces_prs,iksopapa,iks.op.ˈap.a,auxiliary-form: 1st counterfactual passive cessative (present)
aux_1_ctr_pas_ces_fut,iksopapo,iks.op.ˈap.o,auxiliary-form: 1st counterfactual passive cessative (future)
aux_1_ctr_pas_rem_pst,iksopahe,iks.op.ˈah.e,auxiliary-form: 1st counterfactual passive remote (past)
aux_1_ctr_pas_rem_prs,iksopaha,iks.op.ˈah.a,auxiliary-form: 1st counterfactual passive remote (present)
aux_1_ctr_pas_rem_fut,iksopaho,iks.op.ˈah.o,auxiliary-form: 1st counterfactual passive remote (future)
aux_1_ctr_mid_sim_pst,iksomofe,iks.om.ˈof.e,auxiliary-form: 1st counterfactual middle simple (past)
aux_1_ctr_mid_sim_prs,iksomofa,iks.om.ˈof.a,auxiliary-form: 1st counterfactual middle simple (present)
aux_1_ctr_mid_sim_fut,iksomofo,iks.om.ˈof.o,auxiliary-form: 1st counterfactual middle simple (future)
aux_1_ctr_mid_ipf_pst,iksomothe,iks.om.ˈoθ.e,auxiliary-form: 1st counterfactual middle imperfective (past)
aux_1_ctr_mid_ipf_prs,iksomotha,iks.om.ˈoθ.a,auxiliary-form: 1st counterfactual middle imperfective (present)
aux_1_ctr_mid_ipf_fut,iksomotho,iks.om.ˈoθ.o,auxiliary-form: 1st counterfactual middle imperfective (future)
aux_1_ctr_mid_prf_pst,iksomolhe,iks.om.ˈoɬ.e,auxiliary-form: 1st counterfactual middle perfect (past)
aux_1_ctr_mid_prf_prs,iksomolha,iks.om.ˈoɬ.a,auxiliary-form: 1st counterfactual middle perfect (present)
aux_1_ctr_mid_prf_fut,iksomolho,iks.om.ˈoɬ.o,auxiliary-form: 1st counterfactual middle perfect (future)
aux_1_ctr_mid_nea_pst,iksomotle,iks.om.ˈoƛ.e,auxiliary-form: 1st counterfactual middle near (past)
aux_1_ctr_mid_nea_prs,iksomotla,iks.om.ˈoƛ.a,auxiliary-form: 1st counterfactual middle near (present)
aux_1_ctr_mid_nea_fut,iksomotlo,iks.om.ˈoƛ.o,auxiliary-form: 1st counterfactual middle near (future)
aux_1_ctr_mid_imm_pst,iksomoke,iks.om.ˈok.e,auxiliary-form: 1st counterfactual middle immediate (past)
aux_1_ctr_mid_imm_prs,iksomoka,iks.om.ˈok.a,auxiliary-form: 1st counterfactual middle immediate (present)
aux_1_ctr_mid_imm_fut,iksomoko,iks.om.ˈok.o,auxiliary-form: 1st counterfactual middle immediate (future)
aux_1_ctr_mid_hab_pst,iksomome,iks.om.ˈom.e,auxiliary-form: 1st counterfactual middle habitual (past)
aux_1_ctr_mid_hab_prs,iksomoma,iks.om.ˈom.a,auxiliary-form: 1st counterfactual middle habitual (present)
aux_1_ctr_mid_hab_fut,iksomomo,iks.om.ˈom.o,auxiliary-form: 1st counterfactual middle habitual (future)
aux_1_ctr_mid_pro_pst,iksomose,iks.om.ˈos.e,auxiliary-form: 1st counterfactual middle progressive (past)
aux_1_ctr_mid_pro_prs,iksomosa,iks.om.ˈos.a,auxiliary-form: 1st counterfactual middle progressive (present)
aux_1_ctr_mid_pro_fut,iksomoso,iks.om.ˈos.o,auxiliary-form: 1st counterfactual middle progressive (future)
aux_1_ctr_mid_cnt_pst,iksomoshe,iks.om.ˈoʃ.e,auxiliary-form: 1st counterfactual middle continuous (past)
aux_1_ctr_mid_cnt_prs,iksomosha,iks.om.ˈoʃ.a,auxiliary-form: 1st counterfactual middle continuous (present)
aux_1_ctr_mid_cnt_fut,iksomosho,iks.om.ˈoʃ.o,auxiliary-form: 1st counterfactual middle continuous (future)
aux_1_ctr_mid_itr_pst,iksomone,iks.om.ˈon.e,auxiliary-form: 1st counterfactual middle iterative (past)
aux_1_ctr_mid_itr_prs,iksomona,iks.om.ˈon.a,auxiliary-form: 1st counterfactual middle iterative (present)
aux_1_ctr_mid_itr_fut,iksomono,iks.om.ˈon.o,auxiliary-form: 1st counterfactual middle iterative (future)
aux_1_ctr_mid_inc_pst,iksomoye,iks.om.ˈoj.e,auxiliary-form: 1st counterfactual middle inceptive (past)
aux_1_ctr_mid_inc_prs,iksomoya,iks.om.ˈoj.a,auxiliary-form: 1st counterfactual middle inceptive (present)
aux_1_ctr_mid_inc_fut,iksomoyo,iks.om.ˈoj.o,auxiliary-form: 1st counterfactual middle inceptive (future)
aux_1_ctr_mid_ces_pst,iksomope,iks.om.ˈop.e,auxiliary-form: 1st counterfactual middle cessative (past)
aux_1_ctr_mid_ces_prs,iksomopa,iks.om.ˈop.a,auxiliary-form: 1st counterfactual middle cessative (present)
aux_1_ctr_mid_ces_fut,iksomopo,iks.om.ˈop.o,auxiliary-form: 1st counterfactual middle cessative (future)
aux_1_ctr_mid_rem_pst,iksomohe,iks.om.ˈoh.e,auxiliary-form: 1st counterfactual middle remote (past)
aux_1_ctr_mid_rem_prs,iksomoha,iks.om.ˈoh.a,auxiliary-form: 1st counterfactual middle remote (present)
aux_1_ctr_mid_rem_fut,iksomoho,iks.om.ˈoh.o,auxiliary-form: 1st counterfactual middle remote (future)
aux_1_ctr_cau_sim_pst,iksokefe,iks.ok.ˈef.e,auxiliary-form: 1st counterfactual causative simple (past)
aux_1_ctr_cau_sim_prs,iksokefa,iks.ok.ˈef.a,auxiliary-form: 1st counterfactual causative simple (present)
aux_1_ctr_cau_sim_fut,iksokefo,iks.ok.ˈef.o,auxiliary-form: 1st counterfactual causative simple (future)
aux_1_ctr_cau_ipf_pst,iksokethe,iks.ok.ˈeθ.e,auxiliary-form: 1st counterfactual causative imperfective (past)
aux_1_ctr_cau_ipf_prs,iksoketha,iks.ok.ˈeθ.a,auxiliary-form: 1st counterfactual causative imperfective (present)
aux_1_ctr_cau_ipf_fut,iksoketho,iks.ok.ˈeθ.o,auxiliary-form: 1st counterfactual causative imperfective (future)
aux_1_ctr_cau_prf_pst,iksokelhe,iks.ok.ˈeɬ.e,auxiliary-form: 1st counterfactual causative perfect (past)
aux_1_ctr_cau_prf_prs,iksokelha,iks.ok.ˈeɬ.a,auxiliary-form: 1st counterfactual causative perfect (present)
aux_1_ctr_cau_prf_fut,iksokelho,iks.ok.ˈeɬ.o,auxiliary-form: 1st counterfactual causative perfect (future)
aux_1_ctr_cau_nea_pst,iksoketle,iks.ok.ˈeƛ.e,auxiliary-form: 1st counterfactual causative near (past)
aux_1_ctr_cau_nea_prs,iksoketla,iks.ok.ˈeƛ.a,auxiliary-form: 1st counterfactual causative near (present)
aux_1_ctr_cau_nea_fut,iksoketlo,iks.ok.ˈeƛ.o,auxiliary-form: 1st counterfactual causative near (future)
aux_1_ctr_cau_imm_pst,iksokeke,iks.ok.ˈek.e,auxiliary-form: 1st counterfactual causative immediate (past)
aux_1_ctr_cau_imm_prs,iksokeka,iks.ok.ˈek.a,auxiliary-form: 1st counterfactual causative immediate (present)
aux_1_ctr_cau_imm_fut,iksokeko,iks.ok.ˈek.o,auxiliary-form: 1st counterfactual causative immediate (future)
aux_1_ctr_cau_hab_pst,iksokeme,iks.ok.ˈem.e,auxiliary-form: 1st counterfactual causative habitual (past)
aux_1_ctr_cau_hab_prs,iksokema,iks.ok.ˈem.a,auxiliary-form: 1st counterfactual causative habitual (present)
aux_1_ctr_cau_hab_fut,iksokemo,iks.ok.ˈem.o,auxiliary-form: 1st counterfactual causative habitual (future)
aux_1_ctr_cau_pro_pst,iksokese,iks.ok.ˈes.e,auxiliary-form: 1st counterfactual causative progressive (past)
aux_1_ctr_cau_pro_prs,iksokesa,iks.ok.ˈes.a,auxiliary-form: 1st counterfactual causative progressive (present)
aux_1_ctr_cau_pro_fut,iksokeso,iks.ok.ˈes.o,auxiliary-form: 1st counterfactual causative progressive (future)
aux_1_ctr_cau_cnt_pst,iksokeshe,iks.ok.ˈeʃ.e,auxiliary-form: 1st counterfactual causative continuous (past)
aux_1_ctr_cau_cnt_prs,iksokesha,iks.ok.ˈeʃ.a,auxiliary-form: 1st counterfactual causative continuous (present)
aux_1_ctr_cau_cnt_fut,iksokesho,iks.ok.ˈeʃ.o,auxiliary-form: 1st counterfactual causative continuous (future)
aux_1_ctr_cau_itr_pst,iksokene,iks.ok.ˈen.e,auxiliary-form: 1st counterfactual causative iterative (past)
aux_1_ctr_cau_itr_prs,iksokena,iks.ok.ˈen.a,auxiliary-form: 1st counterfactual causative iterative (present)
aux_1_ctr_cau_itr_fut,iksokeno,iks.ok.ˈen.o,auxiliary-form: 1st counterfactual causative iterative (future)
aux_1_ctr_cau_inc_pst,iksokeye,iks.ok.ˈej.e,auxiliary-form: 1st counterfactual causative inceptive (past)
aux_1_ctr_cau_inc_prs,iksokeya,iks.ok.ˈej.a,auxiliary-form: 1st counterfactual causative inceptive (present)
aux_1_ctr_cau_inc_fut,iksokeyo,iks.ok.ˈej.o,auxiliary-form: 1st counterfactual causative inceptive (future)
aux_1_ctr_cau_ces_pst,iksokepe,iks.ok.ˈep.e,auxiliary-form: 1st counterfactual causative cessative (past)
aux_1_ctr_cau_ces_prs,iksokepa,iks.ok.ˈep.a,auxiliary-form: 1st counterfactual causative cessative (present)
aux_1_ctr_cau_ces_fut,iksokepo,iks.ok.ˈep.o,auxiliary-form: 1st counterfactual causative cessative (future)
aux_1_ctr_cau_rem_pst,iksokehe,iks.ok.ˈeh.e,auxiliary-form: 1st counterfactual causative remote (past)
aux_1_ctr_cau_rem_prs,iksokeha,iks.ok.ˈeh.a,auxiliary-form: 1st counterfactual causative remote (present)
aux_1_ctr_cau_rem_fut,iksokeho,iks.ok.ˈeh.o,auxiliary-form: 1st counterfactual causative remote (future)
aux_1_ctr_rec_sim_pst,iksorafe,iks.or.ˈaf.e,auxiliary-form: 1st counterfactual reciprocal simple (past)
aux_1_ctr_rec_sim_prs,iksorafa,iks.or.ˈaf.a,auxiliary-form: 1st counterfactual reciprocal simple (present)
aux_1_ctr_rec_sim_fut,iksorafo,iks.or.ˈaf.o,auxiliary-form: 1st counterfactual reciprocal simple (future)
aux_1_ctr_rec_ipf_pst,iksorathe,iks.or.ˈaθ.e,auxiliary-form: 1st counterfactual reciprocal imperfective (past)
aux_1_ctr_rec_ipf_prs,iksoratha,iks.or.ˈaθ.a,auxiliary-form: 1st counterfactual reciprocal imperfective (present)
aux_1_ctr_rec_ipf_fut,iksoratho,iks.or.ˈaθ.o,auxiliary-form: 1st counterfactual reciprocal imperfective (future)
aux_1_ctr_rec_prf_pst,iksoralhe,iks.or.ˈaɬ.e,auxiliary-form: 1st counterfactual reciprocal perfect (past)
aux_1_ctr_rec_prf_prs,iksoralha,iks.or.ˈaɬ.a,auxiliary-form: 1st counterfactual reciprocal perfect (present)
aux_1_ctr_rec_prf_fut,iksoralho,iks.or.ˈaɬ.o,auxiliary-form: 1st counterfactual reciprocal perfect (future)
aux_1_ctr_rec_nea_pst,iksoratle,iks.or.ˈaƛ.e,auxiliary-form: 1st counterfactual reciprocal near (past)
aux_1_ctr_rec_nea_prs,iksoratla,iks.or.ˈaƛ.a,auxiliary-form: 1st counterfactual reciprocal near (present)
aux_1_ctr_rec_nea_fut,iksoratlo,iks.or.ˈaƛ.o,auxiliary-form: 1st counterfactual reciprocal near (future)
aux_1_ctr_rec_imm_pst,iksorake,iks.or.ˈak.e,auxiliary-form: 1st counterfactual reciprocal immediate (past)
aux_1_ctr_rec_imm_prs,iksoraka,iks.or.ˈak.a,auxiliary-form: 1st counterfactual reciprocal immediate (present)
aux_1_ctr_rec_imm_fut,iksorako,iks.or.ˈak.o,auxiliary-form: 1st counterfactual reciprocal immediate (future)
aux_1_ctr_rec_hab_pst,iksorame,iks.or.ˈam.e,auxiliary-form: 1st counterfactual reciprocal habitual (past)
aux_1_ctr_rec_hab_prs,iksorama,iks.or.ˈam.a,auxiliary-form: 1st counterfactual reciprocal habitual (present)
aux_1_ctr_rec_hab_fut,iksoramo,iks.or.ˈam.o,auxiliary-form: 1st counterfactual reciprocal habitual (future)
aux_1_ctr_rec_pro_pst,iksorase,iks.or.ˈas.e,auxiliary-form: 1st counterfactual reciprocal progressive (past)
aux_1_ctr_rec_pro_prs,iksorasa,iks.or.ˈas.a,auxiliary-form: 1st counterfactual reciprocal progressive (present)
aux_1_ctr_rec_pro_fut,iksoraso,iks.or.ˈas.o,auxiliary-form: 1st counterfactual reciprocal progressive (future)
aux_1_ctr_rec_cnt_pst,iksorashe,iks.or.ˈaʃ.e,auxiliary-form: 1st counterfactual reciprocal continuous (past)
aux_1_ctr_rec_cnt_prs,iksorasha,iks.or.ˈaʃ.a,auxiliary-form: 1st counterfactual reciprocal continuous (present)
aux_1_ctr_rec_cnt_fut,iksorasho,iks.or.ˈaʃ.o,auxiliary-form: 1st counterfactual reciprocal continuous (future)
aux_1_ctr_rec_itr_pst,iksorane,iks.or.ˈan.e,auxiliary-form: 1st counterfactual reciprocal iterative (past)
aux_1_ctr_rec_itr_prs,iksorana,iks.or.ˈan.a,auxiliary-form: 1st counterfactual reciprocal iterative (present)
aux_1_ctr_rec_itr_fut,iksorano,iks.or.ˈan.o,auxiliary-form: 1st counterfactual reciprocal iterative (future)
aux_1_ctr_rec_inc_pst,iksoraye,iks.or.ˈaj.e,auxiliary-form: 1st counterfactual reciprocal inceptive (past)
aux_1_ctr_rec_inc_prs,iksoraya,iks.or.ˈaj.a,auxiliary-form: 1st counterfactual reciprocal inceptive (present)
aux_1_ctr_rec_inc_fut,iksorayo,iks.or.ˈaj.o,auxiliary-form: 1st counterfactual reciprocal inceptive (future)
aux_1_ctr_rec_ces_pst,iksorape,iks.or.ˈap.e,auxiliary-form: 1st counterfactual reciprocal cessative (past)
aux_1_ctr_rec_ces_prs,iksorapa,iks.or.ˈap.a,auxiliary-form: 1st counterfactual reciprocal cessative (present)
aux_1_ctr_rec_ces_fut,iksorapo,iks.or.ˈap.o,auxiliary-form: 1st counterfactual reciprocal cessative (future)
aux_1_ctr_rec_rem_pst,iksorahe,iks.or.ˈah.e,auxiliary-form: 1st counterfactual reciprocal remote (past)
aux_1_ctr_rec_rem_prs,iksoraha,iks.or.ˈah.a,auxiliary-form: 1st counterfactual reciprocal remote (present)
aux_1_ctr_rec_rem_fut,iksoraho,iks.or.ˈah.o,auxiliary-form: 1st counterfactual reciprocal remote (future)
aux_1_opt_sim_pst,ilhefe,iɬ.ˈef.e,auxiliary-form: 1st optative simple (past)
aux_1_opt_sim_prs,ilhefa,iɬ.ˈef.a,auxiliary-form: 1st optative simple (present)
aux_1_opt_sim_fut,ilhefo,iɬ.ˈef.o,auxiliary-form: 1st optative simple (future)
aux_1_opt_ipf_pst,ilhethe,iɬ.ˈeθ.e,auxiliary-form: 1st optative imperfective (past)
aux_1_opt_ipf_prs,ilhetha,iɬ.ˈeθ.a,auxiliary-form: 1st optative imperfective (present)
aux_1_opt_ipf_fut,ilhetho,iɬ.ˈeθ.o,auxiliary-form: 1st optative imperfective (future)
aux_1_opt_prf_pst,ilhelhe,iɬ.ˈeɬ.e,auxiliary-form: 1st optative perfect (past)
aux_1_opt_prf_prs,ilhelha,iɬ.ˈeɬ.a,auxiliary-form: 1st optative perfect (present)
aux_1_opt_prf_fut,ilhelho,iɬ.ˈeɬ.o,auxiliary-form: 1st optative perfect (future)
aux_1_opt_nea_pst,ilhetle,iɬ.ˈeƛ.e,auxiliary-form: 1st optative near (past)
aux_1_opt_nea_prs,ilhetla,iɬ.ˈeƛ.a,auxiliary-form: 1st optative near (present)
aux_1_opt_nea_fut,ilhetlo,iɬ.ˈeƛ.o,auxiliary-form: 1st optative near (future)
aux_1_opt_imm_pst,ilheke,iɬ.ˈek.e,auxiliary-form: 1st optative immediate (past)
aux_1_opt_imm_prs,ilheka,iɬ.ˈek.a,auxiliary-form: 1st optative immediate (present)
aux_1_opt_imm_fut,ilheko,iɬ.ˈek.o,auxiliary-form: 1st optative immediate (future)
aux_1_opt_hab_pst,ilheme,iɬ.ˈem.e,auxiliary-form: 1st optative habitual (past)
aux_1_opt_hab_prs,ilhema,iɬ.ˈem.a,auxiliary-form: 1st optative habitual (present)
aux_1_opt_hab_fut,ilhemo,iɬ.ˈem.o,auxiliary-form: 1st optative habitual (future)
aux_1_opt_pro_pst,ilhese,iɬ.ˈes.e,auxiliary-form: 1st optative progressive (past)
aux_1_opt_pro_prs,ilhesa,iɬ.ˈes.a,auxiliary-form: 1st optative progressive (present)
aux_1_opt_pro_fut,ilheso,iɬ.ˈes.o,auxiliary-form: 1st optative progressive (future)
aux_1_opt_cnt_pst,ilheshe,iɬ.ˈeʃ.e,auxiliary-form: 1st optative continuous (past)
aux_1_opt_cnt_prs,ilhesha,iɬ.ˈeʃ.a,auxiliary-form: 1st optative continuous (present)
aux_1_opt_cnt_fut,ilhesho,iɬ.ˈeʃ.o,auxiliary-form: 1st optative continuous (future)
aux_1_opt_itr_pst,ilhene,iɬ.ˈen.e,auxiliary-form: 1st optative iterative (past)
aux_1_opt_itr_prs,ilhena,iɬ.ˈen.a,auxiliary-form: 1st optative iterative (present)
aux_1_opt_itr_fut,ilheno,iɬ.ˈen.o,auxiliary-form: 1st optative iterative (future)
aux_1_opt_inc_pst,ilheye,iɬ.ˈej.e,auxiliary-form: 1st optative inceptive (past)
aux_1_opt_inc_prs,ilheya,iɬ.ˈej.a,auxiliary-form: 1st optative inceptive (present)
aux_1_opt_inc_fut,ilheyo,iɬ.ˈej.o,auxiliary-form: 1st optative inceptive (future)
aux_1_opt_ces_pst,ilhepe,iɬ.ˈep.e,auxiliary-form: 1st optative cessative (past)
aux_1_opt_ces_prs,ilhepa,iɬ.ˈep.a,auxiliary-form: 1st optative cessative (present)
aux_1_opt_ces_fut,ilhepo,iɬ.ˈep.o,auxiliary-form: 1st optative cessative (future)
aux_1_opt_rem_pst,ilhehe,iɬ.ˈeh.e,auxiliary-form: 1st optative remote (past)
aux_1_opt_rem_prs,ilheha,iɬ.ˈeh.a,auxiliary-form: 1st optative remote (present)
aux_1_opt_rem_fut,ilheho,iɬ.ˈeh.o,auxiliary-form: 1st optative remote (future)
aux_1_opt_ref_sim_pst,ilhetefe,iɬ.et.ˈef.e,auxiliary-form: 1st optative reflexive simple (past)
aux_1_opt_ref_sim_prs,ilhetefa,iɬ.et.ˈef.a,auxiliary-form: 1st optative reflexive simple (present)
aux_1_opt_ref_sim_fut,ilhetefo,iɬ.et.ˈef.o,auxiliary-form: 1st optative reflexive simple (future)
aux_1_opt_ref_ipf_pst,ilhetethe,iɬ.et.ˈeθ.e,auxiliary-form: 1st optative reflexive imperfective (past)
aux_1_opt_ref_ipf_prs,ilhetetha,iɬ.et.ˈeθ.a,auxiliary-form: 1st optative reflexive imperfective (present)
aux_1_opt_ref_ipf_fut,ilhetetho,iɬ.et.ˈeθ.o,auxiliary-form: 1st optative reflexive imperfective (future)
aux_1_opt_ref_prf_pst,ilhetelhe,iɬ.et.ˈeɬ.e,auxiliary-form: 1st optative reflexive perfect (past)
aux_1_opt_ref_prf_prs,ilhetelha,iɬ.et.ˈeɬ.a,auxiliary-form: 1st optative reflexive perfect (present)
aux_1_opt_ref_prf_fut,ilhetelho,iɬ.et.ˈeɬ.o,auxiliary-form: 1st optative reflexive perfect (future)
aux_1_opt_ref_nea_pst,ilhetetle,iɬ.et.ˈeƛ.e,auxiliary-form: 1st optative reflexive near (past)
aux_1_opt_ref_nea_prs,ilhetetla,iɬ.et.ˈeƛ.a,auxiliary-form: 1st optative reflexive near (present)
aux_1_opt_ref_nea_fut,ilhetetlo,iɬ.et.ˈeƛ.o,auxiliary-form: 1st optative reflexive near (future)
aux_1_opt_ref_imm_pst,ilheteke,iɬ.et.ˈek.e,auxiliary-form: 1st optative reflexive immediate (past)
aux_1_opt_ref_imm_prs,ilheteka,iɬ.et.ˈek.a,auxiliary-form: 1st optative reflexive immediate (present)
aux_1_opt_ref_imm_fut,ilheteko,iɬ.et.ˈek.o,auxiliary-form: 1st optative reflexive immediate (future)
aux_1_opt_ref_hab_pst,ilheteme,iɬ.et.ˈem.e,auxiliary-form: 1st optative reflexive habitual (past)
aux_1_opt_ref_hab_prs,ilhetema,iɬ.et.ˈem.a,auxiliary-form: 1st optative reflexive habitual (present)
aux_1_opt_ref_hab_fut,ilhetemo,iɬ.et.ˈem.o,auxiliary-form: 1st optative reflexive habitual (future)
aux_1_opt_ref_pro_pst,ilhetese,iɬ.et.ˈes.e,auxiliary-form: 1st optative reflexive progressive (past)
aux_1_opt_ref_pro_prs,ilhetesa,iɬ.et.ˈes.a,auxiliary-form: 1st optative reflexive progressive (present)
aux_1_opt_ref_pro_fut,ilheteso,iɬ.et.ˈes.o,auxiliary-form: 1st optative reflexive progressive (future)
aux_1_opt_ref_cnt_pst,ilheteshe,iɬ.et.ˈeʃ.e,auxiliary-form: 1st optative reflexive continuous (past)
aux_1_opt_ref_cnt_prs,ilhetesha,iɬ.et.ˈeʃ.a,auxiliary-form: 1st optative reflexive continuous (present)
aux_1_opt_ref_cnt_fut,ilhetesho,iɬ.et.ˈeʃ.o,auxiliary-form: 1st optative reflexive continuous (future)
aux_1_opt_ref_itr_pst,ilhetene,iɬ.et.ˈen.e,auxiliary-form: 1st optative reflexive iterative (past)
aux_1_opt_ref_itr_prs,ilhetena,iɬ.et.ˈen.a,auxiliary-form: 1st optative reflexive iterative (present)
aux_1_opt_ref_itr_fut,ilheteno,iɬ.et.ˈen.o,auxiliary-form: 1st optative reflexive iterative (future)
aux_1_opt_ref_inc_pst,ilheteye,iɬ.et.ˈej.e,auxiliary-form: 1st optative reflexive inceptive (past)
aux_1_opt_ref_inc_prs,ilheteya,iɬ.et.ˈej.a,auxiliary-form: 1st optative reflexive inceptive (present)
aux_1_opt_ref_inc_fut,ilheteyo,iɬ.et.ˈej.o,auxiliary-form: 1st optative reflexive inceptive (future)
aux_1_opt_ref_ces_pst,ilhetepe,iɬ.et.ˈep.e,auxiliary-form: 1st optative reflexive cessative (past)
aux_1_opt_ref_ces_prs,ilhetepa,iɬ.et.ˈep.a,auxiliary-form: 1st optative reflexive cessative (present)
aux_1_opt_ref_ces_fut,ilhetepo,iɬ.et.ˈep.o,auxiliary-form: 1st optative reflexive cessative (future)
aux_1_opt_ref_rem_pst,ilhetehe,iɬ.et.ˈeh.e,auxiliary-form: 1st optative reflexive remote (past)
aux_1_opt_ref_rem_prs,ilheteha,iɬ.et.ˈeh.a,auxiliary-form: 1st optative reflexive remote (present)
aux_1_opt_ref_rem_fut,ilheteho,iɬ.et.ˈeh.o,auxiliary-form: 1st optative reflexive remote (future)
aux_1_opt_pas_sim_pst,ilhepafe,iɬ.ep.ˈaf.e,auxiliary-form: 1st optative passive simple (past)
aux_1_opt_pas_sim_prs,ilhepafa,iɬ.ep.ˈaf.a,auxiliary-form: 1st optative passive simple (present)
aux_1_opt_pas_sim_fut,ilhepafo,iɬ.ep.ˈaf.o,auxiliary-form: 1st optative passive simple (future)
aux_1_opt_pas_ipf_pst,ilhepathe,iɬ.ep.ˈaθ.e,auxiliary-form: 1st optative passive imperfective (past)
aux_1_opt_pas_ipf_prs,ilhepatha,iɬ.ep.ˈaθ.a,auxiliary-form: 1st optative passive imperfective (present)
aux_1_opt_pas_ipf_fut,ilhepatho,iɬ.ep.ˈaθ.o,auxiliary-form: 1st optative passive imperfective (future)
aux_1_opt_pas_prf_pst,ilhepalhe,iɬ.ep.ˈaɬ.e,auxiliary-form: 1st optative passive perfect (past)
aux_1_opt_pas_prf_prs,ilhepalha,iɬ.ep.ˈaɬ.a,auxiliary-form: 1st optative passive perfect (present)
aux_1_opt_pas_prf_fut,ilhepalho,iɬ.ep.ˈaɬ.o,auxiliary-form: 1st optative passive perfect (future)
aux_1_opt_pas_nea_pst,ilhepatle,iɬ.ep.ˈaƛ.e,auxiliary-form: 1st optative passive near (past)
aux_1_opt_pas_nea_prs,ilhepatla,iɬ.ep.ˈaƛ.a,auxiliary-form: 1st optative passive near (present)
aux_1_opt_pas_nea_fut,ilhepatlo,iɬ.ep.ˈaƛ.o,auxiliary-form: 1st optative passive near (future)
aux_1_opt_pas_imm_pst,ilhepake,iɬ.ep.ˈak.e,auxiliary-form: 1st optative passive immediate (past)
aux_1_opt_pas_imm_prs,ilhepaka,iɬ.ep.ˈak.a,auxiliary-form: 1st optative passive immediate (present)
aux_1_opt_pas_imm_fut,ilhepako,iɬ.ep.ˈak.o,auxiliary-form: 1st optative passive immediate (future)
aux_1_opt_pas_hab_pst,ilhepame,iɬ.ep.ˈam.e,auxiliary-form: 1st optative passive habitual (past)
aux_1_opt_pas_hab_prs,ilhepama,iɬ.ep.ˈam.a,auxiliary-form: 1st optative passive habitual (present)
aux_1_opt_pas_hab_fut,ilhepamo,iɬ.ep.ˈam.o,auxiliary-form: 1st optative passive habitual (future)
aux_1_opt_pas_pro_pst,ilhepase,iɬ.ep.ˈas.e,auxiliary-form: 1st optative passive progressive (past)
aux_1_opt_pas_pro_prs,ilhepasa,iɬ.ep.ˈas.a,auxiliary-form: 1st optative passive progressive (present)
aux_1_opt_pas_pro_fut,ilhepaso,iɬ.ep.ˈas.o,auxiliary-form: 1st optative passive progressive (future)
aux_1_opt_pas_cnt_pst,ilhepashe,iɬ.ep.ˈaʃ.e,auxiliary-form: 1st optative passive continuous (past)
aux_1_opt_pas_cnt_prs,ilhepasha,iɬ.ep.ˈaʃ.a,auxiliary-form: 1st optative passive continuous (present)
aux_1_opt_pas_cnt_fut,ilhepasho,iɬ.ep.ˈaʃ.o,auxiliary-form: 1st optative passive continuous (future)
aux_1_opt_pas_itr_pst,ilhepane,iɬ.ep.ˈan.e,auxiliary-form: 1st optative passive iterative (past)
aux_1_opt_pas_itr_prs,ilhepana,iɬ.ep.ˈan.a,auxiliary-form: 1st optative passive iterative (present)
aux_1_opt_pas_itr_fut,ilhepano,iɬ.ep.ˈan.o,auxiliary-form: 1st optative passive iterative (future)
aux_1_opt_pas_inc_pst,ilhepaye,iɬ.ep.ˈaj.e,auxiliary-form: 1st optative passive inceptive (past)
aux_1_opt_pas_inc_prs,ilhepaya,iɬ.ep.ˈaj.a,auxiliary-form: 1st optative passive inceptive (present)
aux_1_opt_pas_inc_fut,ilhepayo,iɬ.ep.ˈaj.o,auxiliary-form: 1st optative passive inceptive (future)
aux_1_opt_pas_ces_pst,ilhepape,iɬ.ep.ˈap.e,auxiliary-form: 1st optative passive cessative (past)
aux_1_opt_pas_ces_prs,ilhepapa,iɬ.ep.ˈap.a,auxiliary-form: 1st optative passive cessative (present)
aux_1_opt_pas_ces_fut,ilhepapo,iɬ.ep.ˈap.o,auxiliary-form: 1st optative passive cessative (future)
aux_1_opt_pas_rem_pst,ilhepahe,iɬ.ep.ˈah.e,auxiliary-form: 1st optative passive remote (past)
aux_1_opt_pas_rem_prs,ilhepaha,iɬ.ep.ˈah.a,auxiliary-form: 1st optative passive remote (present)
aux_1_opt_pas_rem_fut,ilhepaho,iɬ.ep.ˈah.o,auxiliary-form: 1st optative passive remote (future)
aux_1_opt_mid_sim_pst,ilhemofe,iɬ.em.ˈof.e,auxiliary-form: 1st optative middle simple (past)
aux_1_opt_mid_sim_prs,ilhemofa,iɬ.em.ˈof.a,auxiliary-form: 1st optative middle simple (present)
aux_1_opt_mid_sim_fut,ilhemofo,iɬ.em.ˈof.o,auxiliary-form: 1st optative middle simple (future)
aux_1_opt_mid_ipf_pst,ilhemothe,iɬ.em.ˈoθ.e,auxiliary-form: 1st optative middle imperfective (past)
aux_1_opt_mid_ipf_prs,ilhemotha,iɬ.em.ˈoθ.a,auxiliary-form: 1st optative middle imperfective (present)
aux_1_opt_mid_ipf_fut,ilhemotho,iɬ.em.ˈoθ.o,auxiliary-form: 1st optative middle imperfective (future)
aux_1_opt_mid_prf_pst,ilhemolhe,iɬ.em.ˈoɬ.e,auxiliary-form: 1st optative middle perfect (past)
aux_1_opt_mid_prf_prs,ilhemolha,iɬ.em.ˈoɬ.a,auxiliary-form: 1st optative middle perfect (present)
aux_1_opt_mid_prf_fut,ilhemolho,iɬ.em.ˈoɬ.o,auxiliary-form: 1st optative middle perfect (future)
aux_1_opt_mid_nea_pst,ilhemotle,iɬ.em.ˈoƛ.e,auxiliary-form: 1st optative middle near (past)
aux_1_opt_mid_nea_prs,ilhemotla,iɬ.em.ˈoƛ.a,auxiliary-form: 1st optative middle near (present)
aux_1_opt_mid_nea_fut,ilhemotlo,iɬ.em.ˈoƛ.o,auxiliary-form: 1st optative middle near (future)
aux_1_opt_mid_imm_pst,ilhemoke,iɬ.em.ˈok.e,auxiliary-form: 1st optative middle immediate (past)
aux_1_opt_mid_imm_prs,ilhemoka,iɬ.em.ˈok.a,auxiliary-form: 1st optative middle immediate (present)
aux_1_opt_mid_imm_fut,ilhemoko,iɬ.em.ˈok.o,auxiliary-form: 1st optative middle immediate (future)
aux_1_opt_mid_hab_pst,ilhemome,iɬ.em.ˈom.e,auxiliary-form: 1st optative middle habitual (past)
aux_1_opt_mid_hab_prs,ilhemoma,iɬ.em.ˈom.a,auxiliary-form: 1st optative middle habitual (present)
aux_1_opt_mid_hab_fut,ilhemomo,iɬ.em.ˈom.o,auxiliary-form: 1st optative middle habitual (future)
aux_1_opt_mid_pro_pst,ilhemose,iɬ.em.ˈos.e,auxiliary-form: 1st optative middle progressive (past)
aux_1_opt_mid_pro_prs,ilhemosa,iɬ.em.ˈos.a,auxiliary-form: 1st optative middle progressive (present)
aux_1_opt_mid_pro_fut,ilhemoso,iɬ.em.ˈos.o,auxiliary-form: 1st optative middle progressive (future)
aux_1_opt_mid_cnt_pst,ilhemoshe,iɬ.em.ˈoʃ.e,auxiliary-form: 1st optative middle continuous (past)
aux_1_opt_mid_cnt_prs,ilhemosha,iɬ.em.ˈoʃ.a,auxiliary-form: 1st optative middle continuous (present)
aux_1_opt_mid_cnt_fut,ilhemosho,iɬ.em.ˈoʃ.o,auxiliary-form: 1st optative middle continuous (future)
aux_1_opt_mid_itr_pst,ilhemone,iɬ.em.ˈon.e,auxiliary-form: 1st optative middle iterative (past)
aux_1_opt_mid_itr_prs,ilhemona,iɬ.em.ˈon.a,auxiliary-form: 1st optative middle iterative (present)
aux_1_opt_mid_itr_fut,ilhemono,iɬ.em.ˈon.o,auxiliary-form: 1st optative middle iterative (future)
aux_1_opt_mid_inc_pst,ilhemoye,iɬ.em.ˈoj.e,auxiliary-form: 1st optative middle inceptive (past)
aux_1_opt_mid_inc_prs,ilhemoya,iɬ.em.ˈoj.a,auxiliary-form: 1st optative middle inceptive (present)
aux_1_opt_mid_inc_fut,ilhemoyo,iɬ.em.ˈoj.o,auxiliary-form: 1st optative middle inceptive (future)
aux_1_opt_mid_ces_pst,ilhemope,iɬ.em.ˈop.e,auxiliary-form: 1st optative middle cessative (past)
aux_1_opt_mid_ces_prs,ilhemopa,iɬ.em.ˈop.a,auxiliary-form: 1st optative middle cessative (present)
aux_1_opt_mid_ces_fut,ilhemopo,iɬ.em.ˈop.o,auxiliary-form: 1st optative middle cessative (future)
aux_1_opt_mid_rem_pst,ilhemohe,iɬ.em.ˈoh.e,auxiliary-form: 1st optative middle remote (past)
aux_1_opt_mid_rem_prs,ilhemoha,iɬ.em.ˈoh.a,auxiliary-form: 1st optative middle remote (present)
aux_1_opt_mid_rem_fut,ilhemoho,iɬ.em.ˈoh.o,auxiliary-form: 1st optative middle remote (future)
aux_1_opt_cau_sim_pst,ilhekefe,iɬ.ek.ˈef.e,auxiliary-form: 1st optative causative simple (past)
aux_1_opt_cau_sim_prs,ilhekefa,iɬ.ek.ˈef.a,auxiliary-form: 1st optative causative simple (present)
aux_1_opt_cau_sim_fut,ilhekefo,iɬ.ek.ˈef.o,auxiliary-form: 1st optative causative simple (future)
aux_1_opt_cau_ipf_pst,ilhekethe,iɬ.ek.ˈeθ.e,auxiliary-form: 1st optative causative imperfective (past)
aux_1_opt_cau_ipf_prs,ilheketha,iɬ.ek.ˈeθ.a,auxiliary-form: 1st optative causative imperfective (present)
aux_1_opt_cau_ipf_fut,ilheketho,iɬ.ek.ˈeθ.o,auxiliary-form: 1st optative causative imperfective (future)
aux_1_opt_cau_prf_pst,ilhekelhe,iɬ.ek.ˈeɬ.e,auxiliary-form: 1st optative causative perfect (past)
aux_1_opt_cau_prf_prs,ilhekelha,iɬ.ek.ˈeɬ.a,auxiliary-form: 1st optative causative perfect (present)
aux_1_opt_cau_prf_fut,ilhekelho,iɬ.ek.ˈeɬ.o,auxiliary-form: 1st optative causative perfect (future)
aux_1_opt_cau_nea_pst,ilheketle,iɬ.ek.ˈeƛ.e,auxiliary-form: 1st optative causative near (past)
aux_1_opt_cau_nea_prs,ilheketla,iɬ.ek.ˈeƛ.a,auxiliary-form: 1st optative causative near (present)
aux_1_opt_cau_nea_fut,ilheketlo,iɬ.ek.ˈeƛ.o,auxiliary-form: 1st optative causative near (future)
aux_1_opt_cau_imm_pst,ilhekeke,iɬ.ek.ˈek.e,auxiliary-form: 1st optative causative immediate (past)
aux_1_opt_cau_imm_prs,ilhekeka,iɬ.ek.ˈek.a,auxiliary-form: 1st optative causative immediate (present)
aux_1_opt_cau_imm_fut,ilhekeko,iɬ.ek.ˈek.o,auxiliary-form: 1st optative causative immediate (future)
aux_1_opt_cau_hab_pst,ilhekeme,iɬ.ek.ˈem.e,auxiliary-form: 1st optative causative habitual (past)
aux_1_opt_cau_hab_prs,ilhekema,iɬ.ek.ˈem.a,auxiliary-form: 1st optative causative habitual (present)
aux_1_opt_cau_hab_fut,ilhekemo,iɬ.ek.ˈem.o,auxiliary-form: 1st optative causative habitual (future)
aux_1_opt_cau_pro_pst,ilhekese,iɬ.ek.ˈes.e,auxiliary-form: 1st optative causative progressive (past)
aux_1_opt_cau_pro_prs,ilhekesa,iɬ.ek.ˈes.a,auxiliary-form: 1st optative causative progressive (present)
aux_1_opt_cau_pro_fut,ilhekeso,iɬ.ek.ˈes.o,auxiliary-form: 1st optative causative progressive (future)
aux_1_opt_cau_cnt_pst,ilhekeshe,iɬ.ek.ˈeʃ.e,auxiliary-form: 1st optative causative continuous (past)
aux_1_opt_cau_cnt_prs,ilhekesha,iɬ.ek.ˈeʃ.a,auxiliary-form: 1st optative causative continuous (present)
aux_1_opt_cau_cnt_fut,ilhekesho,iɬ.ek.ˈeʃ.o,auxiliary-form: 1st optative causative continuous (future)
aux_1_opt_cau_itr_pst,ilhekene,iɬ.ek.ˈen.e,auxiliary-form: 1st optative causative iterative (past)
aux_1_opt_cau_itr_prs,ilhekena,iɬ.ek.ˈen.a,auxiliary-form: 1st optative causative iterative (present)
aux_1_opt_cau_itr_fut,ilhekeno,iɬ.ek.ˈen.o,auxiliary-form: 1st optative causative iterative (future)
aux_1_opt_cau_inc_pst,ilhekeye,iɬ.ek.ˈej.e,auxiliary-form: 1st optative causative inceptive (past)
aux_1_opt_cau_inc_prs,ilhekeya,iɬ.ek.ˈej.a,auxiliary-form: 1st optative causative inceptive (present)
aux_1_opt_cau_inc_fut,ilhekeyo,iɬ.ek.ˈej.o,auxiliary-form: 1st optative causative inceptive (future)
aux_1_opt_cau_ces_pst,ilhekepe,iɬ.ek.ˈep.e,auxiliary-form: 1st optative causative cessative (past)
aux_1_opt_cau_ces_prs,ilhekepa,iɬ.ek.ˈep.a,auxiliary-form: 1st optative causative cessative (present)
aux_1_opt_cau_ces_fut,ilhekepo,iɬ.ek.ˈep.o,auxiliary-form: 1st optative causative cessative (future)
aux_1_opt_cau_rem_pst,ilhekehe,iɬ.ek.ˈeh.e,auxiliary-form: 1st optative causative remote (past)
aux_1_opt_cau_rem_prs,ilhekeha,iɬ.ek.ˈeh.a,auxiliary-form: 1st optative causative remote (present)
aux_1_opt_cau_rem_fut,ilhekeho,iɬ.ek.ˈeh.o,auxiliary-form: 1st optative causative remote (future)
aux_1_opt_rec_sim_pst,ilherafe,iɬ.er.ˈaf.e,auxiliary-form: 1st optative reciprocal simple (past)
aux_1_opt_rec_sim_prs,ilherafa,iɬ.er.ˈaf.a,auxiliary-form: 1st optative reciprocal simple (present)
aux_1_opt_rec_sim_fut,ilherafo,iɬ.er.ˈaf.o,auxiliary-form: 1st optative reciprocal simple (future)
aux_1_opt_rec_ipf_pst,ilherathe,iɬ.er.ˈaθ.e,auxiliary-form: 1st optative reciprocal imperfective (past)
aux_1_opt_rec_ipf_prs,ilheratha,iɬ.er.ˈaθ.a,auxiliary-form: 1st optative reciprocal imperfective (present)
aux_1_opt_rec_ipf_fut,ilheratho,iɬ.er.ˈaθ.o,auxiliary-form: 1st optative reciprocal imperfective (future)
aux_1_opt_rec_prf_pst,ilheralhe,iɬ.er.ˈaɬ.e,auxiliary-form: 1st optative reciprocal perfect (past)
aux_1_opt_rec_prf_prs,ilheralha,iɬ.er.ˈaɬ.a,auxiliary-form: 1st optative reciprocal perfect (present)
aux_1_opt_rec_prf_fut,ilheralho,iɬ.er.ˈaɬ.o,auxiliary-form: 1st optative reciprocal perfect (future)
aux_1_opt_rec_nea_pst,ilheratle,iɬ.er.ˈaƛ.e,auxiliary-form: 1st optative reciprocal near (past)
aux_1_opt_rec_nea_prs,ilheratla,iɬ.er.ˈaƛ.a,auxiliary-form: 1st optative reciprocal near (present)
aux_1_opt_rec_nea_fut,ilheratlo,iɬ.er.ˈaƛ.o,auxiliary-form: 1st optative reciprocal near (future)
aux_1_opt_rec_imm_pst,ilherake,iɬ.er.ˈak.e,auxiliary-form: 1st optative reciprocal immediate (past)
aux_1_opt_rec_imm_prs,ilheraka,iɬ.er.ˈak.a,auxiliary-form: 1st optative reciprocal immediate (present)
aux_1_opt_rec_imm_fut,ilherako,iɬ.er.ˈak.o,auxiliary-form: 1st optative reciprocal immediate (future)
aux_1_opt_rec_hab_pst,ilherame,iɬ.er.ˈam.e,auxiliary-form: 1st optative reciprocal habitual (past)
aux_1_opt_rec_hab_prs,ilherama,iɬ.er.ˈam.a,auxiliary-form: 1st optative reciprocal habitual (present)
aux_1_opt_rec_hab_fut,ilheramo,iɬ.er.ˈam.o,auxiliary-form: 1st optative reciprocal habitual (future)
aux_1_opt_rec_pro_pst,ilherase,iɬ.er.ˈas.e,auxiliary-form: 1st optative reciprocal progressive (past)
aux_1_opt_rec_pro_prs,ilherasa,iɬ.er.ˈas.a,auxiliary-form: 1st optative reciprocal progressive (present)
aux_1_opt_rec_pro_fut,ilheraso,iɬ.er.ˈas.o,auxiliary-form: 1st optative reciprocal progressive (future)
aux_1_opt_rec_cnt_pst,ilherashe,iɬ.er.ˈaʃ.e,auxiliary-form: 1st optative reciprocal continuous (past)
aux_1_opt_rec_cnt_prs,ilherasha,iɬ.er.ˈaʃ.a,auxiliary-form: 1st optative reciprocal continuous (present)
aux_1_opt_rec_cnt_fut,ilherasho,iɬ.er.ˈaʃ.o,auxiliary-form: 1st optative reciprocal continuous (future)
aux_1_opt_rec_itr_pst,ilherane,iɬ.er.ˈan.e,auxiliary-form: 1st optative reciprocal iterative (past)
aux_1_opt_rec_itr_prs,ilherana,iɬ.er.ˈan.a,auxiliary-form: 1st optative reciprocal iterative (present)
aux_1_opt_rec_itr_fut,ilherano,iɬ.er.ˈan.o,auxiliary-form: 1st optative reciprocal iterative (future)
aux_1_opt_rec_inc_pst,ilheraye,iɬ.er.ˈaj.e,auxiliary-form: 1st optative reciprocal inceptive (past)
aux_1_opt_rec_inc_prs,ilheraya,iɬ.er.ˈaj.a,auxiliary-form: 1st optative reciprocal inceptive (present)
aux_1_opt_rec_inc_fut,ilherayo,iɬ.er.ˈaj.o,auxiliary-form: 1st optative reciprocal inceptive (future)
aux_1_opt_rec_ces_pst,ilherape,iɬ.er.ˈap.e,auxiliary-form: 1st optative reciprocal cessative (past)
aux_1_opt_rec_ces_prs,ilherapa,iɬ.er.ˈap.a,auxiliary-form: 1st optative reciprocal cessative (present)
aux_1_opt_rec_ces_fut,ilherapo,iɬ.er.ˈap.o,auxiliary-form: 1st optative reciprocal cessative (future)
aux_1_opt_rec_rem_pst,ilherahe,iɬ.er.ˈah.e,auxiliary-form: 1st optative reciprocal remote (past)
aux_1_opt_rec_rem_prs,ilheraha,iɬ.er.ˈah.a,auxiliary-form: 1st optative reciprocal remote (present)
aux_1_opt_rec_rem_fut,ilheraho,iɬ.er.ˈah.o,auxiliary-form: 1st optative reciprocal remote (future)
aux_1_obl_sim_pst,itlofe,iƛ.ˈof.e,auxiliary-form: 1st obligative simple (past)
aux_1_obl_sim_prs,itlofa,iƛ.ˈof.a,auxiliary-form: 1st obligative simple (present)
aux_1_obl_sim_fut,itlofo,iƛ.ˈof.o,auxiliary-form: 1st obligative simple (future)
aux_1_obl_ipf_pst,itlothe,iƛ.ˈoθ.e,auxiliary-form: 1st obligative imperfective (past)
aux_1_obl_ipf_prs,itlotha,iƛ.ˈoθ.a,auxiliary-form: 1st obligative imperfective (present)
aux_1_obl_ipf_fut,itlotho,iƛ.ˈoθ.o,auxiliary-form: 1st obligative imperfective (future)
aux_1_obl_prf_pst,itlolhe,iƛ.ˈoɬ.e,auxiliary-form: 1st obligative perfect (past)
aux_1_obl_prf_prs,itlolha,iƛ.ˈoɬ.a,auxiliary-form: 1st obligative perfect (present)
aux_1_obl_prf_fut,itlolho,iƛ.ˈoɬ.o,auxiliary-form: 1st obligative perfect (future)
aux_1_obl_nea_pst,itlotle,iƛ.ˈoƛ.e,auxiliary-form: 1st obligative near (past)
aux_1_obl_nea_prs,itlotla,iƛ.ˈoƛ.a,auxiliary-form: 1st obligative near (present)
aux_1_obl_nea_fut,itlotlo,iƛ.ˈoƛ.o,auxiliary-form: 1st obligative near (future)
aux_1_obl_imm_pst,itloke,iƛ.ˈok.e,auxiliary-form: 1st obligative immediate (past)
aux_1_obl_imm_prs,itloka,iƛ.ˈok.a,auxiliary-form: 1st obligative immediate (present)
aux_1_obl_imm_fut,itloko,iƛ.ˈok.o,auxiliary-form: 1st obligative immediate (future)
aux_1_obl_hab_pst,itlome,iƛ.ˈom.e,auxiliary-form: 1st obligative habitual (past)
aux_1_obl_hab_prs,itloma,iƛ.ˈom.a,auxiliary-form: 1st obligative habitual (present)
aux_1_obl_hab_fut,itlomo,iƛ.ˈom.o,auxiliary-form: 1st obligative habitual (future)
aux_1_obl_pro_pst,itlose,iƛ.ˈos.e,auxiliary-form: 1st obligative progressive (past)
aux_1_obl_pro_prs,itlosa,iƛ.ˈos.a,auxiliary-form: 1st obligative progressive (present)
aux_1_obl_pro_fut,itloso,iƛ.ˈos.o,auxiliary-form: 1st obligative progressive (future)
aux_1_obl_cnt_pst,itloshe,iƛ.ˈoʃ.e,auxiliary-form: 1st obligative continuous (past)
aux_1_obl_cnt_prs,itlosha,iƛ.ˈoʃ.a,auxiliary-form: 1st obligative continuous (present)
aux_1_obl_cnt_fut,itlosho,iƛ.ˈoʃ.o,auxiliary-form: 1st obligative continuous (future)
aux_1_obl_itr_pst,itlone,iƛ.ˈon.e,auxiliary-form: 1st obligative iterative (past)
aux_1_obl_itr_prs,itlona,iƛ.ˈon.a,auxiliary-form: 1st obligative iterative (present)
aux_1_obl_itr_fut,itlono,iƛ.ˈon.o,auxiliary-form: 1st obligative iterative (future)
aux_1_obl_inc_pst,itloye,iƛ.ˈoj.e,auxiliary-form: 1st obligative inceptive (past)
aux_1_obl_inc_prs,itloya,iƛ.ˈoj.a,auxiliary-form: 1st obligative inceptive (present)
aux_1_obl_inc_fut,itloyo,iƛ.ˈoj.o,auxiliary-form: 1st obligative inceptive (future)
aux_1_obl_ces_pst,itlope,iƛ.ˈop.e,auxiliary-form: 1st obligative cessative (past)
aux_1_obl_ces_prs,itlopa,iƛ.ˈop.a,auxiliary-form: 1st obligative cessative (present)
aux_1_obl_ces_fut,itlopo,iƛ.ˈop.o,auxiliary-form: 1st obligative cessative (future)
aux_1_obl_rem_pst,itlohe,iƛ.ˈoh.e,auxiliary-form: 1st obligative remote (past)
aux_1_obl_rem_prs,itloha,iƛ.ˈoh.a,auxiliary-form: 1st obligative remote (present)
aux_1_obl_rem_fut,itloho,iƛ.ˈoh.o,auxiliary-form: 1st obligative remote (future)
aux_1_obl_ref_sim_pst,itlotefe,iƛ.ot.ˈef.e,auxiliary-form: 1st obligative reflexive simple (past)
aux_1_obl_ref_sim_prs,itlotefa,iƛ.ot.ˈef.a,auxiliary-form: 1st obligative reflexive simple (present)
aux_1_obl_ref_sim_fut,itlotefo,iƛ.ot.ˈef.o,auxiliary-form: 1st obligative reflexive simple (future)
aux_1_obl_ref_ipf_pst,itlotethe,iƛ.ot.ˈeθ.e,auxiliary-form: 1st obligative reflexive imperfective (past)
aux_1_obl_ref_ipf_prs,itlotetha,iƛ.ot.ˈeθ.a,auxiliary-form: 1st obligative reflexive imperfective (present)
aux_1_obl_ref_ipf_fut,itlotetho,iƛ.ot.ˈeθ.o,auxiliary-form: 1st obligative reflexive imperfective (future)
aux_1_obl_ref_prf_pst,itlotelhe,iƛ.ot.ˈeɬ.e,auxiliary-form: 1st obligative reflexive perfect (past)
aux_1_obl_ref_prf_prs,itlotelha,iƛ.ot.ˈeɬ.a,auxiliary-form: 1st obligative reflexive perfect (present)
aux_1_obl_ref_prf_fut,itlotelho,iƛ.ot.ˈeɬ.o,auxiliary-form: 1st obligative reflexive perfect (future)
aux_1_obl_ref_nea_pst,itlotetle,iƛ.ot.ˈeƛ.e,auxiliary-form: 1st obligative reflexive near (past)
aux_1_obl_ref_nea_prs,itlotetla,iƛ.ot.ˈeƛ.a,auxiliary-form: 1st obligative reflexive near (present)
aux_1_obl_ref_nea_fut,itlotetlo,iƛ.ot.ˈeƛ.o,auxiliary-form: 1st obligative reflexive near (future)
aux_1_obl_ref_imm_pst,itloteke,iƛ.ot.ˈek.e,auxiliary-form: 1st obligative reflexive immediate (past)
aux_1_obl_ref_imm_prs,itloteka,iƛ.ot.ˈek.a,auxiliary-form: 1st obligative reflexive immediate (present)
aux_1_obl_ref_imm_fut,itloteko,iƛ.ot.ˈek.o,auxiliary-form: 1st obligative reflexive immediate (future)
aux_1_obl_ref_hab_pst,itloteme,iƛ.ot.ˈem.e,auxiliary-form: 1st obligative reflexive habitual (past)
aux_1_obl_ref_hab_prs,itlotema,iƛ.ot.ˈem.a,auxiliary-form: 1st obligative reflexive habitual (present)
aux_1_obl_ref_hab_fut,itlotemo,iƛ.ot.ˈem.o,auxiliary-form: 1st obligative reflexive habitual (future)
aux_1_obl_ref_pro_pst,itlotese,iƛ.ot.ˈes.e,auxiliary-form: 1st obligative reflexive progressive (past)
aux_1_obl_ref_pro_prs,itlotesa,iƛ.ot.ˈes.a,auxiliary-form: 1st obligative reflexive progressive (present)
aux_1_obl_ref_pro_fut,itloteso,iƛ.ot.ˈes.o,auxiliary-form: 1st obligative reflexive progressive (future)
aux_1_obl_ref_cnt_pst,itloteshe,iƛ.ot.ˈeʃ.e,auxiliary-form: 1st obligative reflexive continuous (past)
aux_1_obl_ref_cnt_prs,itlotesha,iƛ.ot.ˈeʃ.a,auxiliary-form: 1st obligative reflexive continuous (present)
aux_1_obl_ref_cnt_fut,itlotesho,iƛ.ot.ˈeʃ.o,auxiliary-form: 1st obligative reflexive continuous (future)
aux_1_obl_ref_itr_pst,itlotene,iƛ.ot.ˈen.e,auxiliary-form: 1st obligative reflexive iterative (past)
aux_1_obl_ref_itr_prs,itlotena,iƛ.ot.ˈen.a,auxiliary-form: 1st obligative reflexive iterative (present)
aux_1_obl_ref_itr_fut,itloteno,iƛ.ot.ˈen.o,auxiliary-form: 1st obligative reflexive iterative (future)
aux_1_obl_ref_inc_pst,itloteye,iƛ.ot.ˈej.e,auxiliary-form: 1st obligative reflexive inceptive (past)
aux_1_obl_ref_inc_prs,itloteya,iƛ.ot.ˈej.a,auxiliary-form: 1st obligative reflexive inceptive (present)
aux_1_obl_ref_inc_fut,itloteyo,iƛ.ot.ˈej.o,auxiliary-form: 1st obligative reflexive inceptive (future)
aux_1_obl_ref_ces_pst,itlotepe,iƛ.ot.ˈep.e,auxiliary-form: 1st obligative reflexive cessative (past)
aux_1_obl_ref_ces_prs,itlotepa,iƛ.ot.ˈep.a,auxiliary-form: 1st obligative reflexive cessative (present)
aux_1_obl_ref_ces_fut,itlotepo,iƛ.ot.ˈep.o,auxiliary-form: 1st obligative reflexive cessative (future)
aux_1_obl_ref_rem_pst,itlotehe,iƛ.ot.ˈeh.e,auxiliary-form: 1st obligative reflexive remote (past)
aux_1_obl_ref_rem_prs,itloteha,iƛ.ot.ˈeh.a,auxiliary-form: 1st obligative reflexive remote (present)
aux_1_obl_ref_rem_fut,itloteho,iƛ.ot.ˈeh.o,auxiliary-form: 1st obligative reflexive remote (future)
aux_1_obl_pas_sim_pst,itlopafe,iƛ.op.ˈaf.e,auxiliary-form: 1st obligative passive simple (past)
aux_1_obl_pas_sim_prs,itlopafa,iƛ.op.ˈaf.a,auxiliary-form: 1st obligative passive simple (present)
aux_1_obl_pas_sim_fut,itlopafo,iƛ.op.ˈaf.o,auxiliary-form: 1st obligative passive simple (future)
aux_1_obl_pas_ipf_pst,itlopathe,iƛ.op.ˈaθ.e,auxiliary-form: 1st obligative passive imperfective (past)
aux_1_obl_pas_ipf_prs,itlopatha,iƛ.op.ˈaθ.a,auxiliary-form: 1st obligative passive imperfective (present)
aux_1_obl_pas_ipf_fut,itlopatho,iƛ.op.ˈaθ.o,auxiliary-form: 1st obligative passive imperfective (future)
aux_1_obl_pas_prf_pst,itlopalhe,iƛ.op.ˈaɬ.e,auxiliary-form: 1st obligative passive perfect (past)
aux_1_obl_pas_prf_prs,itlopalha,iƛ.op.ˈaɬ.a,auxiliary-form: 1st obligative passive perfect (present)
aux_1_obl_pas_prf_fut,itlopalho,iƛ.op.ˈaɬ.o,auxiliary-form: 1st obligative passive perfect (future)
aux_1_obl_pas_nea_pst,itlopatle,iƛ.op.ˈaƛ.e,auxiliary-form: 1st obligative passive near (past)
aux_1_obl_pas_nea_prs,itlopatla,iƛ.op.ˈaƛ.a,auxiliary-form: 1st obligative passive near (present)
aux_1_obl_pas_nea_fut,itlopatlo,iƛ.op.ˈaƛ.o,auxiliary-form: 1st obligative passive near (future)
aux_1_obl_pas_imm_pst,itlopake,iƛ.op.ˈak.e,auxiliary-form: 1st obligative passive immediate (past)
aux_1_obl_pas_imm_prs,itlopaka,iƛ.op.ˈak.a,auxiliary-form: 1st obligative passive immediate (present)
aux_1_obl_pas_imm_fut,itlopako,iƛ.op.ˈak.o,auxiliary-form: 1st obligative passive immediate (future)
aux_1_obl_pas_hab_pst,itlopame,iƛ.op.ˈam.e,auxiliary-form: 1st obligative passive habitual (past)
aux_1_obl_pas_hab_prs,itlopama,iƛ.op.ˈam.a,auxiliary-form: 1st obligative passive habitual (present)
aux_1_obl_pas_hab_fut,itlopamo,iƛ.op.ˈam.o,auxiliary-form: 1st obligative passive habitual (future)
aux_1_obl_pas_pro_pst,itlopase,iƛ.op.ˈas.e,auxiliary-form: 1st obligative passive progressive (past)
aux_1_obl_pas_pro_prs,itlopasa,iƛ.op.ˈas.a,auxiliary-form: 1st obligative passive progressive (present)
aux_1_obl_pas_pro_fut,itlopaso,iƛ.op.ˈas.o,auxiliary-form: 1st obligative passive progressive (future)
aux_1_obl_pas_cnt_pst,itlopashe,iƛ.op.ˈaʃ.e,auxiliary-form: 1st obligative passive continuous (past)
aux_1_obl_pas_cnt_prs,itlopasha,iƛ.op.ˈaʃ.a,auxiliary-form: 1st obligative passive continuous (present)
aux_1_obl_pas_cnt_fut,itlopasho,iƛ.op.ˈaʃ.o,auxiliary-form: 1st obligative passive continuous (future)
aux_1_obl_pas_itr_pst,itlopane,iƛ.op.ˈan.e,auxiliary-form: 1st obligative passive iterative (past)
aux_1_obl_pas_itr_prs,itlopana,iƛ.op.ˈan.a,auxiliary-form: 1st obligative passive iterative (present)
aux_1_obl_pas_itr_fut,itlopano,iƛ.op.ˈan.o,auxiliary-form: 1st obligative passive iterative (future)
aux_1_obl_pas_inc_pst,itlopaye,iƛ.op.ˈaj.e,auxiliary-form: 1st obligative passive inceptive (past)
aux_1_obl_pas_inc_prs,itlopaya,iƛ.op.ˈaj.a,auxiliary-form: 1st obligative passive inceptive (present)
aux_1_obl_pas_inc_fut,itlopayo,iƛ.op.ˈaj.o,auxiliary-form: 1st obligative passive inceptive (future)
aux_1_obl_pas_ces_pst,itlopape,iƛ.op.ˈap.e,auxiliary-form: 1st obligative passive cessative (past)
aux_1_obl_pas_ces_prs,itlopapa,iƛ.op.ˈap.a,auxiliary-form: 1st obligative passive cessative (present)
aux_1_obl_pas_ces_fut,itlopapo,iƛ.op.ˈap.o,auxiliary-form: 1st obligative passive cessative (future)
aux_1_obl_pas_rem_pst,itlopahe,iƛ.op.ˈah.e,auxiliary-form: 1st obligative passive remote (past)
aux_1_obl_pas_rem_prs,itlopaha,iƛ.op.ˈah.a,auxiliary-form: 1st obligative passive remote (present)
aux_1_obl_pas_rem_fut,itlopaho,iƛ.op.ˈah.o,auxiliary-form: 1st obligative passive remote (future)
aux_1_obl_mid_sim_pst,itlomofe,iƛ.om.ˈof.e,auxiliary-form: 1st obligative middle simple (past)
aux_1_obl_mid_sim_prs,itlomofa,iƛ.om.ˈof.a,auxiliary-form: 1st obligative middle simple (present)
aux_1_obl_mid_sim_fut,itlomofo,iƛ.om.ˈof.o,auxiliary-form: 1st obligative middle simple (future)
aux_1_obl_mid_ipf_pst,itlomothe,iƛ.om.ˈoθ.e,auxiliary-form: 1st obligative middle imperfective (past)
aux_1_obl_mid_ipf_prs,itlomotha,iƛ.om.ˈoθ.a,auxiliary-form: 1st obligative middle imperfective (present)
aux_1_obl_mid_ipf_fut,itlomotho,iƛ.om.ˈoθ.o,auxiliary-form: 1st obligative middle imperfective (future)
aux_1_obl_mid_prf_pst,itlomolhe,iƛ.om.ˈoɬ.e,auxiliary-form: 1st obligative middle perfect (past)
aux_1_obl_mid_prf_prs,itlomolha,iƛ.om.ˈoɬ.a,auxiliary-form: 1st obligative middle perfect (present)
aux_1_obl_mid_prf_fut,itlomolho,iƛ.om.ˈoɬ.o,auxiliary-form: 1st obligative middle perfect (future)
aux_1_obl_mid_nea_pst,itlomotle,iƛ.om.ˈoƛ.e,auxiliary-form: 1st obligative middle near (past)
aux_1_obl_mid_nea_prs,itlomotla,iƛ.om.ˈoƛ.a,auxiliary-form: 1st obligative middle near (present)
aux_1_obl_mid_nea_fut,itlomotlo,iƛ.om.ˈoƛ.o,auxiliary-form: 1st obligative middle near (future)
aux_1_obl_mid_imm_pst,itlomoke,iƛ.om.ˈok.e,auxiliary-form: 1st obligative middle immediate (past)
aux_1_obl_mid_imm_prs,itlomoka,iƛ.om.ˈok.a,auxiliary-form: 1st obligative middle immediate (present)
aux_1_obl_mid_imm_fut,itlomoko,iƛ.om.ˈok.o,auxiliary-form: 1st obligative middle immediate (future)
aux_1_obl_mid_hab_pst,itlomome,iƛ.om.ˈom.e,auxiliary-form: 1st obligative middle habitual (past)
aux_1_obl_mid_hab_prs,itlomoma,iƛ.om.ˈom.a,auxiliary-form: 1st obligative middle habitual (present)
aux_1_obl_mid_hab_fut,itlomomo,iƛ.om.ˈom.o,auxiliary-form: 1st obligative middle habitual (future)
aux_1_obl_mid_pro_pst,itlomose,iƛ.om.ˈos.e,auxiliary-form: 1st obligative middle progressive (past)
aux_1_obl_mid_pro_prs,itlomosa,iƛ.om.ˈos.a,auxiliary-form: 1st obligative middle progressive (present)
aux_1_obl_mid_pro_fut,itlomoso,iƛ.om.ˈos.o,auxiliary-form: 1st obligative middle progressive (future)
aux_1_obl_mid_cnt_pst,itlomoshe,iƛ.om.ˈoʃ.e,auxiliary-form: 1st obligative middle continuous (past)
aux_1_obl_mid_cnt_prs,itlomosha,iƛ.om.ˈoʃ.a,auxiliary-form: 1st obligative middle continuous (present)
aux_1_obl_mid_cnt_fut,itlomosho,iƛ.om.ˈoʃ.o,auxiliary-form: 1st obligative middle continuous (future)
aux_1_obl_mid_itr_pst,itlomone,iƛ.om.ˈon.e,auxiliary-form: 1st obligative middle iterative (past)
aux_1_obl_mid_itr_prs,itlomona,iƛ.om.ˈon.a,auxiliary-form: 1st obligative middle iterative (present)
aux_1_obl_mid_itr_fut,itlomono,iƛ.om.ˈon.o,auxiliary-form: 1st obligative middle iterative (future)
aux_1_obl_mid_inc_pst,itlomoye,iƛ.om.ˈoj.e,auxiliary-form: 1st obligative middle inceptive (past)
aux_1_obl_mid_inc_prs,itlomoya,iƛ.om.ˈoj.a,auxiliary-form: 1st obligative middle inceptive (present)
aux_1_obl_mid_inc_fut,itlomoyo,iƛ.om.ˈoj.o,auxiliary-form: 1st obligative middle inceptive (future)
aux_1_obl_mid_ces_pst,itlomope,iƛ.om.ˈop.e,auxiliary-form: 1st obligative middle cessative (past)
aux_1_obl_mid_ces_prs,itlomopa,iƛ.om.ˈop.a,auxiliary-form: 1st obligative middle cessative (present)
aux_1_obl_mid_ces_fut,itlomopo,iƛ.om.ˈop.o,auxiliary-form: 1st obligative middle cessative (future)
aux_1_obl_mid_rem_pst,itlomohe,iƛ.om.ˈoh.e,auxiliary-form: 1st obligative middle remote (past)
aux_1_obl_mid_rem_prs,itlomoha,iƛ.om.ˈoh.a,auxiliary-form: 1st obligative middle remote (present)
aux_1_obl_mid_rem_fut,itlomoho,iƛ.om.ˈoh.o,auxiliary-form: 1st obligative middle remote (future)
aux_1_obl_cau_sim_pst,itlokefe,iƛ.ok.ˈef.e,auxiliary-form: 1st obligative causative simple (past)
aux_1_obl_cau_sim_prs,itlokefa,iƛ.ok.ˈef.a,auxiliary-form: 1st obligative causative simple (present)
aux_1_obl_cau_sim_fut,itlokefo,iƛ.ok.ˈef.o,auxiliary-form: 1st obligative causative simple (future)
aux_1_obl_cau_ipf_pst,itlokethe,iƛ.ok.ˈeθ.e,auxiliary-form: 1st obligative causative imperfective (past)
aux_1_obl_cau_ipf_prs,itloketha,iƛ.ok.ˈeθ.a,auxiliary-form: 1st obligative causative imperfective (present)
aux_1_obl_cau_ipf_fut,itloketho,iƛ.ok.ˈeθ.o,auxiliary-form: 1st obligative causative imperfective (future)
aux_1_obl_cau_prf_pst,itlokelhe,iƛ.ok.ˈeɬ.e,auxiliary-form: 1st obligative causative perfect (past)
aux_1_obl_cau_prf_prs,itlokelha,iƛ.ok.ˈeɬ.a,auxiliary-form: 1st obligative causative perfect (present)
aux_1_obl_cau_prf_fut,itlokelho,iƛ.ok.ˈeɬ.o,auxiliary-form: 1st obligative causative perfect (future)
aux_1_obl_cau_nea_pst,itloketle,iƛ.ok.ˈeƛ.e,auxiliary-form: 1st obligative causative near (past)
aux_1_obl_cau_nea_prs,itloketla,iƛ.ok.ˈeƛ.a,auxiliary-form: 1st obligative causative near (present)
aux_1_obl_cau_nea_fut,itloketlo,iƛ.ok.ˈeƛ.o,auxiliary-form: 1st obligative causative near (future)
aux_1_obl_cau_imm_pst,itlokeke,iƛ.ok.ˈek.e,auxiliary-form: 1st obligative causative immediate (past)
aux_1_obl_cau_imm_prs,itlokeka,iƛ.ok.ˈek.a,auxiliary-form: 1st obligative causative immediate (present)
aux_1_obl_cau_imm_fut,itlokeko,iƛ.ok.ˈek.o,auxiliary-form: 1st obligative causative immediate (future)
aux_1_obl_cau_hab_pst,itlokeme,iƛ.ok.ˈem.e,auxiliary-form: 1st obligative causative habitual (past)
aux_1_obl_cau_hab_prs,itlokema,iƛ.ok.ˈem.a,auxiliary-form: 1st obligative causative habitual (present)
aux_1_obl_cau_hab_fut,itlokemo,iƛ.ok.ˈem.o,auxiliary-form: 1st obligative causative habitual (future)
aux_1_obl_cau_pro_pst,itlokese,iƛ.ok.ˈes.e,auxiliary-form: 1st obligative causative progressive (past)
aux_1_obl_cau_pro_prs,itlokesa,iƛ.ok.ˈes.a,auxiliary-form: 1st obligative causative progressive (present)
aux_1_obl_cau_pro_fut,itlokeso,iƛ.ok.ˈes.o,auxiliary-form: 1st obligative causative progressive (future)
aux_1_obl_cau_cnt_pst,itlokeshe,iƛ.ok.ˈeʃ.e,auxiliary-form: 1st obligative causative continuous (past)
aux_1_obl_cau_cnt_prs,itlokesha,iƛ.ok.ˈeʃ.a,auxiliary-form: 1st obligative causative continuous (present)
aux_1_obl_cau_cnt_fut,itlokesho,iƛ.ok.ˈeʃ.o,auxiliary-form: 1st obligative causative continuous (future)
aux_1_obl_cau_itr_pst,itlokene,iƛ.ok.ˈen.e,auxiliary-form: 1st obligative causative iterative (past)
aux_1_obl_cau_itr_prs,itlokena,iƛ.ok.ˈen.a,auxiliary-form: 1st obligative causative iterative (present)
aux_1_obl_cau_itr_fut,itlokeno,iƛ.ok.ˈen.o,auxiliary-form: 1st obligative causative iterative (future)
aux_1_obl_cau_inc_pst,itlokeye,iƛ.ok.ˈej.e,auxiliary-form: 1st obligative causative inceptive (past)
aux_1_obl_cau_inc_prs,itlokeya,iƛ.ok.ˈej.a,auxiliary-form: 1st obligative causative inceptive (present)
aux_1_obl_cau_inc_fut,itlokeyo,iƛ.ok.ˈej.o,auxiliary-form: 1st obligative causative inceptive (future)
aux_1_obl_cau_ces_pst,itlokepe,iƛ.ok.ˈep.e,auxiliary-form: 1st obligative causative cessative (past)
aux_1_obl_cau_ces_prs,itlokepa,iƛ.ok.ˈep.a,auxiliary-form: 1st obligative causative cessative (present)
aux_1_obl_cau_ces_fut,itlokepo,iƛ.ok.ˈep.o,auxiliary-form: 1st obligative causative cessative (future)
aux_1_obl_cau_rem_pst,itlokehe,iƛ.ok.ˈeh.e,auxiliary-form: 1st obligative causative remote (past)
aux_1_obl_cau_rem_prs,itlokeha,iƛ.ok.ˈeh.a,auxiliary-form: 1st obligative causative remote (present)
aux_1_obl_cau_rem_fut,itlokeho,iƛ.ok.ˈeh.o,auxiliary-form: 1st obligative causative remote (future)
aux_1_obl_rec_sim_pst,itlorafe,iƛ.or.ˈaf.e,auxiliary-form: 1st obligative reciprocal simple (past)
aux_1_obl_rec_sim_prs,itlorafa,iƛ.or.ˈaf.a,auxiliary-form: 1st obligative reciprocal simple (present)
aux_1_obl_rec_sim_fut,itlorafo,iƛ.or.ˈaf.o,auxiliary-form: 1st obligative reciprocal simple (future)
aux_1_obl_rec_ipf_pst,itlorathe,iƛ.or.ˈaθ.e,auxiliary-form: 1st obligative reciprocal imperfective (past)
aux_1_obl_rec_ipf_prs,itloratha,iƛ.or.ˈaθ.a,auxiliary-form: 1st obligative reciprocal imperfective (present)
aux_1_obl_rec_ipf_fut,itloratho,iƛ.or.ˈaθ.o,auxiliary-form: 1st obligative reciprocal imperfective (future)
aux_1_obl_rec_prf_pst,itloralhe,iƛ.or.ˈaɬ.e,auxiliary-form: 1st obligative reciprocal perfect (past)
aux_1_obl_rec_prf_prs,itloralha,iƛ.or.ˈaɬ.a,auxiliary-form: 1st obligative reciprocal perfect (present)
aux_1_obl_rec_prf_fut,itloralho,iƛ.or.ˈaɬ.o,auxiliary-form: 1st obligative reciprocal perfect (future)
aux_1_obl_rec_nea_pst,itloratle,iƛ.or.ˈaƛ.e,auxiliary-form: 1st obligative reciprocal near (past)
aux_1_obl_rec_nea_prs,itloratla,iƛ.or.ˈaƛ.a,auxiliary-form: 1st obligative reciprocal near (present)
aux_1_obl_rec_nea_fut,itloratlo,iƛ.or.ˈaƛ.o,auxiliary-form: 1st obligative reciprocal near (future)
aux_1_obl_rec_imm_pst,itlorake,iƛ.or.ˈak.e,auxiliary-form: 1st obligative reciprocal immediate (past)
aux_1_obl_rec_imm_prs,itloraka,iƛ.or.ˈak.a,auxiliary-form: 1st obligative reciprocal immediate (present)
aux_1_obl_rec_imm_fut,itlorako,iƛ.or.ˈak.o,auxiliary-form: 1st obligative reciprocal immediate (future)
aux_1_obl_rec_hab_pst,itlorame,iƛ.or.ˈam.e,auxiliary-form: 1st obligative reciprocal habitual (past)
aux_1_obl_rec_hab_prs,itlorama,iƛ.or.ˈam.a,auxiliary-form: 1st obligative reciprocal habitual (present)
aux_1_obl_rec_hab_fut,itloramo,iƛ.or.ˈam.o,auxiliary-form: 1st obligative reciprocal habitual (future)
aux_1_obl_rec_pro_pst,itlorase,iƛ.or.ˈas.e,auxiliary-form: 1st obligative reciprocal progressive (past)
aux_1_obl_rec_pro_prs,itlorasa,iƛ.or.ˈas.a,auxiliary-form: 1st obligative reciprocal progressive (present)
aux_1_obl_rec_pro_fut,itloraso,iƛ.or.ˈas.o,auxiliary-form: 1st obligative reciprocal progressive (future)
aux_1_obl_rec_cnt_pst,itlorashe,iƛ.or.ˈaʃ.e,auxiliary-form: 1st obligative reciprocal continuous (past)
aux_1_obl_rec_cnt_prs,itlorasha,iƛ.or.ˈaʃ.a,auxiliary-form: 1st obligative reciprocal continuous (present)
aux_1_obl_rec_cnt_fut,itlorasho,iƛ.or.ˈaʃ.o,auxiliary-form: 1st obligative reciprocal continuous (future)
aux_1_obl_rec_itr_pst,itlorane,iƛ.or.ˈan.e,auxiliary-form: 1st obligative reciprocal iterative (past)
aux_1_obl_rec_itr_prs,itlorana,iƛ.or.ˈan.a,auxiliary-form: 1st obligative reciprocal iterative (present)
aux_1_obl_rec_itr_fut,itlorano,iƛ.or.ˈan.o,auxiliary-form: 1st obligative reciprocal iterative (future)
aux_1_obl_rec_inc_pst,itloraye,iƛ.or.ˈaj.e,auxiliary-form: 1st obligative reciprocal inceptive (past)
aux_1_obl_rec_inc_prs,itloraya,iƛ.or.ˈaj.a,auxiliary-form: 1st obligative reciprocal inceptive (present)
aux_1_obl_rec_inc_fut,itlorayo,iƛ.or.ˈaj.o,auxiliary-form: 1st obligative reciprocal inceptive (future)
aux_1_obl_rec_ces_pst,itlorape,iƛ.or.ˈap.e,auxiliary-form: 1st obligative reciprocal cessative (past)
aux_1_obl_rec_ces_prs,itlorapa,iƛ.or.ˈap.a,auxiliary-form: 1st obligative reciprocal cessative (present)
aux_1_obl_rec_ces_fut,itlorapo,iƛ.or.ˈap.o,auxiliary-form: 1st obligative reciprocal cessative (future)
aux_1_obl_rec_rem_pst,itlorahe,iƛ.or.ˈah.e,auxiliary-form: 1st obligative reciprocal remote (past)
aux_1_obl_rec_rem_prs,itloraha,iƛ.or.ˈah.a,auxiliary-form: 1st obligative reciprocal remote (present)
aux_1_obl_rec_rem_fut,itloraho,iƛ.or.ˈah.o,auxiliary-form: 1st obligative reciprocal remote (future)
aux_1_pot_sim_pst,ishofe,iʃ.ˈof.e,auxiliary-form: 1st potential simple (past)
aux_1_pot_sim_prs,ishofa,iʃ.ˈof.a,auxiliary-form: 1st potential simple (present)
aux_1_pot_sim_fut,ishofo,iʃ.ˈof.o,auxiliary-form: 1st potential simple (future)
aux_1_pot_ipf_pst,ishothe,iʃ.ˈoθ.e,auxiliary-form: 1st potential imperfective (past)
aux_1_pot_ipf_prs,ishotha,iʃ.ˈoθ.a,auxiliary-form: 1st potential imperfective (present)
aux_1_pot_ipf_fut,ishotho,iʃ.ˈoθ.o,auxiliary-form: 1st potential imperfective (future)
aux_1_pot_prf_pst,isholhe,iʃ.ˈoɬ.e,auxiliary-form: 1st potential perfect (past)
aux_1_pot_prf_prs,isholha,iʃ.ˈoɬ.a,auxiliary-form: 1st potential perfect (present)
aux_1_pot_prf_fut,isholho,iʃ.ˈoɬ.o,auxiliary-form: 1st potential perfect (future)
aux_1_pot_nea_pst,ishotle,iʃ.ˈoƛ.e,auxiliary-form: 1st potential near (past)
aux_1_pot_nea_prs,ishotla,iʃ.ˈoƛ.a,auxiliary-form: 1st potential near (present)
aux_1_pot_nea_fut,ishotlo,iʃ.ˈoƛ.o,auxiliary-form: 1st potential near (future)
aux_1_pot_imm_pst,ishoke,iʃ.ˈok.e,auxiliary-form: 1st potential immediate (past)
aux_1_pot_imm_prs,ishoka,iʃ.ˈok.a,auxiliary-form: 1st potential immediate (present)
aux_1_pot_imm_fut,ishoko,iʃ.ˈok.o,auxiliary-form: 1st potential immediate (future)
aux_1_pot_hab_pst,ishome,iʃ.ˈom.e,auxiliary-form: 1st potential habitual (past)
aux_1_pot_hab_prs,ishoma,iʃ.ˈom.a,auxiliary-form: 1st potential habitual (present)
aux_1_pot_hab_fut,ishomo,iʃ.ˈom.o,auxiliary-form: 1st potential habitual (future)
aux_1_pot_pro_pst,ishose,iʃ.ˈos.e,auxiliary-form: 1st potential progressive (past)
aux_1_pot_pro_prs,ishosa,iʃ.ˈos.a,auxiliary-form: 1st potential progressive (present)
aux_1_pot_pro_fut,ishoso,iʃ.ˈos.o,auxiliary-form: 1st potential progressive (future)
aux_1_pot_cnt_pst,ishoshe,iʃ.ˈoʃ.e,auxiliary-form: 1st potential continuous (past)
aux_1_pot_cnt_prs,ishosha,iʃ.ˈoʃ.a,auxiliary-form: 1st potential continuous (present)
aux_1_pot_cnt_fut,ishosho,iʃ.ˈoʃ.o,auxiliary-form: 1st potential continuous (future)
aux_1_pot_itr_pst,ishone,iʃ.ˈon.e,auxiliary-form: 1st potential iterative (past)
aux_1_pot_itr_prs,ishona,iʃ.ˈon.a,auxiliary-form: 1st potential iterative (present)
aux_1_pot_itr_fut,ishono,iʃ.ˈon.o,auxiliary-form: 1st potential iterative (future)
aux_1_pot_inc_pst,ishoye,iʃ.ˈoj.e,auxiliary-form: 1st potential inceptive (past)
aux_1_pot_inc_prs,ishoya,iʃ.ˈoj.a,auxiliary-form: 1st potential inceptive (present)
aux_1_pot_inc_fut,ishoyo,iʃ.ˈoj.o,auxiliary-form: 1st potential inceptive (future)
aux_1_pot_ces_pst,ishope,iʃ.ˈop.e,auxiliary-form: 1st potential cessative (past)
aux_1_pot_ces_prs,ishopa,iʃ.ˈop.a,auxiliary-form: 1st potential cessative (present)
aux_1_pot_ces_fut,ishopo,iʃ.ˈop.o,auxiliary-form: 1st potential cessative (future)
aux_1_pot_rem_pst,ishohe,iʃ.ˈoh.e,auxiliary-form: 1st potential remote (past)
aux_1_pot_rem_prs,ishoha,iʃ.ˈoh.a,auxiliary-form: 1st potential remote (present)
aux_1_pot_rem_fut,ishoho,iʃ.ˈoh.o,auxiliary-form: 1st potential remote (future)
aux_1_pot_ref_sim_pst,ishotefe,iʃ.ot.ˈef.e,auxiliary-form: 1st potential reflexive simple (past)
aux_1_pot_ref_sim_prs,ishotefa,iʃ.ot.ˈef.a,auxiliary-form: 1st potential reflexive simple (present)
aux_1_pot_ref_sim_fut,ishotefo,iʃ.ot.ˈef.o,auxiliary-form: 1st potential reflexive simple (future)
aux_1_pot_ref_ipf_pst,ishotethe,iʃ.ot.ˈeθ.e,auxiliary-form: 1st potential reflexive imperfective (past)
aux_1_pot_ref_ipf_prs,ishotetha,iʃ.ot.ˈeθ.a,auxiliary-form: 1st potential reflexive imperfective (present)
aux_1_pot_ref_ipf_fut,ishotetho,iʃ.ot.ˈeθ.o,auxiliary-form: 1st potential reflexive imperfective (future)
aux_1_pot_ref_prf_pst,ishotelhe,iʃ.ot.ˈeɬ.e,auxiliary-form: 1st potential reflexive perfect (past)
aux_1_pot_ref_prf_prs,ishotelha,iʃ.ot.ˈeɬ.a,auxiliary-form: 1st potential reflexive perfect (present)
aux_1_pot_ref_prf_fut,ishotelho,iʃ.ot.ˈeɬ.o,auxiliary-form: 1st potential reflexive perfect (future)
aux_1_pot_ref_nea_pst,ishotetle,iʃ.ot.ˈeƛ.e,auxiliary-form: 1st potential reflexive near (past)
aux_1_pot_ref_nea_prs,ishotetla,iʃ.ot.ˈeƛ.a,auxiliary-form: 1st potential reflexive near (present)
aux_1_pot_ref_nea_fut,ishotetlo,iʃ.ot.ˈeƛ.o,auxiliary-form: 1st potential reflexive near (future)
aux_1_pot_ref_imm_pst,ishoteke,iʃ.ot.ˈek.e,auxiliary-form: 1st potential reflexive immediate (past)
aux_1_pot_ref_imm_prs,ishoteka,iʃ.ot.ˈek.a,auxiliary-form: 1st potential reflexive immediate (present)
aux_1_pot_ref_imm_fut,ishoteko,iʃ.ot.ˈek.o,auxiliary-form: 1st potential reflexive immediate (future)
aux_1_pot_ref_hab_pst,ishoteme,iʃ.ot.ˈem.e,auxiliary-form: 1st potential reflexive habitual (past)
aux_1_pot_ref_hab_prs,ishotema,iʃ.ot.ˈem.a,auxiliary-form: 1st potential reflexive habitual (present)
aux_1_pot_ref_hab_fut,ishotemo,iʃ.ot.ˈem.o,auxiliary-form: 1st potential reflexive habitual (future)
aux_1_pot_ref_pro_pst,ishotese,iʃ.ot.ˈes.e,auxiliary-form: 1st potential reflexive progressive (past)
aux_1_pot_ref_pro_prs,ishotesa,iʃ.ot.ˈes.a,auxiliary-form: 1st potential reflexive progressive (present)
aux_1_pot_ref_pro_fut,ishoteso,iʃ.ot.ˈes.o,auxiliary-form: 1st potential reflexive progressive (future)
aux_1_pot_ref_cnt_pst,ishoteshe,iʃ.ot.ˈeʃ.e,auxiliary-form: 1st potential reflexive continuous (past)
aux_1_pot_ref_cnt_prs,ishotesha,iʃ.ot.ˈeʃ.a,auxiliary-form: 1st potential reflexive continuous (present)
aux_1_pot_ref_cnt_fut,ishotesho,iʃ.ot.ˈeʃ.o,auxiliary-form: 1st potential reflexive continuous (future)
aux_1_pot_ref_itr_pst,ishotene,iʃ.ot.ˈen.e,auxiliary-form: 1st potential reflexive iterative (past)
aux_1_pot_ref_itr_prs,ishotena,iʃ.ot.ˈen.a,auxiliary-form: 1st potential reflexive iterative (present)
aux_1_pot_ref_itr_fut,ishoteno,iʃ.ot.ˈen.o,auxiliary-form: 1st potential reflexive iterative (future)
aux_1_pot_ref_inc_pst,ishoteye,iʃ.ot.ˈej.e,auxiliary-form: 1st potential reflexive inceptive (past)
aux_1_pot_ref_inc_prs,ishoteya,iʃ.ot.ˈej.a,auxiliary-form: 1st potential reflexive inceptive (present)
aux_1_pot_ref_inc_fut,ishoteyo,iʃ.ot.ˈej.o,auxiliary-form: 1st potential reflexive inceptive (future)
aux_1_pot_ref_ces_pst,ishotepe,iʃ.ot.ˈep.e,auxiliary-form: 1st potential reflexive cessative (past)
aux_1_pot_ref_ces_prs,ishotepa,iʃ.ot.ˈep.a,auxiliary-form: 1st potential reflexive cessative (present)
aux_1_pot_ref_ces_fut,ishotepo,iʃ.ot.ˈep.o,auxiliary-form: 1st potential reflexive cessative (future)
aux_1_pot_ref_rem_pst,ishotehe,iʃ.ot.ˈeh.e,auxiliary-form: 1st potential reflexive remote (past)
aux_1_pot_ref_rem_prs,ishoteha,iʃ.ot.ˈeh.a,auxiliary-form: 1st potential reflexive remote (present)
aux_1_pot_ref_rem_fut,ishoteho,iʃ.ot.ˈeh.o,auxiliary-form: 1st potential reflexive remote (future)
aux_1_pot_pas_sim_pst,ishopafe,iʃ.op.ˈaf.e,auxiliary-form: 1st potential passive simple (past)
aux_1_pot_pas_sim_prs,ishopafa,iʃ.op.ˈaf.a,auxiliary-form: 1st potential passive simple (present)
aux_1_pot_pas_sim_fut,ishopafo,iʃ.op.ˈaf.o,auxiliary-form: 1st potential passive simple (future)
aux_1_pot_pas_ipf_pst,ishopathe,iʃ.op.ˈaθ.e,auxiliary-form: 1st potential passive imperfective (past)
aux_1_pot_pas_ipf_prs,ishopatha,iʃ.op.ˈaθ.a,auxiliary-form: 1st potential passive imperfective (present)
aux_1_pot_pas_ipf_fut,ishopatho,iʃ.op.ˈaθ.o,auxiliary-form: 1st potential passive imperfective (future)
aux_1_pot_pas_prf_pst,ishopalhe,iʃ.op.ˈaɬ.e,auxiliary-form: 1st potential passive perfect (past)
aux_1_pot_pas_prf_prs,ishopalha,iʃ.op.ˈaɬ.a,auxiliary-form: 1st potential passive perfect (present)
aux_1_pot_pas_prf_fut,ishopalho,iʃ.op.ˈaɬ.o,auxiliary-form: 1st potential passive perfect (future)
aux_1_pot_pas_nea_pst,ishopatle,iʃ.op.ˈaƛ.e,auxiliary-form: 1st potential passive near (past)
aux_1_pot_pas_nea_prs,ishopatla,iʃ.op.ˈaƛ.a,auxiliary-form: 1st potential passive near (present)
aux_1_pot_pas_nea_fut,ishopatlo,iʃ.op.ˈaƛ.o,auxiliary-form: 1st potential passive near (future)
aux_1_pot_pas_imm_pst,ishopake,iʃ.op.ˈak.e,auxiliary-form: 1st potential passive immediate (past)
aux_1_pot_pas_imm_prs,ishopaka,iʃ.op.ˈak.a,auxiliary-form: 1st potential passive immediate (present)
aux_1_pot_pas_imm_fut,ishopako,iʃ.op.ˈak.o,auxiliary-form: 1st potential passive immediate (future)
aux_1_pot_pas_hab_pst,ishopame,iʃ.op.ˈam.e,auxiliary-form: 1st potential passive habitual (past)
aux_1_pot_pas_hab_prs,ishopama,iʃ.op.ˈam.a,auxiliary-form: 1st potential passive habitual (present)
aux_1_pot_pas_hab_fut,ishopamo,iʃ.op.ˈam.o,auxiliary-form: 1st potential passive habitual (future)
aux_1_pot_pas_pro_pst,ishopase,iʃ.op.ˈas.e,auxiliary-form: 1st potential passive progressive (past)
aux_1_pot_pas_pro_prs,ishopasa,iʃ.op.ˈas.a,auxiliary-form: 1st potential passive progressive (present)
aux_1_pot_pas_pro_fut,ishopaso,iʃ.op.ˈas.o,auxiliary-form: 1st potential passive progressive (future)
aux_1_pot_pas_cnt_pst,ishopashe,iʃ.op.ˈaʃ.e,auxiliary-form: 1st potential passive continuous (past)
aux_1_pot_pas_cnt_prs,ishopasha,iʃ.op.ˈaʃ.a,auxiliary-form: 1st potential passive continuous (present)
aux_1_pot_pas_cnt_fut,ishopasho,iʃ.op.ˈaʃ.o,auxiliary-form: 1st potential passive continuous (future)
aux_1_pot_pas_itr_pst,ishopane,iʃ.op.ˈan.e,auxiliary-form: 1st potential passive iterative (past)
aux_1_pot_pas_itr_prs,ishopana,iʃ.op.ˈan.a,auxiliary-form: 1st potential passive iterative (present)
aux_1_pot_pas_itr_fut,ishopano,iʃ.op.ˈan.o,auxiliary-form: 1st potential passive iterative (future)
aux_1_pot_pas_inc_pst,ishopaye,iʃ.op.ˈaj.e,auxiliary-form: 1st potential passive inceptive (past)
aux_1_pot_pas_inc_prs,ishopaya,iʃ.op.ˈaj.a,auxiliary-form: 1st potential passive inceptive (present)
aux_1_pot_pas_inc_fut,ishopayo,iʃ.op.ˈaj.o,auxiliary-form: 1st potential passive inceptive (future)
aux_1_pot_pas_ces_pst,ishopape,iʃ.op.ˈap.e,auxiliary-form: 1st potential passive cessative (past)
aux_1_pot_pas_ces_prs,ishopapa,iʃ.op.ˈap.a,auxiliary-form: 1st potential passive cessative (present)
aux_1_pot_pas_ces_fut,ishopapo,iʃ.op.ˈap.o,auxiliary-form: 1st potential passive cessative (future)
aux_1_pot_pas_rem_pst,ishopahe,iʃ.op.ˈah.e,auxiliary-form: 1st potential passive remote (past)
aux_1_pot_pas_rem_prs,ishopaha,iʃ.op.ˈah.a,auxiliary-form: 1st potential passive remote (present)
aux_1_pot_pas_rem_fut,ishopaho,iʃ.op.ˈah.o,auxiliary-form: 1st potential passive remote (future)
aux_1_pot_mid_sim_pst,ishomofe,iʃ.om.ˈof.e,auxiliary-form: 1st potential middle simple (past)
aux_1_pot_mid_sim_prs,ishomofa,iʃ.om.ˈof.a,auxiliary-form: 1st potential middle simple (present)
aux_1_pot_mid_sim_fut,ishomofo,iʃ.om.ˈof.o,auxiliary-form: 1st potential middle simple (future)
aux_1_pot_mid_ipf_pst,ishomothe,iʃ.om.ˈoθ.e,auxiliary-form: 1st potential middle imperfective (past)
aux_1_pot_mid_ipf_prs,ishomotha,iʃ.om.ˈoθ.a,auxiliary-form: 1st potential middle imperfective (present)
aux_1_pot_mid_ipf_fut,ishomotho,iʃ.om.ˈoθ.o,auxiliary-form: 1st potential middle imperfective (future)
aux_1_pot_mid_prf_pst,ishomolhe,iʃ.om.ˈoɬ.e,auxiliary-form: 1st potential middle perfect (past)
aux_1_pot_mid_prf_prs,ishomolha,iʃ.om.ˈoɬ.a,auxiliary-form: 1st potential middle perfect (present)
aux_1_pot_mid_prf_fut,ishomolho,iʃ.om.ˈoɬ.o,auxiliary-form: 1st potential middle perfect (future)
aux_1_pot_mid_nea_pst,ishomotle,iʃ.om.ˈoƛ.e,auxiliary-form: 1st potential middle near (past)
aux_1_pot_mid_nea_prs,ishomotla,iʃ.om.ˈoƛ.a,auxiliary-form: 1st potential middle near (present)
aux_1_pot_mid_nea_fut,ishomotlo,iʃ.om.ˈoƛ.o,auxiliary-form: 1st potential middle near (future)
aux_1_pot_mid_imm_pst,ishomoke,iʃ.om.ˈok.e,auxiliary-form: 1st potential middle immediate (past)
aux_1_pot_mid_imm_prs,ishomoka,iʃ.om.ˈok.a,auxiliary-form: 1st potential middle immediate (present)
aux_1_pot_mid_imm_fut,ishomoko,iʃ.om.ˈok.o,auxiliary-form: 1st potential middle immediate (future)
aux_1_pot_mid_hab_pst,ishomome,iʃ.om.ˈom.e,auxiliary-form: 1st potential middle habitual (past)
aux_1_pot_mid_hab_prs,ishomoma,iʃ.om.ˈom.a,auxiliary-form: 1st potential middle habitual (present)
aux_1_pot_mid_hab_fut,ishomomo,iʃ.om.ˈom.o,auxiliary-form: 1st potential middle habitual (future)
aux_1_pot_mid_pro_pst,ishomose,iʃ.om.ˈos.e,auxiliary-form: 1st potential middle progressive (past)
aux_1_pot_mid_pro_prs,ishomosa,iʃ.om.ˈos.a,auxiliary-form: 1st potential middle progressive (present)
aux_1_pot_mid_pro_fut,ishomoso,iʃ.om.ˈos.o,auxiliary-form: 1st potential middle progressive (future)
aux_1_pot_mid_cnt_pst,ishomoshe,iʃ.om.ˈoʃ.e,auxiliary-form: 1st potential middle continuous (past)
aux_1_pot_mid_cnt_prs,ishomosha,iʃ.om.ˈoʃ.a,auxiliary-form: 1st potential middle continuous (present)
aux_1_pot_mid_cnt_fut,ishomosho,iʃ.om.ˈoʃ.o,auxiliary-form: 1st potential middle continuous (future)
aux_1_pot_mid_itr_pst,ishomone,iʃ.om.ˈon.e,auxiliary-form: 1st potential middle iterative (past)
aux_1_pot_mid_itr_prs,ishomona,iʃ.om.ˈon.a,auxiliary-form: 1st potential middle iterative (present)
aux_1_pot_mid_itr_fut,ishomono,iʃ.om.ˈon.o,auxiliary-form: 1st potential middle iterative (future)
aux_1_pot_mid_inc_pst,ishomoye,iʃ.om.ˈoj.e,auxiliary-form: 1st potential middle inceptive (past)
aux_1_pot_mid_inc_prs,ishomoya,iʃ.om.ˈoj.a,auxiliary-form: 1st potential middle inceptive (present)
aux_1_pot_mid_inc_fut,ishomoyo,iʃ.om.ˈoj.o,auxiliary-form: 1st potential middle inceptive (future)
aux_1_pot_mid_ces_pst,ishomope,iʃ.om.ˈop.e,auxiliary-form: 1st potential middle cessative (past)
aux_1_pot_mid_ces_prs,ishomopa,iʃ.om.ˈop.a,auxiliary-form: 1st potential middle cessative (present)
aux_1_pot_mid_ces_fut,ishomopo,iʃ.om.ˈop.o,auxiliary-form: 1st potential middle cessative (future)
aux_1_pot_mid_rem_pst,ishomohe,iʃ.om.ˈoh.e,auxiliary-form: 1st potential middle remote (past)
aux_1_pot_mid_rem_prs,ishomoha,iʃ.om.ˈoh.a,auxiliary-form: 1st potential middle remote (present)
aux_1_pot_mid_rem_fut,ishomoho,iʃ.om.ˈoh.o,auxiliary-form: 1st potential middle remote (future)
aux_1_pot_cau_sim_pst,ishokefe,iʃ.ok.ˈef.e,auxiliary-form: 1st potential causative simple (past)
aux_1_pot_cau_sim_prs,ishokefa,iʃ.ok.ˈef.a,auxiliary-form: 1st potential causative simple (present)
aux_1_pot_cau_sim_fut,ishokefo,iʃ.ok.ˈef.o,auxiliary-form: 1st potential causative simple (future)
aux_1_pot_cau_ipf_pst,ishokethe,iʃ.ok.ˈeθ.e,auxiliary-form: 1st potential causative imperfective (past)
aux_1_pot_cau_ipf_prs,ishoketha,iʃ.ok.ˈeθ.a,auxiliary-form: 1st potential causative imperfective (present)
aux_1_pot_cau_ipf_fut,ishoketho,iʃ.ok.ˈeθ.o,auxiliary-form: 1st potential causative imperfective (future)
aux_1_pot_cau_prf_pst,ishokelhe,iʃ.ok.ˈeɬ.e,auxiliary-form: 1st potential causative perfect (past)
aux_1_pot_cau_prf_prs,ishokelha,iʃ.ok.ˈeɬ.a,auxiliary-form: 1st potential causative perfect (present)
aux_1_pot_cau_prf_fut,ishokelho,iʃ.ok.ˈeɬ.o,auxiliary-form: 1st potential causative perfect (future)
aux_1_pot_cau_nea_pst,ishoketle,iʃ.ok.ˈeƛ.e,auxiliary-form: 1st potential causative near (past)
aux_1_pot_cau_nea_prs,ishoketla,iʃ.ok.ˈeƛ.a,auxiliary-form: 1st potential causative near (present)
aux_1_pot_cau_nea_fut,ishoketlo,iʃ.ok.ˈeƛ.o,auxiliary-form: 1st potential causative near (future)
aux_1_pot_cau_imm_pst,ishokeke,iʃ.ok.ˈek.e,auxiliary-form: 1st potential causative immediate (past)
aux_1_pot_cau_imm_prs,ishokeka,iʃ.ok.ˈek.a,auxiliary-form: 1st potential causative immediate (present)
aux_1_pot_cau_imm_fut,ishokeko,iʃ.ok.ˈek.o,auxiliary-form: 1st potential causative immediate (future)
aux_1_pot_cau_hab_pst,ishokeme,iʃ.ok.ˈem.e,auxiliary-form: 1st potential causative habitual (past)
aux_1_pot_cau_hab_prs,ishokema,iʃ.ok.ˈem.a,auxiliary-form: 1st potential causative habitual (present)
aux_1_pot_cau_hab_fut,ishokemo,iʃ.ok.ˈem.o,auxiliary-form: 1st potential causative habitual (future)
aux_1_pot_cau_pro_pst,ishokese,iʃ.ok.ˈes.e,auxiliary-form: 1st potential causative progressive (past)
aux_1_pot_cau_pro_prs,ishokesa,iʃ.ok.ˈes.a,auxiliary-form: 1st potential causative progressive (present)
aux_1_pot_cau_pro_fut,ishokeso,iʃ.ok.ˈes.o,auxiliary-form: 1st potential causative progressive (future)
aux_1_pot_cau_cnt_pst,ishokeshe,iʃ.ok.ˈeʃ.e,auxiliary-form: 1st potential causative continuous (past)
aux_1_pot_cau_cnt_prs,ishokesha,iʃ.ok.ˈeʃ.a,auxiliary-form: 1st potential causative continuous (present)
aux_1_pot_cau_cnt_fut,ishokesho,iʃ.ok.ˈeʃ.o,auxiliary-form: 1st potential causative continuous (future)
aux_1_pot_cau_itr_pst,ishokene,iʃ.ok.ˈen.e,auxiliary-form: 1st potential causative iterative (past)
aux_1_pot_cau_itr_prs,ishokena,iʃ.ok.ˈen.a,auxiliary-form: 1st potential causative iterative (present)
aux_1_pot_cau_itr_fut,ishokeno,iʃ.ok.ˈen.o,auxiliary-form: 1st potential causative iterative (future)
aux_1_pot_cau_inc_pst,ishokeye,iʃ.ok.ˈej.e,auxiliary-form: 1st potential causative inceptive (past)
aux_1_pot_cau_inc_prs,ishokeya,iʃ.ok.ˈej.a,auxiliary-form: 1st potential causative inceptive (present)
aux_1_pot_cau_inc_fut,ishokeyo,iʃ.ok.ˈej.o,auxiliary-form: 1st potential causative inceptive (future)
aux_1_pot_cau_ces_pst,ishokepe,iʃ.ok.ˈep.e,auxiliary-form: 1st potential causative cessative (past)
aux_1_pot_cau_ces_prs,ishokepa,iʃ.ok.ˈep.a,auxiliary-form: 1st potential causative cessative (present)
aux_1_pot_cau_ces_fut,ishokepo,iʃ.ok.ˈep.o,auxiliary-form: 1st potential causative cessative (future)
aux_1_pot_cau_rem_pst,ishokehe,iʃ.ok.ˈeh.e,auxiliary-form: 1st potential causative remote (past)
aux_1_pot_cau_rem_prs,ishokeha,iʃ.ok.ˈeh.a,auxiliary-form: 1st potential causative remote (present)
aux_1_pot_cau_rem_fut,ishokeho,iʃ.ok.ˈeh.o,auxiliary-form: 1st potential causative remote (future)
aux_1_pot_rec_sim_pst,ishorafe,iʃ.or.ˈaf.e,auxiliary-form: 1st potential reciprocal simple (past)
aux_1_pot_rec_sim_prs,ishorafa,iʃ.or.ˈaf.a,auxiliary-form: 1st potential reciprocal simple (present)
aux_1_pot_rec_sim_fut,ishorafo,iʃ.or.ˈaf.o,auxiliary-form: 1st potential reciprocal simple (future)
aux_1_pot_rec_ipf_pst,ishorathe,iʃ.or.ˈaθ.e,auxiliary-form: 1st potential reciprocal imperfective (past)
aux_1_pot_rec_ipf_prs,ishoratha,iʃ.or.ˈaθ.a,auxiliary-form: 1st potential reciprocal imperfective (present)
aux_1_pot_rec_ipf_fut,ishoratho,iʃ.or.ˈaθ.o,auxiliary-form: 1st potential reciprocal imperfective (future)
aux_1_pot_rec_prf_pst,ishoralhe,iʃ.or.ˈaɬ.e,auxiliary-form: 1st potential reciprocal perfect (past)
aux_1_pot_rec_prf_prs,ishoralha,iʃ.or.ˈaɬ.a,auxiliary-form: 1st potential reciprocal perfect (present)
aux_1_pot_rec_prf_fut,ishoralho,iʃ.or.ˈaɬ.o,auxiliary-form: 1st potential reciprocal perfect (future)
aux_1_pot_rec_nea_pst,ishoratle,iʃ.or.ˈaƛ.e,auxiliary-form: 1st potential reciprocal near (past)
aux_1_pot_rec_nea_prs,ishoratla,iʃ.or.ˈaƛ.a,auxiliary-form: 1st potential reciprocal near (present)
aux_1_pot_rec_nea_fut,ishoratlo,iʃ.or.ˈaƛ.o,auxiliary-form: 1st potential reciprocal near (future)
aux_1_pot_rec_imm_pst,ishorake,iʃ.or.ˈak.e,auxiliary-form: 1st potential reciprocal immediate (past)
aux_1_pot_rec_imm_prs,ishoraka,iʃ.or.ˈak.a,auxiliary-form: 1st potential reciprocal immediate (present)
aux_1_pot_rec_imm_fut,ishorako,iʃ.or.ˈak.o,auxiliary-form: 1st potential reciprocal immediate (future)
aux_1_pot_rec_hab_pst,ishorame,iʃ.or.ˈam.e,auxiliary-form: 1st potential reciprocal habitual (past)
aux_1_pot_rec_hab_prs,ishorama,iʃ.or.ˈam.a,auxiliary-form: 1st potential reciprocal habitual (present)
aux_1_pot_rec_hab_fut,ishoramo,iʃ.or.ˈam.o,auxiliary-form: 1st potential reciprocal habitual (future)
aux_1_pot_rec_pro_pst,ishorase,iʃ.or.ˈas.e,auxiliary-form: 1st potential reciprocal progressive (past)
aux_1_pot_rec_pro_prs,ishorasa,iʃ.or.ˈas.a,auxiliary-form: 1st potential reciprocal progressive (present)
aux_1_pot_rec_pro_fut,ishoraso,iʃ.or.ˈas.o,auxiliary-form: 1st potential reciprocal progressive (future)
aux_1_pot_rec_cnt_pst,ishorashe,iʃ.or.ˈaʃ.e,auxiliary-form: 1st potential reciprocal continuous (past)
aux_1_pot_rec_cnt_prs,ishorasha,iʃ.or.ˈaʃ.a,auxiliary-form: 1st potential reciprocal continuous (present)
aux_1_pot_rec_cnt_fut,ishorasho,iʃ.or.ˈaʃ.o,auxiliary-form: 1st potential reciprocal continuous (future)
aux_1_pot_rec_itr_pst,ishorane,iʃ.or.ˈan.e,auxiliary-form: 1st potential reciprocal iterative (past)
aux_1_pot_rec_itr_prs,ishorana,iʃ.or.ˈan.a,auxiliary-form: 1st potential reciprocal iterative (present)
aux_1_pot_rec_itr_fut,ishorano,iʃ.or.ˈan.o,auxiliary-form: 1st potential reciprocal iterative (future)
aux_1_pot_rec_inc_pst,ishoraye,iʃ.or.ˈaj.e,auxiliary-form: 1st potential reciprocal inceptive (past)
aux_1_pot_rec_inc_prs,ishoraya,iʃ.or.ˈaj.a,auxiliary-form: 1st potential reciprocal inceptive (present)
aux_1_pot_rec_inc_fut,ishorayo,iʃ.or.ˈaj.o,auxiliary-form: 1st potential reciprocal inceptive (future)
aux_1_pot_rec_ces_pst,ishorape,iʃ.or.ˈap.e,auxiliary-form: 1st potential reciprocal cessative (past)
aux_1_pot_rec_ces_prs,ishorapa,iʃ.or.ˈap.a,auxiliary-form: 1st potential reciprocal cessative (present)
aux_1_pot_rec_ces_fut,ishorapo,iʃ.or.ˈap.o,auxiliary-form: 1st potential reciprocal cessative (future)
aux_1_pot_rec_rem_pst,ishorahe,iʃ.or.ˈah.e,auxiliary-form: 1st potential reciprocal remote (past)
aux_1_pot_rec_rem_prs,ishoraha,iʃ.or.ˈah.a,auxiliary-form: 1st potential reciprocal remote (present)
aux_1_pot_rec_rem_fut,ishoraho,iʃ.or.ˈah.o,auxiliary-form: 1st potential reciprocal remote (future)
aux_2_sim_pst,ofe,ˈof.e,auxiliary-form: 2nd simple (past)
aux_2_sim_prs,ofa,ˈof.a,auxiliary-form: 2nd simple (present)
aux_2_sim_fut,ofo,ˈof.o,auxiliary-form: 2nd simple (future)
aux_2_ipf_pst,othe,ˈoθ.e,auxiliary-form: 2nd imperfective (past)
aux_2_ipf_prs,otha,ˈoθ.a,auxiliary-form: 2nd imperfective (present)
aux_2_ipf_fut,otho,ˈoθ.o,auxiliary-form: 2nd imperfective (future)
aux_2_prf_pst,olhe,ˈoɬ.e,auxiliary-form: 2nd perfect (past)
aux_2_prf_prs,olha,ˈoɬ.a,auxiliary-form: 2nd perfect (present)
aux_2_prf_fut,olho,ˈoɬ.o,auxiliary-form: 2nd perfect (future)
aux_2_nea_pst,otle,ˈoƛ.e,auxiliary-form: 2nd near (past)
aux_2_nea_prs,otla,ˈoƛ.a,auxiliary-form: 2nd near (present)
aux_2_nea_fut,otlo,ˈoƛ.o,auxiliary-form: 2nd near (future)
aux_2_imm_pst,oke,ˈok.e,auxiliary-form: 2nd immediate (past)
aux_2_imm_prs,oka,ˈok.a,auxiliary-form: 2nd immediate (present)
aux_2_imm_fut,oko,ˈok.o,auxiliary-form: 2nd immediate (future)
aux_2_hab_pst,ome,ˈom.e,auxiliary-form: 2nd habitual (past)
aux_2_hab_prs,oma,ˈom.a,auxiliary-form: 2nd habitual (present)
aux_2_hab_fut,omo,ˈom.o,auxiliary-form: 2nd habitual (future)
aux_2_pro_pst,ose,ˈos.e,auxiliary-form: 2nd progressive (past)
aux_2_pro_prs,osa,ˈos.a,auxiliary-form: 2nd progressive (present)
aux_2_pro_fut,oso,ˈos.o,auxiliary-form: 2nd progressive (future)
aux_2_cnt_pst,oshe,ˈoʃ.e,auxiliary-form: 2nd continuous (past)
aux_2_cnt_prs,osha,ˈoʃ.a,auxiliary-form: 2nd continuous (present)
aux_2_cnt_fut,osho,ˈoʃ.o,auxiliary-form: 2nd continuous (future)
aux_2_itr_pst,one,ˈon.e,auxiliary-form: 2nd iterative (past)
aux_2_itr_prs,ona,ˈon.a,auxiliary-form: 2nd iterative (present)
aux_2_itr_fut,ono,ˈon.o,auxiliary-form: 2nd iterative (future)
aux_2_inc_pst,oye,ˈoj.e,auxiliary-form: 2nd inceptive (past)
aux_2_inc_prs,oya,ˈoj.a,auxiliary-form: 2nd inceptive (present)
aux_2_inc_fut,oyo,ˈoj.o,auxiliary-form: 2nd inceptive (future)
aux_2_ces_pst,ope,ˈop.e,auxiliary-form: 2nd cessative (past)
aux_2_ces_prs,opa,ˈop.a,auxiliary-form: 2nd cessative (present)
aux_2_ces_fut,opo,ˈop.o,auxiliary-form: 2nd cessative (future)
aux_2_rem_pst,ohe,ˈoh.e,auxiliary-form: 2nd remote (past)
aux_2_rem_prs,oha,ˈoh.a,auxiliary-form: 2nd remote (present)
aux_2_rem_fut,oho,ˈoh.o,auxiliary-form: 2nd remote (future)
aux_2_ref_sim_pst,otefe,ot.ˈef.e,auxiliary-form: 2nd reflexive simple (past)
aux_2_ref_sim_prs,otefa,ot.ˈef.a,auxiliary-form: 2nd reflexive simple (present)
aux_2_ref_sim_fut,otefo,ot.ˈef.o,auxiliary-form: 2nd reflexive simple (future)
aux_2_ref_ipf_pst,otethe,ot.ˈeθ.e,auxiliary-form: 2nd reflexive imperfective (past)
aux_2_ref_ipf_prs,otetha,ot.ˈeθ.a,auxiliary-form: 2nd reflexive imperfective (present)
aux_2_ref_ipf_fut,otetho,ot.ˈeθ.o,auxiliary-form: 2nd reflexive imperfective (future)
aux_2_ref_prf_pst,otelhe,ot.ˈeɬ.e,auxiliary-form: 2nd reflexive perfect (past)
aux_2_ref_prf_prs,otelha,ot.ˈeɬ.a,auxiliary-form: 2nd reflexive perfect (present)
aux_2_ref_prf_fut,otelho,ot.ˈeɬ.o,auxiliary-form: 2nd reflexive perfect (future)
aux_2_ref_nea_pst,otetle,ot.ˈeƛ.e,auxiliary-form: 2nd reflexive near (past)
aux_2_ref_nea_prs,otetla,ot.ˈeƛ.a,auxiliary-form: 2nd reflexive near (present)
aux_2_ref_nea_fut,otetlo,ot.ˈeƛ.o,auxiliary-form: 2nd reflexive near (future)
aux_2_ref_imm_pst,oteke,ot.ˈek.e,auxiliary-form: 2nd reflexive immediate (past)
aux_2_ref_imm_prs,oteka,ot.ˈek.a,auxiliary-form: 2nd reflexive immediate (present)
aux_2_ref_imm_fut,oteko,ot.ˈek.o,auxiliary-form: 2nd reflexive immediate (future)
aux_2_ref_hab_pst,oteme,ot.ˈem.e,auxiliary-form: 2nd reflexive habitual (past)
aux_2_ref_hab_prs,otema,ot.ˈem.a,auxiliary-form: 2nd reflexive habitual (present)
aux_2_ref_hab_fut,otemo,ot.ˈem.o,auxiliary-form: 2nd reflexive habitual (future)
aux_2_ref_pro_pst,otese,ot.ˈes.e,auxiliary-form: 2nd reflexive progressive (past)
aux_2_ref_pro_prs,otesa,ot.ˈes.a,auxiliary-form: 2nd reflexive progressive (present)
aux_2_ref_pro_fut,oteso,ot.ˈes.o,auxiliary-form: 2nd reflexive progressive (future)
aux_2_ref_cnt_pst,oteshe,ot.ˈeʃ.e,auxiliary-form: 2nd reflexive continuous (past)
aux_2_ref_cnt_prs,otesha,ot.ˈeʃ.a,auxiliary-form: 2nd reflexive continuous (present)
aux_2_ref_cnt_fut,otesho,ot.ˈeʃ.o,auxiliary-form: 2nd reflexive continuous (future)
aux_2_ref_itr_pst,otene,ot.ˈen.e,auxiliary-form: 2nd reflexive iterative (past)
aux_2_ref_itr_prs,otena,ot.ˈen.a,auxiliary-form: 2nd reflexive iterative (present)
aux_2_ref_itr_fut,oteno,ot.ˈen.o,auxiliary-form: 2nd reflexive iterative (future)
aux_2_ref_inc_pst,oteye,ot.ˈej.e,auxiliary-form: 2nd reflexive inceptive (past)
aux_2_ref_inc_prs,oteya,ot.ˈej.a,auxiliary-form: 2nd reflexive inceptive (present)
aux_2_ref_inc_fut,oteyo,ot.ˈej.o,auxiliary-form: 2nd reflexive inceptive (future)
aux_2_ref_ces_pst,otepe,ot.ˈep.e,auxiliary-form: 2nd reflexive cessative (past)
aux_2_ref_ces_prs,otepa,ot.ˈep.a,auxiliary-form: 2nd reflexive cessative (present)
aux_2_ref_ces_fut,otepo,ot.ˈep.o,auxiliary-form: 2nd reflexive cessative (future)
aux_2_ref_rem_pst,otehe,ot.ˈeh.e,auxiliary-form: 2nd reflexive remote (past)
aux_2_ref_rem_prs,oteha,ot.ˈeh.a,auxiliary-form: 2nd reflexive remote (present)
aux_2_ref_rem_fut,oteho,ot.ˈeh.o,auxiliary-form: 2nd reflexive remote (future)
aux_2_pas_sim_pst,opafe,op.ˈaf.e,auxiliary-form: 2nd passive simple (past)
aux_2_pas_sim_prs,opafa,op.ˈaf.a,auxiliary-form: 2nd passive simple (present)
aux_2_pas_sim_fut,opafo,op.ˈaf.o,auxiliary-form: 2nd passive simple (future)
aux_2_pas_ipf_pst,opathe,op.ˈaθ.e,auxiliary-form: 2nd passive imperfective (past)
aux_2_pas_ipf_prs,opatha,op.ˈaθ.a,auxiliary-form: 2nd passive imperfective (present)
aux_2_pas_ipf_fut,opatho,op.ˈaθ.o,auxiliary-form: 2nd passive imperfective (future)
aux_2_pas_prf_pst,opalhe,op.ˈaɬ.e,auxiliary-form: 2nd passive perfect (past)
aux_2_pas_prf_prs,opalha,op.ˈaɬ.a,auxiliary-form: 2nd passive perfect (present)
aux_2_pas_prf_fut,opalho,op.ˈaɬ.o,auxiliary-form: 2nd passive perfect (future)
aux_2_pas_nea_pst,opatle,op.ˈaƛ.e,auxiliary-form: 2nd passive near (past)
aux_2_pas_nea_prs,opatla,op.ˈaƛ.a,auxiliary-form: 2nd passive near (present)
aux_2_pas_nea_fut,opatlo,op.ˈaƛ.o,auxiliary-form: 2nd passive near (future)
aux_2_pas_imm_pst,opake,op.ˈak.e,auxiliary-form: 2nd passive immediate (past)
aux_2_pas_imm_prs,opaka,op.ˈak.a,auxiliary-form: 2nd passive immediate (present)
aux_2_pas_imm_fut,opako,op.ˈak.o,auxiliary-form: 2nd passive immediate (future)
aux_2_pas_hab_pst,opame,op.ˈam.e,auxiliary-form: 2nd passive habitual (past)
aux_2_pas_hab_prs,opama,op.ˈam.a,auxiliary-form: 2nd passive habitual (present)
aux_2_pas_hab_fut,opamo,op.ˈam.o,auxiliary-form: 2nd passive habitual (future)
aux_2_pas_pro_pst,opase,op.ˈas.e,auxiliary-form: 2nd passive progressive (past)
aux_2_pas_pro_prs,opasa,op.ˈas.a,auxiliary-form: 2nd passive progressive (present)
aux_2_pas_pro_fut,opaso,op.ˈas.o,auxiliary-form: 2nd passive progressive (future)
aux_2_pas_cnt_pst,opashe,op.ˈaʃ.e,auxiliary-form: 2nd passive continuous (past)
aux_2_pas_cnt_prs,opasha,op.ˈaʃ.a,auxiliary-form: 2nd passive continuous (present)
aux_2_pas_cnt_fut,opasho,op.ˈaʃ.o,auxiliary-form: 2nd passive continuous (future)
aux_2_pas_itr_pst,opane,op.ˈan.e,auxiliary-form: 2nd passive iterative (past)
aux_2_pas_itr_prs,opana,op.ˈan.a,auxiliary-form: 2nd passive iterative (present)
aux_2_pas_itr_fut,opano,op.ˈan.o,auxiliary-form: 2nd passive iterative (future)
aux_2_pas_inc_pst,opaye,op.ˈaj.e,auxiliary-form: 2nd passive inceptive (past)
aux_2_pas_inc_prs,opaya,op.ˈaj.a,auxiliary-form: 2nd passive inceptive (present)
aux_2_pas_inc_fut,opayo,op.ˈaj.o,auxiliary-form: 2nd passive inceptive (future)
aux_2_pas_ces_pst,opape,op.ˈap.e,auxiliary-form: 2nd passive cessative (past)
aux_2_pas_ces_prs,opapa,op.ˈap.a,auxiliary-form: 2nd passive cessative (present)
aux_2_pas_ces_fut,opapo,op.ˈap.o,auxiliary-form: 2nd passive cessative (future)
aux_2_pas_rem_pst,opahe,op.ˈah.e,auxiliary-form: 2nd passive remote (past)
aux_2_pas_rem_prs,opaha,op.ˈah.a,auxiliary-form: 2nd passive remote (present)
aux_2_pas_rem_fut,opaho,op.ˈah.o,auxiliary-form: 2nd passive remote (future)
aux_2_mid_sim_pst,omofe,om.ˈof.e,auxiliary-form: 2nd middle simple (past)
aux_2_mid_sim_prs,omofa,om.ˈof.a,auxiliary-form: 2nd middle simple (present)
aux_2_mid_sim_fut,omofo,om.ˈof.o,auxiliary-form: 2nd middle simple (future)
aux_2_mid_ipf_pst,omothe,om.ˈoθ.e,auxiliary-form: 2nd middle imperfective (past)
aux_2_mid_ipf_prs,omotha,om.ˈoθ.a,auxiliary-form: 2nd middle imperfective (present)
aux_2_mid_ipf_fut,omotho,om.ˈoθ.o,auxiliary-form: 2nd middle imperfective (future)
aux_2_mid_prf_pst,omolhe,om.ˈoɬ.e,auxiliary-form: 2nd middle perfect (past)
aux_2_mid_prf_prs,omolha,om.ˈoɬ.a,auxiliary-form: 2nd middle perfect (present)
aux_2_mid_prf_fut,omolho,om.ˈoɬ.o,auxiliary-form: 2nd middle perfect (future)
aux_2_mid_nea_pst,omotle,om.ˈoƛ.e,auxiliary-form: 2nd middle near (past)
aux_2_mid_nea_prs,omotla,om.ˈoƛ.a,auxiliary-form: 2nd middle near (present)
aux_2_mid_nea_fut,omotlo,om.ˈoƛ.o,auxiliary-form: 2nd middle near (future)
aux_2_mid_imm_pst,omoke,om.ˈok.e,auxiliary-form: 2nd middle immediate (past)
aux_2_mid_imm_prs,omoka,om.ˈok.a,auxiliary-form: 2nd middle immediate (present)
aux_2_mid_imm_fut,omoko,om.ˈok.o,auxiliary-form: 2nd middle immediate (future)
aux_2_mid_hab_pst,omome,om.ˈom.e,auxiliary-form: 2nd middle habitual (past)
aux_2_mid_hab_prs,omoma,om.ˈom.a,auxiliary-form: 2nd middle habitual (present)
aux_2_mid_hab_fut,omomo,om.ˈom.o,auxiliary-form: 2nd middle habitual (future)
aux_2_mid_pro_pst,omose,om.ˈos.e,auxiliary-form: 2nd middle progressive (past)
aux_2_mid_pro_prs,omosa,om.ˈos.a,auxiliary-form: 2nd middle progressive (present)
aux_2_mid_pro_fut,omoso,om.ˈos.o,auxiliary-form: 2nd middle progressive (future)
aux_2_mid_cnt_pst,omoshe,om.ˈoʃ.e,auxiliary-form: 2nd middle continuous (past)
aux_2_mid_cnt_prs,omosha,om.ˈoʃ.a,auxiliary-form: 2nd middle continuous (present)
aux_2_mid_cnt_fut,omosho,om.ˈoʃ.o,auxiliary-form: 2nd middle continuous (future)
aux_2_mid_itr_pst,omone,om.ˈon.e,auxiliary-form: 2nd middle iterative (past)
aux_2_mid_itr_prs,omona,om.ˈon.a,auxiliary-form: 2nd middle iterative (present)
aux_2_mid_itr_fut,omono,om.ˈon.o,auxiliary-form: 2nd middle iterative (future)
aux_2_mid_inc_pst,omoye,om.ˈoj.e,auxiliary-form: 2nd middle inceptive (past)
aux_2_mid_inc_prs,omoya,om.ˈoj.a,auxiliary-form: 2nd middle inceptive (present)
aux_2_mid_inc_fut,omoyo,om.ˈoj.o,auxiliary-form: 2nd middle inceptive (future)
aux_2_mid_ces_pst,omope,om.ˈop.e,auxiliary-form: 2nd middle cessative (past)
aux_2_mid_ces_prs,omopa,om.ˈop.a,auxiliary-form: 2nd middle cessative (present)
aux_2_mid_ces_fut,omopo,om.ˈop.o,auxiliary-form: 2nd middle cessative (future)
aux_2_mid_rem_pst,omohe,om.ˈoh.e,auxiliary-form: 2nd middle remote (past)
aux_2_mid_rem_prs,omoha,om.ˈoh.a,auxiliary-form: 2nd middle remote (present)
aux_2_mid_rem_fut,omoho,om.ˈoh.o,auxiliary-form: 2nd middle remote (future)
aux_2_cau_sim_pst,okefe,ok.ˈef.e,auxiliary-form: 2nd causative simple (past)
aux_2_cau_sim_prs,okefa,ok.ˈef.a,auxiliary-form: 2nd causative simple (present)
aux_2_cau_sim_fut,okefo,ok.ˈef.o,auxiliary-form: 2nd causative simple (future)
aux_2_cau_ipf_pst,okethe,ok.ˈeθ.e,auxiliary-form: 2nd causative imperfective (past)
aux_2_cau_ipf_prs,oketha,ok.ˈeθ.a,auxiliary-form: 2nd causative imperfective (present)
aux_2_cau_ipf_fut,oketho,ok.ˈeθ.o,auxiliary-form: 2nd causative imperfective (future)
aux_2_cau_prf_pst,okelhe,ok.ˈeɬ.e,auxiliary-form: 2nd causative perfect (past)
aux_2_cau_prf_prs,okelha,ok.ˈeɬ.a,auxiliary-form: 2nd causative perfect (present)
aux_2_cau_prf_fut,okelho,ok.ˈeɬ.o,auxiliary-form: 2nd causative perfect (future)
aux_2_cau_nea_pst,oketle,ok.ˈeƛ.e,auxiliary-form: 2nd causative near (past)
aux_2_cau_nea_prs,oketla,ok.ˈeƛ.a,auxiliary-form: 2nd causative near (present)
aux_2_cau_nea_fut,oketlo,ok.ˈeƛ.o,auxiliary-form: 2nd causative near (future)
aux_2_cau_imm_pst,okeke,ok.ˈek.e,auxiliary-form: 2nd causative immediate (past)
aux_2_cau_imm_prs,okeka,ok.ˈek.a,auxiliary-form: 2nd causative immediate (present)
aux_2_cau_imm_fut,okeko,ok.ˈek.o,auxiliary-form: 2nd causative immediate (future)
aux_2_cau_hab_pst,okeme,ok.ˈem.e,auxiliary-form: 2nd causative habitual (past)
aux_2_cau_hab_prs,okema,ok.ˈem.a,auxiliary-form: 2nd causative habitual (present)
aux_2_cau_hab_fut,okemo,ok.ˈem.o,auxiliary-form: 2nd causative habitual (future)
aux_2_cau_pro_pst,okese,ok.ˈes.e,auxiliary-form: 2nd causative progressive (past)
aux_2_cau_pro_prs,okesa,ok.ˈes.a,auxiliary-form: 2nd causative progressive (present)
aux_2_cau_pro_fut,okeso,ok.ˈes.o,auxiliary-form: 2nd causative progressive (future)
aux_2_cau_cnt_pst,okeshe,ok.ˈeʃ.e,auxiliary-form: 2nd causative continuous (past)
aux_2_cau_cnt_prs,okesha,ok.ˈeʃ.a,auxiliary-form: 2nd causative continuous (present)
aux_2_cau_cnt_fut,okesho,ok.ˈeʃ.o,auxiliary-form: 2nd causative continuous (future)
aux_2_cau_itr_pst,okene,ok.ˈen.e,auxiliary-form: 2nd causative iterative (past)
aux_2_cau_itr_prs,okena,ok.ˈen.a,auxiliary-form: 2nd causative iterative (present)
aux_2_cau_itr_fut,okeno,ok.ˈen.o,auxiliary-form: 2nd causative iterative (future)
aux_2_cau_inc_pst,okeye,ok.ˈej.e,auxiliary-form: 2nd causative inceptive (past)
aux_2_cau_inc_prs,okeya,ok.ˈej.a,auxiliary-form: 2nd causative inceptive (present)
aux_2_cau_inc_fut,okeyo,ok.ˈej.o,auxiliary-form: 2nd causative inceptive (future)
aux_2_cau_ces_pst,okepe,ok.ˈep.e,auxiliary-form: 2nd causative cessative (past)
aux_2_cau_ces_prs,okepa,ok.ˈep.a,auxiliary-form: 2nd causative cessative (present)
aux_2_cau_ces_fut,okepo,ok.ˈep.o,auxiliary-form: 2nd causative cessative (future)
aux_2_cau_rem_pst,okehe,ok.ˈeh.e,auxiliary-form: 2nd causative remote (past)
aux_2_cau_rem_prs,okeha,ok.ˈeh.a,auxiliary-form: 2nd causative remote (present)
aux_2_cau_rem_fut,okeho,ok.ˈeh.o,auxiliary-form: 2nd causative remote (future)
aux_2_rec_sim_pst,orafe,or.ˈaf.e,auxiliary-form: 2nd reciprocal simple (past)
aux_2_rec_sim_prs,orafa,or.ˈaf.a,auxiliary-form: 2nd reciprocal simple (present)
aux_2_rec_sim_fut,orafo,or.ˈaf.o,auxiliary-form: 2nd reciprocal simple (future)
aux_2_rec_ipf_pst,orathe,or.ˈaθ.e,auxiliary-form: 2nd reciprocal imperfective (past)
aux_2_rec_ipf_prs,oratha,or.ˈaθ.a,auxiliary-form: 2nd reciprocal imperfective (present)
aux_2_rec_ipf_fut,oratho,or.ˈaθ.o,auxiliary-form: 2nd reciprocal imperfective (future)
aux_2_rec_prf_pst,oralhe,or.ˈaɬ.e,auxiliary-form: 2nd reciprocal perfect (past)
aux_2_rec_prf_prs,oralha,or.ˈaɬ.a,auxiliary-form: 2nd reciprocal perfect (present)
aux_2_rec_prf_fut,oralho,or.ˈaɬ.o,auxiliary-form: 2nd reciprocal perfect (future)
aux_2_rec_nea_pst,oratle,or.ˈaƛ.e,auxiliary-form: 2nd reciprocal near (past)
aux_2_rec_nea_prs,oratla,or.ˈaƛ.a,auxiliary-form: 2nd reciprocal near (present)
aux_2_rec_nea_fut,oratlo,or.ˈaƛ.o,auxiliary-form: 2nd reciprocal near (future)
aux_2_rec_imm_pst,orake,or.ˈak.e,auxiliary-form: 2nd reciprocal immediate (past)
aux_2_rec_imm_prs,oraka,or.ˈak.a,auxiliary-form: 2nd reciprocal immediate (present)
aux_2_rec_imm_fut,orako,or.ˈak.o,auxiliary-form: 2nd reciprocal immediate (future)
aux_2_rec_hab_pst,orame,or.ˈam.e,auxiliary-form: 2nd reciprocal habitual (past)
aux_2_rec_hab_prs,orama,or.ˈam.a,auxiliary-form: 2nd reciprocal habitual (present)
aux_2_rec_hab_fut,oramo,or.ˈam.o,auxiliary-form: 2nd reciprocal habitual (future)
aux_2_rec_pro_pst,orase,or.ˈas.e,auxiliary-form: 2nd reciprocal progressive (past)
aux_2_rec_pro_prs,orasa,or.ˈas.a,auxiliary-form: 2nd reciprocal progressive (present)
aux_2_rec_pro_fut,oraso,or.ˈas.o,auxiliary-form: 2nd reciprocal progressive (future)
aux_2_rec_cnt_pst,orashe,or.ˈaʃ.e,auxiliary-form: 2nd reciprocal continuous (past)
aux_2_rec_cnt_prs,orasha,or.ˈaʃ.a,auxiliary-form: 2nd reciprocal continuous (present)
aux_2_rec_cnt_fut,orasho,or.ˈaʃ.o,auxiliary-form: 2nd reciprocal continuous (future)
aux_2_rec_itr_pst,orane,or.ˈan.e,auxiliary-form: 2nd reciprocal iterative (past)
aux_2_rec_itr_prs,orana,or.ˈan.a,auxiliary-form: 2nd reciprocal iterative (present)
aux_2_rec_itr_fut,orano,or.ˈan.o,auxiliary-form: 2nd reciprocal iterative (future)
aux_2_rec_inc_pst,oraye,or.ˈaj.e,auxiliary-form: 2nd reciprocal inceptive (past)
aux_2_rec_inc_prs,oraya,or.ˈaj.a,auxiliary-form: 2nd reciprocal inceptive (present)
aux_2_rec_inc_fut,orayo,or.ˈaj.o,auxiliary-form: 2nd reciprocal inceptive (future)
aux_2_rec_ces_pst,orape,or.ˈap.e,auxiliary-form: 2nd reciprocal cessative (past)
aux_2_rec_ces_prs,orapa,or.ˈap.a,auxiliary-form: 2nd reciprocal cessative (present)
aux_2_rec_ces_fut,orapo,or.ˈap.o,auxiliary-form: 2nd reciprocal cessative (future)
aux_2_rec_rem_pst,orahe,or.ˈah.e,auxiliary-form: 2nd reciprocal remote (past)
aux_2_rec_rem_prs,oraha,or.ˈah.a,auxiliary-form: 2nd reciprocal remote (present)
aux_2_rec_rem_fut,oraho,or.ˈah.o,auxiliary-form: 2nd reciprocal remote (future)
aux_2_sbj_sim_pst,owife,ow.ˈif.e,auxiliary-form: 2nd subjunctive simple (past)
aux_2_sbj_sim_prs,owifa,ow.ˈif.a,auxiliary-form: 2nd subjunctive simple (present)
aux_2_sbj_sim_fut,owifo,ow.ˈif.o,auxiliary-form: 2nd subjunctive simple (future)
aux_2_sbj_ipf_pst,owithe,ow.ˈiθ.e,auxiliary-form: 2nd subjunctive imperfective (past)
aux_2_sbj_ipf_prs,owitha,ow.ˈiθ.a,auxiliary-form: 2nd subjunctive imperfective (present)
aux_2_sbj_ipf_fut,owitho,ow.ˈiθ.o,auxiliary-form: 2nd subjunctive imperfective (future)
aux_2_sbj_prf_pst,owilhe,ow.ˈiɬ.e,auxiliary-form: 2nd subjunctive perfect (past)
aux_2_sbj_prf_prs,owilha,ow.ˈiɬ.a,auxiliary-form: 2nd subjunctive perfect (present)
aux_2_sbj_prf_fut,owilho,ow.ˈiɬ.o,auxiliary-form: 2nd subjunctive perfect (future)
aux_2_sbj_nea_pst,owitle,ow.ˈiƛ.e,auxiliary-form: 2nd subjunctive near (past)
aux_2_sbj_nea_prs,owitla,ow.ˈiƛ.a,auxiliary-form: 2nd subjunctive near (present)
aux_2_sbj_nea_fut,owitlo,ow.ˈiƛ.o,auxiliary-form: 2nd subjunctive near (future)
aux_2_sbj_imm_pst,owike,ow.ˈik.e,auxiliary-form: 2nd subjunctive immediate (past)
aux_2_sbj_imm_prs,owika,ow.ˈik.a,auxiliary-form: 2nd subjunctive immediate (present)
aux_2_sbj_imm_fut,owiko,ow.ˈik.o,auxiliary-form: 2nd subjunctive immediate (future)
aux_2_sbj_hab_pst,owime,ow.ˈim.e,auxiliary-form: 2nd subjunctive habitual (past)
aux_2_sbj_hab_prs,owima,ow.ˈim.a,auxiliary-form: 2nd subjunctive habitual (present)
aux_2_sbj_hab_fut,owimo,ow.ˈim.o,auxiliary-form: 2nd subjunctive habitual (future)
aux_2_sbj_pro_pst,owise,ow.ˈis.e,auxiliary-form: 2nd subjunctive progressive (past)
aux_2_sbj_pro_prs,owisa,ow.ˈis.a,auxiliary-form: 2nd subjunctive progressive (present)
aux_2_sbj_pro_fut,owiso,ow.ˈis.o,auxiliary-form: 2nd subjunctive progressive (future)
aux_2_sbj_cnt_pst,owishe,ow.ˈiʃ.e,auxiliary-form: 2nd subjunctive continuous (past)
aux_2_sbj_cnt_prs,owisha,ow.ˈiʃ.a,auxiliary-form: 2nd subjunctive continuous (present)
aux_2_sbj_cnt_fut,owisho,ow.ˈiʃ.o,auxiliary-form: 2nd subjunctive continuous (future)
aux_2_sbj_itr_pst,owine,ow.ˈin.e,auxiliary-form: 2nd subjunctive iterative (past)
aux_2_sbj_itr_prs,owina,ow.ˈin.a,auxiliary-form: 2nd subjunctive iterative (present)
aux_2_sbj_itr_fut,owino,ow.ˈin.o,auxiliary-form: 2nd subjunctive iterative (future)
aux_2_sbj_inc_pst,owiye,ow.ˈij.e,auxiliary-form: 2nd subjunctive inceptive (past)
aux_2_sbj_inc_prs,owiya,ow.ˈij.a,auxiliary-form: 2nd subjunctive inceptive (present)
aux_2_sbj_inc_fut,owiyo,ow.ˈij.o,auxiliary-form: 2nd subjunctive inceptive (future)
aux_2_sbj_ces_pst,owipe,ow.ˈip.e,auxiliary-form: 2nd subjunctive cessative (past)
aux_2_sbj_ces_prs,owipa,ow.ˈip.a,auxiliary-form: 2nd subjunctive cessative (present)
aux_2_sbj_ces_fut,owipo,ow.ˈip.o,auxiliary-form: 2nd subjunctive cessative (future)
aux_2_sbj_rem_pst,owihe,ow.ˈih.e,auxiliary-form: 2nd subjunctive remote (past)
aux_2_sbj_rem_prs,owiha,ow.ˈih.a,auxiliary-form: 2nd subjunctive remote (present)
aux_2_sbj_rem_fut,owiho,ow.ˈih.o,auxiliary-form: 2nd subjunctive remote (future)
aux_2_sbj_ref_sim_pst,owitefe,ow.it.ˈef.e,auxiliary-form: 2nd subjunctive reflexive simple (past)
aux_2_sbj_ref_sim_prs,owitefa,ow.it.ˈef.a,auxiliary-form: 2nd subjunctive reflexive simple (present)
aux_2_sbj_ref_sim_fut,owitefo,ow.it.ˈef.o,auxiliary-form: 2nd subjunctive reflexive simple (future)
aux_2_sbj_ref_ipf_pst,owitethe,ow.it.ˈeθ.e,auxiliary-form: 2nd subjunctive reflexive imperfective (past)
aux_2_sbj_ref_ipf_prs,owitetha,ow.it.ˈeθ.a,auxiliary-form: 2nd subjunctive reflexive imperfective (present)
aux_2_sbj_ref_ipf_fut,owitetho,ow.it.ˈeθ.o,auxiliary-form: 2nd subjunctive reflexive imperfective (future)
aux_2_sbj_ref_prf_pst,owitelhe,ow.it.ˈeɬ.e,auxiliary-form: 2nd subjunctive reflexive perfect (past)
aux_2_sbj_ref_prf_prs,owitelha,ow.it.ˈeɬ.a,auxiliary-form: 2nd subjunctive reflexive perfect (present)
aux_2_sbj_ref_prf_fut,owitelho,ow.it.ˈeɬ.o,auxiliary-form: 2nd subjunctive reflexive perfect (future)
aux_2_sbj_ref_nea_pst,owitetle,ow.it.ˈeƛ.e,auxiliary-form: 2nd subjunctive reflexive near (past)
aux_2_sbj_ref_nea_prs,owitetla,ow.it.ˈeƛ.a,auxiliary-form: 2nd subjunctive reflexive near (present)
aux_2_sbj_ref_nea_fut,owitetlo,ow.it.ˈeƛ.o,auxiliary-form: 2nd subjunctive reflexive near (future)
aux_2_sbj_ref_imm_pst,owiteke,ow.it.ˈek.e,auxiliary-form: 2nd subjunctive reflexive immediate (past)
aux_2_sbj_ref_imm_prs,owiteka,ow.it.ˈek.a,auxiliary-form: 2nd subjunctive reflexive immediate (present)
aux_2_sbj_ref_imm_fut,owiteko,ow.it.ˈek.o,auxiliary-form: 2nd subjunctive reflexive immediate (future)
aux_2_sbj_ref_hab_pst,owiteme,ow.it.ˈem.e,auxiliary-form: 2nd subjunctive reflexive habitual (past)
aux_2_sbj_ref_hab_prs,owitema,ow.it.ˈem.a,auxiliary-form: 2nd subjunctive reflexive habitual (present)
aux_2_sbj_ref_hab_fut,owitemo,ow.it.ˈem.o,auxiliary-form: 2nd subjunctive reflexive habitual (future)
aux_2_sbj_ref_pro_pst,owitese,ow.it.ˈes.e,auxiliary-form: 2nd subjunctive reflexive progressive (past)
aux_2_sbj_ref_pro_prs,owitesa,ow.it.ˈes.a,auxiliary-form: 2nd subjunctive reflexive progressive (present)
aux_2_sbj_ref_pro_fut,owiteso,ow.it.ˈes.o,auxiliary-form: 2nd subjunctive reflexive progressive (future)
aux_2_sbj_ref_cnt_pst,owiteshe,ow.it.ˈeʃ.e,auxiliary-form: 2nd subjunctive reflexive continuous (past)
aux_2_sbj_ref_cnt_prs,owitesha,ow.it.ˈeʃ.a,auxiliary-form: 2nd subjunctive reflexive continuous (present)
aux_2_sbj_ref_cnt_fut,owitesho,ow.it.ˈeʃ.o,auxiliary-form: 2nd subjunctive reflexive continuous (future)
aux_2_sbj_ref_itr_pst,owitene,ow.it.ˈen.e,auxiliary-form: 2nd subjunctive reflexive iterative (past)
aux_2_sbj_ref_itr_prs,owitena,ow.it.ˈen.a,auxiliary-form: 2nd subjunctive reflexive iterative (present)
aux_2_sbj_ref_itr_fut,owiteno,ow.it.ˈen.o,auxiliary-form: 2nd subjunctive reflexive iterative (future)
aux_2_sbj_ref_inc_pst,owiteye,ow.it.ˈej.e,auxiliary-form: 2nd subjunctive reflexive inceptive (past)
aux_2_sbj_ref_inc_prs,owiteya,ow.it.ˈej.a,auxiliary-form: 2nd subjunctive reflexive inceptive (present)
aux_2_sbj_ref_inc_fut,owiteyo,ow.it.ˈej.o,auxiliary-form: 2nd subjunctive reflexive inceptive (future)
aux_2_sbj_ref_ces_pst,owitepe,ow.it.ˈep.e,auxiliary-form: 2nd subjunctive reflexive cessative (past)
aux_2_sbj_ref_ces_prs,owitepa,ow.it.ˈep.a,auxiliary-form: 2nd subjunctive reflexive cessative (present)
aux_2_sbj_ref_ces_fut,owitepo,ow.it.ˈep.o,auxiliary-form: 2nd subjunctive reflexive cessative (future)
aux_2_sbj_ref_rem_pst,owitehe,ow.it.ˈeh.e,auxiliary-form: 2nd subjunctive reflexive remote (past)
aux_2_sbj_ref_rem_prs,owiteha,ow.it.ˈeh.a,auxiliary-form: 2nd subjunctive reflexive remote (present)
aux_2_sbj_ref_rem_fut,owiteho,ow.it.ˈeh.o,auxiliary-form: 2nd subjunctive reflexive remote (future)
aux_2_sbj_pas_sim_pst,owipafe,ow.ip.ˈaf.e,auxiliary-form: 2nd subjunctive passive simple (past)
aux_2_sbj_pas_sim_prs,owipafa,ow.ip.ˈaf.a,auxiliary-form: 2nd subjunctive passive simple (present)
aux_2_sbj_pas_sim_fut,owipafo,ow.ip.ˈaf.o,auxiliary-form: 2nd subjunctive passive simple (future)
aux_2_sbj_pas_ipf_pst,owipathe,ow.ip.ˈaθ.e,auxiliary-form: 2nd subjunctive passive imperfective (past)
aux_2_sbj_pas_ipf_prs,owipatha,ow.ip.ˈaθ.a,auxiliary-form: 2nd subjunctive passive imperfective (present)
aux_2_sbj_pas_ipf_fut,owipatho,ow.ip.ˈaθ.o,auxiliary-form: 2nd subjunctive passive imperfective (future)
aux_2_sbj_pas_prf_pst,owipalhe,ow.ip.ˈaɬ.e,auxiliary-form: 2nd subjunctive passive perfect (past)
aux_2_sbj_pas_prf_prs,owipalha,ow.ip.ˈaɬ.a,auxiliary-form: 2nd subjunctive passive perfect (present)
aux_2_sbj_pas_prf_fut,owipalho,ow.ip.ˈaɬ.o,auxiliary-form: 2nd subjunctive passive perfect (future)
aux_2_sbj_pas_nea_pst,owipatle,ow.ip.ˈaƛ.e,auxiliary-form: 2nd subjunctive passive near (past)
aux_2_sbj_pas_nea_prs,owipatla,ow.ip.ˈaƛ.a,auxiliary-form: 2nd subjunctive passive near (present)
aux_2_sbj_pas_nea_fut,owipatlo,ow.ip.ˈaƛ.o,auxiliary-form: 2nd subjunctive passive near (future)
aux_2_sbj_pas_imm_pst,owipake,ow.ip.ˈak.e,auxiliary-form: 2nd subjunctive passive immediate (past)
aux_2_sbj_pas_imm_prs,owipaka,ow.ip.ˈak.a,auxiliary-form: 2nd subjunctive passive immediate (present)
aux_2_sbj_pas_imm_fut,owipako,ow.ip.ˈak.o,auxiliary-form: 2nd subjunctive passive immediate (future)
aux_2_sbj_pas_hab_pst,owipame,ow.ip.ˈam.e,auxiliary-form: 2nd subjunctive passive habitual (past)
aux_2_sbj_pas_hab_prs,owipama,ow.ip.ˈam.a,auxiliary-form: 2nd subjunctive passive habitual (present)
aux_2_sbj_pas_hab_fut,owipamo,ow.ip.ˈam.o,auxiliary-form: 2nd subjunctive passive habitual (future)
aux_2_sbj_pas_pro_pst,owipase,ow.ip.ˈas.e,auxiliary-form: 2nd subjunctive passive progressive (past)
aux_2_sbj_pas_pro_prs,owipasa,ow.ip.ˈas.a,auxiliary-form: 2nd subjunctive passive progressive (present)
aux_2_sbj_pas_pro_fut,owipaso,ow.ip.ˈas.o,auxiliary-form: 2nd subjunctive passive progressive (future)
aux_2_sbj_pas_cnt_pst,owipashe,ow.ip.ˈaʃ.e,auxiliary-form: 2nd subjunctive passive continuous (past)
aux_2_sbj_pas_cnt_prs,owipasha,ow.ip.ˈaʃ.a,auxiliary-form: 2nd subjunctive passive continuous (present)
aux_2_sbj_pas_cnt_fut,owipasho,ow.ip.ˈaʃ.o,auxiliary-form: 2nd subjunctive passive continuous (future)
aux_2_sbj_pas_itr_pst,owipane,ow.ip.ˈan.e,auxiliary-form: 2nd subjunctive passive iterative (past)
aux_2_sbj_pas_itr_prs,owipana,ow.ip.ˈan.a,auxiliary-form: 2nd subjunctive passive iterative (present)
aux_2_sbj_pas_itr_fut,owipano,ow.ip.ˈan.o,auxiliary-form: 2nd subjunctive passive iterative (future)
aux_2_sbj_pas_inc_pst,owipaye,ow.ip.ˈaj.e,auxiliary-form: 2nd subjunctive passive inceptive (past)
aux_2_sbj_pas_inc_prs,owipaya,ow.ip.ˈaj.a,auxiliary-form: 2nd subjunctive passive inceptive (present)
aux_2_sbj_pas_inc_fut,owipayo,ow.ip.ˈaj.o,auxiliary-form: 2nd subjunctive passive inceptive (future)
aux_2_sbj_pas_ces_pst,owipape,ow.ip.ˈap.e,auxiliary-form: 2nd subjunctive passive cessative (past)
aux_2_sbj_pas_ces_prs,owipapa,ow.ip.ˈap.a,auxiliary-form: 2nd subjunctive passive cessative (present)
aux_2_sbj_pas_ces_fut,owipapo,ow.ip.ˈap.o,auxiliary-form: 2nd subjunctive passive cessative (future)
aux_2_sbj_pas_rem_pst,owipahe,ow.ip.ˈah.e,auxiliary-form: 2nd subjunctive passive remote (past)
aux_2_sbj_pas_rem_prs,owipaha,ow.ip.ˈah.a,auxiliary-form: 2nd subjunctive passive remote (present)
aux_2_sbj_pas_rem_fut,owipaho,ow.ip.ˈah.o,auxiliary-form: 2nd subjunctive passive remote (future)
aux_2_sbj_mid_sim_pst,owimofe,ow.im.ˈof.e,auxiliary-form: 2nd subjunctive middle simple (past)
aux_2_sbj_mid_sim_prs,owimofa,ow.im.ˈof.a,auxiliary-form: 2nd subjunctive middle simple (present)
aux_2_sbj_mid_sim_fut,owimofo,ow.im.ˈof.o,auxiliary-form: 2nd subjunctive middle simple (future)
aux_2_sbj_mid_ipf_pst,owimothe,ow.im.ˈoθ.e,auxiliary-form: 2nd subjunctive middle imperfective (past)
aux_2_sbj_mid_ipf_prs,owimotha,ow.im.ˈoθ.a,auxiliary-form: 2nd subjunctive middle imperfective (present)
aux_2_sbj_mid_ipf_fut,owimotho,ow.im.ˈoθ.o,auxiliary-form: 2nd subjunctive middle imperfective (future)
aux_2_sbj_mid_prf_pst,owimolhe,ow.im.ˈoɬ.e,auxiliary-form: 2nd subjunctive middle perfect (past)
aux_2_sbj_mid_prf_prs,owimolha,ow.im.ˈoɬ.a,auxiliary-form: 2nd subjunctive middle perfect (present)
aux_2_sbj_mid_prf_fut,owimolho,ow.im.ˈoɬ.o,auxiliary-form: 2nd subjunctive middle perfect (future)
aux_2_sbj_mid_nea_pst,owimotle,ow.im.ˈoƛ.e,auxiliary-form: 2nd subjunctive middle near (past)
aux_2_sbj_mid_nea_prs,owimotla,ow.im.ˈoƛ.a,auxiliary-form: 2nd subjunctive middle near (present)
aux_2_sbj_mid_nea_fut,owimotlo,ow.im.ˈoƛ.o,auxiliary-form: 2nd subjunctive middle near (future)
aux_2_sbj_mid_imm_pst,owimoke,ow.im.ˈok.e,auxiliary-form: 2nd subjunctive middle immediate (past)
aux_2_sbj_mid_imm_prs,owimoka,ow.im.ˈok.a,auxiliary-form: 2nd subjunctive middle immediate (present)
aux_2_sbj_mid_imm_fut,owimoko,ow.im.ˈok.o,auxiliary-form: 2nd subjunctive middle immediate (future)
aux_2_sbj_mid_hab_pst,owimome,ow.im.ˈom.e,auxiliary-form: 2nd subjunctive middle habitual (past)
aux_2_sbj_mid_hab_prs,owimoma,ow.im.ˈom.a,auxiliary-form: 2nd subjunctive middle habitual (present)
aux_2_sbj_mid_hab_fut,owimomo,ow.im.ˈom.o,auxiliary-form: 2nd subjunctive middle habitual (future)
aux_2_sbj_mid_pro_pst,owimose,ow.im.ˈos.e,auxiliary-form: 2nd subjunctive middle progressive (past)
aux_2_sbj_mid_pro_prs,owimosa,ow.im.ˈos.a,auxiliary-form: 2nd subjunctive middle progressive (present)
aux_2_sbj_mid_pro_fut,owimoso,ow.im.ˈos.o,auxiliary-form: 2nd subjunctive middle progressive (future)
aux_2_sbj_mid_cnt_pst,owimoshe,ow.im.ˈoʃ.e,auxiliary-form: 2nd subjunctive middle continuous (past)
aux_2_sbj_mid_cnt_prs,owimosha,ow.im.ˈoʃ.a,auxiliary-form: 2nd subjunctive middle continuous (present)
aux_2_sbj_mid_cnt_fut,owimosho,ow.im.ˈoʃ.o,auxiliary-form: 2nd subjunctive middle continuous (future)
aux_2_sbj_mid_itr_pst,owimone,ow.im.ˈon.e,auxiliary-form: 2nd subjunctive middle iterative (past)
aux_2_sbj_mid_itr_prs,owimona,ow.im.ˈon.a,auxiliary-form: 2nd subjunctive middle iterative (present)
aux_2_sbj_mid_itr_fut,owimono,ow.im.ˈon.o,auxiliary-form: 2nd subjunctive middle iterative (future)
aux_2_sbj_mid_inc_pst,owimoye,ow.im.ˈoj.e,auxiliary-form: 2nd subjunctive middle inceptive (past)
aux_2_sbj_mid_inc_prs,owimoya,ow.im.ˈoj.a,auxiliary-form: 2nd subjunctive middle inceptive (present)
aux_2_sbj_mid_inc_fut,owimoyo,ow.im.ˈoj.o,auxiliary-form: 2nd subjunctive middle inceptive (future)
aux_2_sbj_mid_ces_pst,owimope,ow.im.ˈop.e,auxiliary-form: 2nd subjunctive middle cessative (past)
aux_2_sbj_mid_ces_prs,owimopa,ow.im.ˈop.a,auxiliary-form: 2nd subjunctive middle cessative (present)
aux_2_sbj_mid_ces_fut,owimopo,ow.im.ˈop.o,auxiliary-form: 2nd subjunctive middle cessative (future)
aux_2_sbj_mid_rem_pst,owimohe,ow.im.ˈoh.e,auxiliary-form: 2nd subjunctive middle remote (past)
aux_2_sbj_mid_rem_prs,owimoha,ow.im.ˈoh.a,auxiliary-form: 2nd subjunctive middle remote (present)
aux_2_sbj_mid_rem_fut,owimoho,ow.im.ˈoh.o,auxiliary-form: 2nd subjunctive middle remote (future)
aux_2_sbj_cau_sim_pst,owikefe,ow.ik.ˈef.e,auxiliary-form: 2nd subjunctive causative simple (past)
aux_2_sbj_cau_sim_prs,owikefa,ow.ik.ˈef.a,auxiliary-form: 2nd subjunctive causative simple (present)
aux_2_sbj_cau_sim_fut,owikefo,ow.ik.ˈef.o,auxiliary-form: 2nd subjunctive causative simple (future)
aux_2_sbj_cau_ipf_pst,owikethe,ow.ik.ˈeθ.e,auxiliary-form: 2nd subjunctive causative imperfective (past)
aux_2_sbj_cau_ipf_prs,owiketha,ow.ik.ˈeθ.a,auxiliary-form: 2nd subjunctive causative imperfective (present)
aux_2_sbj_cau_ipf_fut,owiketho,ow.ik.ˈeθ.o,auxiliary-form: 2nd subjunctive causative imperfective (future)
aux_2_sbj_cau_prf_pst,owikelhe,ow.ik.ˈeɬ.e,auxiliary-form: 2nd subjunctive causative perfect (past)
aux_2_sbj_cau_prf_prs,owikelha,ow.ik.ˈeɬ.a,auxiliary-form: 2nd subjunctive causative perfect (present)
aux_2_sbj_cau_prf_fut,owikelho,ow.ik.ˈeɬ.o,auxiliary-form: 2nd subjunctive causative perfect (future)
aux_2_sbj_cau_nea_pst,owiketle,ow.ik.ˈeƛ.e,auxiliary-form: 2nd subjunctive causative near (past)
aux_2_sbj_cau_nea_prs,owiketla,ow.ik.ˈeƛ.a,auxiliary-form: 2nd subjunctive causative near (present)
aux_2_sbj_cau_nea_fut,owiketlo,ow.ik.ˈeƛ.o,auxiliary-form: 2nd subjunctive causative near (future)
aux_2_sbj_cau_imm_pst,owikeke,ow.ik.ˈek.e,auxiliary-form: 2nd subjunctive causative immediate (past)
aux_2_sbj_cau_imm_prs,owikeka,ow.ik.ˈek.a,auxiliary-form: 2nd subjunctive causative immediate (present)
aux_2_sbj_cau_imm_fut,owikeko,ow.ik.ˈek.o,auxiliary-form: 2nd subjunctive causative immediate (future)
aux_2_sbj_cau_hab_pst,owikeme,ow.ik.ˈem.e,auxiliary-form: 2nd subjunctive causative habitual (past)
aux_2_sbj_cau_hab_prs,owikema,ow.ik.ˈem.a,auxiliary-form: 2nd subjunctive causative habitual (present)
aux_2_sbj_cau_hab_fut,owikemo,ow.ik.ˈem.o,auxiliary-form: 2nd subjunctive causative habitual (future)
aux_2_sbj_cau_pro_pst,owikese,ow.ik.ˈes.e,auxiliary-form: 2nd subjunctive causative progressive (past)
aux_2_sbj_cau_pro_prs,owikesa,ow.ik.ˈes.a,auxiliary-form: 2nd subjunctive causative progressive (present)
aux_2_sbj_cau_pro_fut,owikeso,ow.ik.ˈes.o,auxiliary-form: 2nd subjunctive causative progressive (future)
aux_2_sbj_cau_cnt_pst,owikeshe,ow.ik.ˈeʃ.e,auxiliary-form: 2nd subjunctive causative continuous (past)
aux_2_sbj_cau_cnt_prs,owikesha,ow.ik.ˈeʃ.a,auxiliary-form: 2nd subjunctive causative continuous (present)
aux_2_sbj_cau_cnt_fut,owikesho,ow.ik.ˈeʃ.o,auxiliary-form: 2nd subjunctive causative continuous (future)
aux_2_sbj_cau_itr_pst,owikene,ow.ik.ˈen.e,auxiliary-form: 2nd subjunctive causative iterative (past)
aux_2_sbj_cau_itr_prs,owikena,ow.ik.ˈen.a,auxiliary-form: 2nd subjunctive causative iterative (present)
aux_2_sbj_cau_itr_fut,owikeno,ow.ik.ˈen.o,auxiliary-form: 2nd subjunctive causative iterative (future)
aux_2_sbj_cau_inc_pst,owikeye,ow.ik.ˈej.e,auxiliary-form: 2nd subjunctive causative inceptive (past)
aux_2_sbj_cau_inc_prs,owikeya,ow.ik.ˈej.a,auxiliary-form: 2nd subjunctive causative inceptive (present)
aux_2_sbj_cau_inc_fut,owikeyo,ow.ik.ˈej.o,auxiliary-form: 2nd subjunctive causative inceptive (future)
aux_2_sbj_cau_ces_pst,owikepe,ow.ik.ˈep.e,auxiliary-form: 2nd subjunctive causative cessative (past)
aux_2_sbj_cau_ces_prs,owikepa,ow.ik.ˈep.a,auxiliary-form: 2nd subjunctive causative cessative (present)
aux_2_sbj_cau_ces_fut,owikepo,ow.ik.ˈep.o,auxiliary-form: 2nd subjunctive causative cessative (future)
aux_2_sbj_cau_rem_pst,owikehe,ow.ik.ˈeh.e,auxiliary-form: 2nd subjunctive causative remote (past)
aux_2_sbj_cau_rem_prs,owikeha,ow.ik.ˈeh.a,auxiliary-form: 2nd subjunctive causative remote (present)
aux_2_sbj_cau_rem_fut,owikeho,ow.ik.ˈeh.o,auxiliary-form: 2nd subjunctive causative remote (future)
aux_2_sbj_rec_sim_pst,owirafe,ow.ir.ˈaf.e,auxiliary-form: 2nd subjunctive reciprocal simple (past)
aux_2_sbj_rec_sim_prs,owirafa,ow.ir.ˈaf.a,auxiliary-form: 2nd subjunctive reciprocal simple (present)
aux_2_sbj_rec_sim_fut,owirafo,ow.ir.ˈaf.o,auxiliary-form: 2nd subjunctive reciprocal simple (future)
aux_2_sbj_rec_ipf_pst,owirathe,ow.ir.ˈaθ.e,auxiliary-form: 2nd subjunctive reciprocal imperfective (past)
aux_2_sbj_rec_ipf_prs,owiratha,ow.ir.ˈaθ.a,auxiliary-form: 2nd subjunctive reciprocal imperfective (present)
aux_2_sbj_rec_ipf_fut,owiratho,ow.ir.ˈaθ.o,auxiliary-form: 2nd subjunctive reciprocal imperfective (future)
aux_2_sbj_rec_prf_pst,owiralhe,ow.ir.ˈaɬ.e,auxiliary-form: 2nd subjunctive reciprocal perfect (past)
aux_2_sbj_rec_prf_prs,owiralha,ow.ir.ˈaɬ.a,auxiliary-form: 2nd subjunctive reciprocal perfect (present)
aux_2_sbj_rec_prf_fut,owiralho,ow.ir.ˈaɬ.o,auxiliary-form: 2nd subjunctive reciprocal perfect (future)
aux_2_sbj_rec_nea_pst,owiratle,ow.ir.ˈaƛ.e,auxiliary-form: 2nd subjunctive reciprocal near (past)
aux_2_sbj_rec_nea_prs,owiratla,ow.ir.ˈaƛ.a,auxiliary-form: 2nd subjunctive reciprocal near (present)
aux_2_sbj_rec_nea_fut,owiratlo,ow.ir.ˈaƛ.o,auxiliary-form: 2nd subjunctive reciprocal near (future)
aux_2_sbj_rec_imm_pst,owirake,ow.ir.ˈak.e,auxiliary-form: 2nd subjunctive reciprocal immediate (past)
aux_2_sbj_rec_imm_prs,owiraka,ow.ir.ˈak.a,auxiliary-form: 2nd subjunctive reciprocal immediate (present)
aux_2_sbj_rec_imm_fut,owirako,ow.ir.ˈak.o,auxiliary-form: 2nd subjunctive reciprocal immediate (future)
aux_2_sbj_rec_hab_pst,owirame,ow.ir.ˈam.e,auxiliary-form: 2nd subjunctive reciprocal habitual (past)
aux_2_sbj_rec_hab_prs,owirama,ow.ir.ˈam.a,auxiliary-form: 2nd subjunctive reciprocal habitual (present)
aux_2_sbj_rec_hab_fut,owiramo,ow.ir.ˈam.o,auxiliary-form: 2nd subjunctive reciprocal habitual (future)
aux_2_sbj_rec_pro_pst,owirase,ow.ir.ˈas.e,auxiliary-form: 2nd subjunctive reciprocal progressive (past)
aux_2_sbj_rec_pro_prs,owirasa,ow.ir.ˈas.a,auxiliary-form: 2nd subjunctive reciprocal progressive (present)
aux_2_sbj_rec_pro_fut,owiraso,ow.ir.ˈas.o,auxiliary-form: 2nd subjunctive reciprocal progressive (future)
aux_2_sbj_rec_cnt_pst,owirashe,ow.ir.ˈaʃ.e,auxiliary-form: 2nd subjunctive reciprocal continuous (past)
aux_2_sbj_rec_cnt_prs,owirasha,ow.ir.ˈaʃ.a,auxiliary-form: 2nd subjunctive reciprocal continuous (present)
aux_2_sbj_rec_cnt_fut,owirasho,ow.ir.ˈaʃ.o,auxiliary-form: 2nd subjunctive reciprocal continuous (future)
aux_2_sbj_rec_itr_pst,owirane,ow.ir.ˈan.e,auxiliary-form: 2nd subjunctive reciprocal iterative (past)
aux_2_sbj_rec_itr_prs,owirana,ow.ir.ˈan.a,auxiliary-form: 2nd subjunctive reciprocal iterative (present)
aux_2_sbj_rec_itr_fut,owirano,ow.ir.ˈan.o,auxiliary-form: 2nd subjunctive reciprocal iterative (future)
aux_2_sbj_rec_inc_pst,owiraye,ow.ir.ˈaj.e,auxiliary-form: 2nd subjunctive reciprocal inceptive (past)
aux_2_sbj_rec_inc_prs,owiraya,ow.ir.ˈaj.a,auxiliary-form: 2nd subjunctive reciprocal inceptive (present)
aux_2_sbj_rec_inc_fut,owirayo,ow.ir.ˈaj.o,auxiliary-form: 2nd subjunctive reciprocal inceptive (future)
aux_2_sbj_rec_ces_pst,owirape,ow.ir.ˈap.e,auxiliary-form: 2nd subjunctive reciprocal cessative (past)
aux_2_sbj_rec_ces_prs,owirapa,ow.ir.ˈap.a,auxiliary-form: 2nd subjunctive reciprocal cessative (present)
aux_2_sbj_rec_ces_fut,owirapo,ow.ir.ˈap.o,auxiliary-form: 2nd subjunctive reciprocal cessative (future)
aux_2_sbj_rec_rem_pst,owirahe,ow.ir.ˈah.e,auxiliary-form: 2nd subjunctive reciprocal remote (past)
aux_2_sbj_rec_rem_prs,owiraha,ow.ir.ˈah.a,auxiliary-form: 2nd subjunctive reciprocal remote (present)
aux_2_sbj_rec_rem_fut,owiraho,ow.ir.ˈah.o,auxiliary-form: 2nd subjunctive reciprocal remote (future)
aux_2_imp_sim_pst,osefe,os.ˈef.e,auxiliary-form: 2nd imperative simple (past)
aux_2_imp_sim_prs,osefa,os.ˈef.a,auxiliary-form: 2nd imperative simple (present)
aux_2_imp_sim_fut,osefo,os.ˈef.o,auxiliary-form: 2nd imperative simple (future)
aux_2_imp_ipf_pst,osethe,os.ˈeθ.e,auxiliary-form: 2nd imperative imperfective (past)
aux_2_imp_ipf_prs,osetha,os.ˈeθ.a,auxiliary-form: 2nd imperative imperfective (present)
aux_2_imp_ipf_fut,osetho,os.ˈeθ.o,auxiliary-form: 2nd imperative imperfective (future)
aux_2_imp_prf_pst,oselhe,os.ˈeɬ.e,auxiliary-form: 2nd imperative perfect (past)
aux_2_imp_prf_prs,oselha,os.ˈeɬ.a,auxiliary-form: 2nd imperative perfect (present)
aux_2_imp_prf_fut,oselho,os.ˈeɬ.o,auxiliary-form: 2nd imperative perfect (future)
aux_2_imp_nea_pst,osetle,os.ˈeƛ.e,auxiliary-form: 2nd imperative near (past)
aux_2_imp_nea_prs,osetla,os.ˈeƛ.a,auxiliary-form: 2nd imperative near (present)
aux_2_imp_nea_fut,osetlo,os.ˈeƛ.o,auxiliary-form: 2nd imperative near (future)
aux_2_imp_imm_pst,oseke,os.ˈek.e,auxiliary-form: 2nd imperative immediate (past)
aux_2_imp_imm_prs,oseka,os.ˈek.a,auxiliary-form: 2nd imperative immediate (present)
aux_2_imp_imm_fut,oseko,os.ˈek.o,auxiliary-form: 2nd imperative immediate (future)
aux_2_imp_hab_pst,oseme,os.ˈem.e,auxiliary-form: 2nd imperative habitual (past)
aux_2_imp_hab_prs,osema,os.ˈem.a,auxiliary-form: 2nd imperative habitual (present)
aux_2_imp_hab_fut,osemo,os.ˈem.o,auxiliary-form: 2nd imperative habitual (future)
aux_2_imp_pro_pst,osese,os.ˈes.e,auxiliary-form: 2nd imperative progressive (past)
aux_2_imp_pro_prs,osesa,os.ˈes.a,auxiliary-form: 2nd imperative progressive (present)
aux_2_imp_pro_fut,oseso,os.ˈes.o,auxiliary-form: 2nd imperative progressive (future)
aux_2_imp_cnt_pst,oseshe,os.ˈeʃ.e,auxiliary-form: 2nd imperative continuous (past)
aux_2_imp_cnt_prs,osesha,os.ˈeʃ.a,auxiliary-form: 2nd imperative continuous (present)
aux_2_imp_cnt_fut,osesho,os.ˈeʃ.o,auxiliary-form: 2nd imperative continuous (future)
aux_2_imp_itr_pst,osene,os.ˈen.e,auxiliary-form: 2nd imperative iterative (past)
aux_2_imp_itr_prs,osena,os.ˈen.a,auxiliary-form: 2nd imperative iterative (present)
aux_2_imp_itr_fut,oseno,os.ˈen.o,auxiliary-form: 2nd imperative iterative (future)
aux_2_imp_inc_pst,oseye,os.ˈej.e,auxiliary-form: 2nd imperative inceptive (past)
aux_2_imp_inc_prs,oseya,os.ˈej.a,auxiliary-form: 2nd imperative inceptive (present)
aux_2_imp_inc_fut,oseyo,os.ˈej.o,auxiliary-form: 2nd imperative inceptive (future)
aux_2_imp_ces_pst,osepe,os.ˈep.e,auxiliary-form: 2nd imperative cessative (past)
aux_2_imp_ces_prs,osepa,os.ˈep.a,auxiliary-form: 2nd imperative cessative (present)
aux_2_imp_ces_fut,osepo,os.ˈep.o,auxiliary-form: 2nd imperative cessative (future)
aux_2_imp_rem_pst,osehe,os.ˈeh.e,auxiliary-form: 2nd imperative remote (past)
aux_2_imp_rem_prs,oseha,os.ˈeh.a,auxiliary-form: 2nd imperative remote (present)
aux_2_imp_rem_fut,oseho,os.ˈeh.o,auxiliary-form: 2nd imperative remote (future)
aux_2_imp_ref_sim_pst,osetefe,os.et.ˈef.e,auxiliary-form: 2nd imperative reflexive simple (past)
aux_2_imp_ref_sim_prs,osetefa,os.et.ˈef.a,auxiliary-form: 2nd imperative reflexive simple (present)
aux_2_imp_ref_sim_fut,osetefo,os.et.ˈef.o,auxiliary-form: 2nd imperative reflexive simple (future)
aux_2_imp_ref_ipf_pst,osetethe,os.et.ˈeθ.e,auxiliary-form: 2nd imperative reflexive imperfective (past)
aux_2_imp_ref_ipf_prs,osetetha,os.et.ˈeθ.a,auxiliary-form: 2nd imperative reflexive imperfective (present)
aux_2_imp_ref_ipf_fut,osetetho,os.et.ˈeθ.o,auxiliary-form: 2nd imperative reflexive imperfective (future)
aux_2_imp_ref_prf_pst,osetelhe,os.et.ˈeɬ.e,auxiliary-form: 2nd imperative reflexive perfect (past)
aux_2_imp_ref_prf_prs,osetelha,os.et.ˈeɬ.a,auxiliary-form: 2nd imperative reflexive perfect (present)
aux_2_imp_ref_prf_fut,osetelho,os.et.ˈeɬ.o,auxiliary-form: 2nd imperative reflexive perfect (future)
aux_2_imp_ref_nea_pst,osetetle,os.et.ˈeƛ.e,auxiliary-form: 2nd imperative reflexive near (past)
aux_2_imp_ref_nea_prs,osetetla,os.et.ˈeƛ.a,auxiliary-form: 2nd imperative reflexive near (present)
aux_2_imp_ref_nea_fut,osetetlo,os.et.ˈeƛ.o,auxiliary-form: 2nd imperative reflexive near (future)
aux_2_imp_ref_imm_pst,oseteke,os.et.ˈek.e,auxiliary-form: 2nd imperative reflexive immediate (past)
aux_2_imp_ref_imm_prs,oseteka,os.et.ˈek.a,auxiliary-form: 2nd imperative reflexive immediate (present)
aux_2_imp_ref_imm_fut,oseteko,os.et.ˈek.o,auxiliary-form: 2nd imperative reflexive immediate (future)
aux_2_imp_ref_hab_pst,oseteme,os.et.ˈem.e,auxiliary-form: 2nd imperative reflexive habitual (past)
aux_2_imp_ref_hab_prs,osetema,os.et.ˈem.a,auxiliary-form: 2nd imperative reflexive habitual (present)
aux_2_imp_ref_hab_fut,osetemo,os.et.ˈem.o,auxiliary-form: 2nd imperative reflexive habitual (future)
aux_2_imp_ref_pro_pst,osetese,os.et.ˈes.e,auxiliary-form: 2nd imperative reflexive progressive (past)
aux_2_imp_ref_pro_prs,osetesa,os.et.ˈes.a,auxiliary-form: 2nd imperative reflexive progressive (present)
aux_2_imp_ref_pro_fut,oseteso,os.et.ˈes.o,auxiliary-form: 2nd imperative reflexive progressive (future)
aux_2_imp_ref_cnt_pst,oseteshe,os.et.ˈeʃ.e,auxiliary-form: 2nd imperative reflexive continuous (past)
aux_2_imp_ref_cnt_prs,osetesha,os.et.ˈeʃ.a,auxiliary-form: 2nd imperative reflexive continuous (present)
aux_2_imp_ref_cnt_fut,osetesho,os.et.ˈeʃ.o,auxiliary-form: 2nd imperative reflexive continuous (future)
aux_2_imp_ref_itr_pst,osetene,os.et.ˈen.e,auxiliary-form: 2nd imperative reflexive iterative (past)
aux_2_imp_ref_itr_prs,osetena,os.et.ˈen.a,auxiliary-form: 2nd imperative reflexive iterative (present)
aux_2_imp_ref_itr_fut,oseteno,os.et.ˈen.o,auxiliary-form: 2nd imperative reflexive iterative (future)
aux_2_imp_ref_inc_pst,oseteye,os.et.ˈej.e,auxiliary-form: 2nd imperative reflexive inceptive (past)
aux_2_imp_ref_inc_prs,oseteya,os.et.ˈej.a,auxiliary-form: 2nd imperative reflexive inceptive (present)
aux_2_imp_ref_inc_fut,oseteyo,os.et.ˈej.o,auxiliary-form: 2nd imperative reflexive inceptive (future)
aux_2_imp_ref_ces_pst,osetepe,os.et.ˈep.e,auxiliary-form: 2nd imperative reflexive cessative (past)
aux_2_imp_ref_ces_prs,osetepa,os.et.ˈep.a,auxiliary-form: 2nd imperative reflexive cessative (present)
aux_2_imp_ref_ces_fut,osetepo,os.et.ˈep.o,auxiliary-form: 2nd imperative reflexive cessative (future)
aux_2_imp_ref_rem_pst,osetehe,os.et.ˈeh.e,auxiliary-form: 2nd imperative reflexive remote (past)
aux_2_imp_ref_rem_prs,oseteha,os.et.ˈeh.a,auxiliary-form: 2nd imperative reflexive remote (present)
aux_2_imp_ref_rem_fut,oseteho,os.et.ˈeh.o,auxiliary-form: 2nd imperative reflexive remote (future)
aux_2_imp_pas_sim_pst,osepafe,os.ep.ˈaf.e,auxiliary-form: 2nd imperative passive simple (past)
aux_2_imp_pas_sim_prs,osepafa,os.ep.ˈaf.a,auxiliary-form: 2nd imperative passive simple (present)
aux_2_imp_pas_sim_fut,osepafo,os.ep.ˈaf.o,auxiliary-form: 2nd imperative passive simple (future)
aux_2_imp_pas_ipf_pst,osepathe,os.ep.ˈaθ.e,auxiliary-form: 2nd imperative passive imperfective (past)
aux_2_imp_pas_ipf_prs,osepatha,os.ep.ˈaθ.a,auxiliary-form: 2nd imperative passive imperfective (present)
aux_2_imp_pas_ipf_fut,osepatho,os.ep.ˈaθ.o,auxiliary-form: 2nd imperative passive imperfective (future)
aux_2_imp_pas_prf_pst,osepalhe,os.ep.ˈaɬ.e,auxiliary-form: 2nd imperative passive perfect (past)
aux_2_imp_pas_prf_prs,osepalha,os.ep.ˈaɬ.a,auxiliary-form: 2nd imperative passive perfect (present)
aux_2_imp_pas_prf_fut,osepalho,os.ep.ˈaɬ.o,auxiliary-form: 2nd imperative passive perfect (future)
aux_2_imp_pas_nea_pst,osepatle,os.ep.ˈaƛ.e,auxiliary-form: 2nd imperative passive near (past)
aux_2_imp_pas_nea_prs,osepatla,os.ep.ˈaƛ.a,auxiliary-form: 2nd imperative passive near (present)
aux_2_imp_pas_nea_fut,osepatlo,os.ep.ˈaƛ.o,auxiliary-form: 2nd imperative passive near (future)
aux_2_imp_pas_imm_pst,osepake,os.ep.ˈak.e,auxiliary-form: 2nd imperative passive immediate (past)
aux_2_imp_pas_imm_prs,osepaka,os.ep.ˈak.a,auxiliary-form: 2nd imperative passive immediate (present)
aux_2_imp_pas_imm_fut,osepako,os.ep.ˈak.o,auxiliary-form: 2nd imperative passive immediate (future)
aux_2_imp_pas_hab_pst,osepame,os.ep.ˈam.e,auxiliary-form: 2nd imperative passive habitual (past)
aux_2_imp_pas_hab_prs,osepama,os.ep.ˈam.a,auxiliary-form: 2nd imperative passive habitual (present)
aux_2_imp_pas_hab_fut,osepamo,os.ep.ˈam.o,auxiliary-form: 2nd imperative passive habitual (future)
aux_2_imp_pas_pro_pst,osepase,os.ep.ˈas.e,auxiliary-form: 2nd imperative passive progressive (past)
aux_2_imp_pas_pro_prs,osepasa,os.ep.ˈas.a,auxiliary-form: 2nd imperative passive progressive (present)
aux_2_imp_pas_pro_fut,osepaso,os.ep.ˈas.o,auxiliary-form: 2nd imperative passive progressive (future)
aux_2_imp_pas_cnt_pst,osepashe,os.ep.ˈaʃ.e,auxiliary-form: 2nd imperative passive continuous (past)
aux_2_imp_pas_cnt_prs,osepasha,os.ep.ˈaʃ.a,auxiliary-form: 2nd imperative passive continuous (present)
aux_2_imp_pas_cnt_fut,osepasho,os.ep.ˈaʃ.o,auxiliary-form: 2nd imperative passive continuous (future)
aux_2_imp_pas_itr_pst,osepane,os.ep.ˈan.e,auxiliary-form: 2nd imperative passive iterative (past)
aux_2_imp_pas_itr_prs,osepana,os.ep.ˈan.a,auxiliary-form: 2nd imperative passive iterative (present)
aux_2_imp_pas_itr_fut,osepano,os.ep.ˈan.o,auxiliary-form: 2nd imperative passive iterative (future)
aux_2_imp_pas_inc_pst,osepaye,os.ep.ˈaj.e,auxiliary-form: 2nd imperative passive inceptive (past)
aux_2_imp_pas_inc_prs,osepaya,os.ep.ˈaj.a,auxiliary-form: 2nd imperative passive inceptive (present)
aux_2_imp_pas_inc_fut,osepayo,os.ep.ˈaj.o,auxiliary-form: 2nd imperative passive inceptive (future)
aux_2_imp_pas_ces_pst,osepape,os.ep.ˈap.e,auxiliary-form: 2nd imperative passive cessative (past)
aux_2_imp_pas_ces_prs,osepapa,os.ep.ˈap.a,auxiliary-form: 2nd imperative passive cessative (present)
aux_2_imp_pas_ces_fut,osepapo,os.ep.ˈap.o,auxiliary-form: 2nd imperative passive cessative (future)
aux_2_imp_pas_rem_pst,osepahe,os.ep.ˈah.e,auxiliary-form: 2nd imperative passive remote (past)
aux_2_imp_pas_rem_prs,osepaha,os.ep.ˈah.a,auxiliary-form: 2nd imperative passive remote (present)
aux_2_imp_pas_rem_fut,osepaho,os.ep.ˈah.o,auxiliary-form: 2nd imperative passive remote (future)
aux_2_imp_mid_sim_pst,osemofe,os.em.ˈof.e,auxiliary-form: 2nd imperative middle simple (past)
aux_2_imp_mid_sim_prs,osemofa,os.em.ˈof.a,auxiliary-form: 2nd imperative middle simple (present)
aux_2_imp_mid_sim_fut,osemofo,os.em.ˈof.o,auxiliary-form: 2nd imperative middle simple (future)
aux_2_imp_mid_ipf_pst,osemothe,os.em.ˈoθ.e,auxiliary-form: 2nd imperative middle imperfective (past)
aux_2_imp_mid_ipf_prs,osemotha,os.em.ˈoθ.a,auxiliary-form: 2nd imperative middle imperfective (present)
aux_2_imp_mid_ipf_fut,osemotho,os.em.ˈoθ.o,auxiliary-form: 2nd imperative middle imperfective (future)
aux_2_imp_mid_prf_pst,osemolhe,os.em.ˈoɬ.e,auxiliary-form: 2nd imperative middle perfect (past)
aux_2_imp_mid_prf_prs,osemolha,os.em.ˈoɬ.a,auxiliary-form: 2nd imperative middle perfect (present)
aux_2_imp_mid_prf_fut,osemolho,os.em.ˈoɬ.o,auxiliary-form: 2nd imperative middle perfect (future)
aux_2_imp_mid_nea_pst,osemotle,os.em.ˈoƛ.e,auxiliary-form: 2nd imperative middle near (past)
aux_2_imp_mid_nea_prs,osemotla,os.em.ˈoƛ.a,auxiliary-form: 2nd imperative middle near (present)
aux_2_imp_mid_nea_fut,osemotlo,os.em.ˈoƛ.o,auxiliary-form: 2nd imperative middle near (future)
aux_2_imp_mid_imm_pst,osemoke,os.em.ˈok.e,auxiliary-form: 2nd imperative middle immediate (past)
aux_2_imp_mid_imm_prs,osemoka,os.em.ˈok.a,auxiliary-form: 2nd imperative middle immediate (present)
aux_2_imp_mid_imm_fut,osemoko,os.em.ˈok.o,auxiliary-form: 2nd imperative middle immediate (future)
aux_2_imp_mid_hab_pst,osemome,os.em.ˈom.e,auxiliary-form: 2nd imperative middle habitual (past)
aux_2_imp_mid_hab_prs,osemoma,os.em.ˈom.a,auxiliary-form: 2nd imperative middle habitual (present)
aux_2_imp_mid_hab_fut,osemomo,os.em.ˈom.o,auxiliary-form: 2nd imperative middle habitual (future)
aux_2_imp_mid_pro_pst,osemose,os.em.ˈos.e,auxiliary-form: 2nd imperative middle progressive (past)
aux_2_imp_mid_pro_prs,osemosa,os.em.ˈos.a,auxiliary-form: 2nd imperative middle progressive (present)
aux_2_imp_mid_pro_fut,osemoso,os.em.ˈos.o,auxiliary-form: 2nd imperative middle progressive (future)
aux_2_imp_mid_cnt_pst,osemoshe,os.em.ˈoʃ.e,auxiliary-form: 2nd imperative middle continuous (past)
aux_2_imp_mid_cnt_prs,osemosha,os.em.ˈoʃ.a,auxiliary-form: 2nd imperative middle continuous (present)
aux_2_imp_mid_cnt_fut,osemosho,os.em.ˈoʃ.o,auxiliary-form: 2nd imperative middle continuous (future)
aux_2_imp_mid_itr_pst,osemone,os.em.ˈon.e,auxiliary-form: 2nd imperative middle iterative (past)
aux_2_imp_mid_itr_prs,osemona,os.em.ˈon.a,auxiliary-form: 2nd imperative middle iterative (present)
aux_2_imp_mid_itr_fut,osemono,os.em.ˈon.o,auxiliary-form: 2nd imperative middle iterative (future)
aux_2_imp_mid_inc_pst,osemoye,os.em.ˈoj.e,auxiliary-form: 2nd imperative middle inceptive (past)
aux_2_imp_mid_inc_prs,osemoya,os.em.ˈoj.a,auxiliary-form: 2nd imperative middle inceptive (present)
aux_2_imp_mid_inc_fut,osemoyo,os.em.ˈoj.o,auxiliary-form: 2nd imperative middle inceptive (future)
aux_2_imp_mid_ces_pst,osemope,os.em.ˈop.e,auxiliary-form: 2nd imperative middle cessative (past)
aux_2_imp_mid_ces_prs,osemopa,os.em.ˈop.a,auxiliary-form: 2nd imperative middle cessative (present)
aux_2_imp_mid_ces_fut,osemopo,os.em.ˈop.o,auxiliary-form: 2nd imperative middle cessative (future)
aux_2_imp_mid_rem_pst,osemohe,os.em.ˈoh.e,auxiliary-form: 2nd imperative middle remote (past)
aux_2_imp_mid_rem_prs,osemoha,os.em.ˈoh.a,auxiliary-form: 2nd imperative middle remote (present)
aux_2_imp_mid_rem_fut,osemoho,os.em.ˈoh.o,auxiliary-form: 2nd imperative middle remote (future)
aux_2_imp_cau_sim_pst,osekefe,os.ek.ˈef.e,auxiliary-form: 2nd imperative causative simple (past)
aux_2_imp_cau_sim_prs,osekefa,os.ek.ˈef.a,auxiliary-form: 2nd imperative causative simple (present)
aux_2_imp_cau_sim_fut,osekefo,os.ek.ˈef.o,auxiliary-form: 2nd imperative causative simple (future)
aux_2_imp_cau_ipf_pst,osekethe,os.ek.ˈeθ.e,auxiliary-form: 2nd imperative causative imperfective (past)
aux_2_imp_cau_ipf_prs,oseketha,os.ek.ˈeθ.a,auxiliary-form: 2nd imperative causative imperfective (present)
aux_2_imp_cau_ipf_fut,oseketho,os.ek.ˈeθ.o,auxiliary-form: 2nd imperative causative imperfective (future)
aux_2_imp_cau_prf_pst,osekelhe,os.ek.ˈeɬ.e,auxiliary-form: 2nd imperative causative perfect (past)
aux_2_imp_cau_prf_prs,osekelha,os.ek.ˈeɬ.a,auxiliary-form: 2nd imperative causative perfect (present)
aux_2_imp_cau_prf_fut,osekelho,os.ek.ˈeɬ.o,auxiliary-form: 2nd imperative causative perfect (future)
aux_2_imp_cau_nea_pst,oseketle,os.ek.ˈeƛ.e,auxiliary-form: 2nd imperative causative near (past)
aux_2_imp_cau_nea_prs,oseketla,os.ek.ˈeƛ.a,auxiliary-form: 2nd imperative causative near (present)
aux_2_imp_cau_nea_fut,oseketlo,os.ek.ˈeƛ.o,auxiliary-form: 2nd imperative causative near (future)
aux_2_imp_cau_imm_pst,osekeke,os.ek.ˈek.e,auxiliary-form: 2nd imperative causative immediate (past)
aux_2_imp_cau_imm_prs,osekeka,os.ek.ˈek.a,auxiliary-form: 2nd imperative causative immediate (present)
aux_2_imp_cau_imm_fut,osekeko,os.ek.ˈek.o,auxiliary-form: 2nd imperative causative immediate (future)
aux_2_imp_cau_hab_pst,osekeme,os.ek.ˈem.e,auxiliary-form: 2nd imperative causative habitual (past)
aux_2_imp_cau_hab_prs,osekema,os.ek.ˈem.a,auxiliary-form: 2nd imperative causative habitual (present)
aux_2_imp_cau_hab_fut,osekemo,os.ek.ˈem.o,auxiliary-form: 2nd imperative causative habitual (future)
aux_2_imp_cau_pro_pst,osekese,os.ek.ˈes.e,auxiliary-form: 2nd imperative causative progressive (past)
aux_2_imp_cau_pro_prs,osekesa,os.ek.ˈes.a,auxiliary-form: 2nd imperative causative progressive (present)
aux_2_imp_cau_pro_fut,osekeso,os.ek.ˈes.o,auxiliary-form: 2nd imperative causative progressive (future)
aux_2_imp_cau_cnt_pst,osekeshe,os.ek.ˈeʃ.e,auxiliary-form: 2nd imperative causative continuous (past)
aux_2_imp_cau_cnt_prs,osekesha,os.ek.ˈeʃ.a,auxiliary-form: 2nd imperative causative continuous (present)
aux_2_imp_cau_cnt_fut,osekesho,os.ek.ˈeʃ.o,auxiliary-form: 2nd imperative causative continuous (future)
aux_2_imp_cau_itr_pst,osekene,os.ek.ˈen.e,auxiliary-form: 2nd imperative causative iterative (past)
aux_2_imp_cau_itr_prs,osekena,os.ek.ˈen.a,auxiliary-form: 2nd imperative causative iterative (present)
aux_2_imp_cau_itr_fut,osekeno,os.ek.ˈen.o,auxiliary-form: 2nd imperative causative iterative (future)
aux_2_imp_cau_inc_pst,osekeye,os.ek.ˈej.e,auxiliary-form: 2nd imperative causative inceptive (past)
aux_2_imp_cau_inc_prs,osekeya,os.ek.ˈej.a,auxiliary-form: 2nd imperative causative inceptive (present)
aux_2_imp_cau_inc_fut,osekeyo,os.ek.ˈej.o,auxiliary-form: 2nd imperative causative inceptive (future)
aux_2_imp_cau_ces_pst,osekepe,os.ek.ˈep.e,auxiliary-form: 2nd imperative causative cessative (past)
aux_2_imp_cau_ces_prs,osekepa,os.ek.ˈep.a,auxiliary-form: 2nd imperative causative cessative (present)
aux_2_imp_cau_ces_fut,osekepo,os.ek.ˈep.o,auxiliary-form: 2nd imperative causative cessative (future)
aux_2_imp_cau_rem_pst,osekehe,os.ek.ˈeh.e,auxiliary-form: 2nd imperative causative remote (past)
aux_2_imp_cau_rem_prs,osekeha,os.ek.ˈeh.a,auxiliary-form: 2nd imperative causative remote (present)
aux_2_imp_cau_rem_fut,osekeho,os.ek.ˈeh.o,auxiliary-form: 2nd imperative causative remote (future)
aux_2_imp_rec_sim_pst,oserafe,os.er.ˈaf.e,auxiliary-form: 2nd imperative reciprocal simple (past)
aux_2_imp_rec_sim_prs,oserafa,os.er.ˈaf.a,auxiliary-form: 2nd imperative reciprocal simple (present)
aux_2_imp_rec_sim_fut,oserafo,os.er.ˈaf.o,auxiliary-form: 2nd imperative reciprocal simple (future)
aux_2_imp_rec_ipf_pst,oserathe,os.er.ˈaθ.e,auxiliary-form: 2nd imperative reciprocal imperfective (past)
aux_2_imp_rec_ipf_prs,oseratha,os.er.ˈaθ.a,auxiliary-form: 2nd imperative reciprocal imperfective (present)
aux_2_imp_rec_ipf_fut,oseratho,os.er.ˈaθ.o,auxiliary-form: 2nd imperative reciprocal imperfective (future)
aux_2_imp_rec_prf_pst,oseralhe,os.er.ˈaɬ.e,auxiliary-form: 2nd imperative reciprocal perfect (past)
aux_2_imp_rec_prf_prs,oseralha,os.er.ˈaɬ.a,auxiliary-form: 2nd imperative reciprocal perfect (present)
aux_2_imp_rec_prf_fut,oseralho,os.er.ˈaɬ.o,auxiliary-form: 2nd imperative reciprocal perfect (future)
aux_2_imp_rec_nea_pst,oseratle,os.er.ˈaƛ.e,auxiliary-form: 2nd imperative reciprocal near (past)
aux_2_imp_rec_nea_prs,oseratla,os.er.ˈaƛ.a,auxiliary-form: 2nd imperative reciprocal near (present)
aux_2_imp_rec_nea_fut,oseratlo,os.er.ˈaƛ.o,auxiliary-form: 2nd imperative reciprocal near (future)
aux_2_imp_rec_imm_pst,oserake,os.er.ˈak.e,auxiliary-form: 2nd imperative reciprocal immediate (past)
aux_2_imp_rec_imm_prs,oseraka,os.er.ˈak.a,auxiliary-form: 2nd imperative reciprocal immediate (present)
aux_2_imp_rec_imm_fut,oserako,os.er.ˈak.o,auxiliary-form: 2nd imperative reciprocal immediate (future)
aux_2_imp_rec_hab_pst,oserame,os.er.ˈam.e,auxiliary-form: 2nd imperative reciprocal habitual (past)
aux_2_imp_rec_hab_prs,oserama,os.er.ˈam.a,auxiliary-form: 2nd imperative reciprocal habitual (present)
aux_2_imp_rec_hab_fut,oseramo,os.er.ˈam.o,auxiliary-form: 2nd imperative reciprocal habitual (future)
aux_2_imp_rec_pro_pst,oserase,os.er.ˈas.e,auxiliary-form: 2nd imperative reciprocal progressive (past)
aux_2_imp_rec_pro_prs,oserasa,os.er.ˈas.a,auxiliary-form: 2nd imperative reciprocal progressive (present)
aux_2_imp_rec_pro_fut,oseraso,os.er.ˈas.o,auxiliary-form: 2nd imperative reciprocal progressive (future)
aux_2_imp_rec_cnt_pst,oserashe,os.er.ˈaʃ.e,auxiliary-form: 2nd imperative reciprocal continuous (past)
aux_2_imp_rec_cnt_prs,oserasha,os.er.ˈaʃ.a,auxiliary-form: 2nd imperative reciprocal continuous (present)
aux_2_imp_rec_cnt_fut,oserasho,os.er.ˈaʃ.o,auxiliary-form: 2nd imperative reciprocal continuous (future)
aux_2_imp_rec_itr_pst,oserane,os.er.ˈan.e,auxiliary-form: 2nd imperative reciprocal iterative (past)
aux_2_imp_rec_itr_prs,oserana,os.er.ˈan.a,auxiliary-form: 2nd imperative reciprocal iterative (present)
aux_2_imp_rec_itr_fut,oserano,os.er.ˈan.o,auxiliary-form: 2nd imperative reciprocal iterative (future)
aux_2_imp_rec_inc_pst,oseraye,os.er.ˈaj.e,auxiliary-form: 2nd imperative reciprocal inceptive (past)
aux_2_imp_rec_inc_prs,oseraya,os.er.ˈaj.a,auxiliary-form: 2nd imperative reciprocal inceptive (present)
aux_2_imp_rec_inc_fut,oserayo,os.er.ˈaj.o,auxiliary-form: 2nd imperative reciprocal inceptive (future)
aux_2_imp_rec_ces_pst,oserape,os.er.ˈap.e,auxiliary-form: 2nd imperative reciprocal cessative (past)
aux_2_imp_rec_ces_prs,oserapa,os.er.ˈap.a,auxiliary-form: 2nd imperative reciprocal cessative (present)
aux_2_imp_rec_ces_fut,oserapo,os.er.ˈap.o,auxiliary-form: 2nd imperative reciprocal cessative (future)
aux_2_imp_rec_rem_pst,oserahe,os.er.ˈah.e,auxiliary-form: 2nd imperative reciprocal remote (past)
aux_2_imp_rec_rem_prs,oseraha,os.er.ˈah.a,auxiliary-form: 2nd imperative reciprocal remote (present)
aux_2_imp_rec_rem_fut,oseraho,os.er.ˈah.o,auxiliary-form: 2nd imperative reciprocal remote (future)
aux_2_con_sim_pst,okofe,ok.ˈof.e,auxiliary-form: 2nd conditional simple (past)
aux_2_con_sim_prs,okofa,ok.ˈof.a,auxiliary-form: 2nd conditional simple (present)
aux_2_con_sim_fut,okofo,ok.ˈof.o,auxiliary-form: 2nd conditional simple (future)
aux_2_con_ipf_pst,okothe,ok.ˈoθ.e,auxiliary-form: 2nd conditional imperfective (past)
aux_2_con_ipf_prs,okotha,ok.ˈoθ.a,auxiliary-form: 2nd conditional imperfective (present)
aux_2_con_ipf_fut,okotho,ok.ˈoθ.o,auxiliary-form: 2nd conditional imperfective (future)
aux_2_con_prf_pst,okolhe,ok.ˈoɬ.e,auxiliary-form: 2nd conditional perfect (past)
aux_2_con_prf_prs,okolha,ok.ˈoɬ.a,auxiliary-form: 2nd conditional perfect (present)
aux_2_con_prf_fut,okolho,ok.ˈoɬ.o,auxiliary-form: 2nd conditional perfect (future)
aux_2_con_nea_pst,okotle,ok.ˈoƛ.e,auxiliary-form: 2nd conditional near (past)
aux_2_con_nea_prs,okotla,ok.ˈoƛ.a,auxiliary-form: 2nd conditional near (present)
aux_2_con_nea_fut,okotlo,ok.ˈoƛ.o,auxiliary-form: 2nd conditional near (future)
aux_2_con_imm_pst,okoke,ok.ˈok.e,auxiliary-form: 2nd conditional immediate (past)
aux_2_con_imm_prs,okoka,ok.ˈok.a,auxiliary-form: 2nd conditional immediate (present)
aux_2_con_imm_fut,okoko,ok.ˈok.o,auxiliary-form: 2nd conditional immediate (future)
aux_2_con_hab_pst,okome,ok.ˈom.e,auxiliary-form: 2nd conditional habitual (past)
aux_2_con_hab_prs,okoma,ok.ˈom.a,auxiliary-form: 2nd conditional habitual (present)
aux_2_con_hab_fut,okomo,ok.ˈom.o,auxiliary-form: 2nd conditional habitual (future)
aux_2_con_pro_pst,okose,ok.ˈos.e,auxiliary-form: 2nd conditional progressive (past)
aux_2_con_pro_prs,okosa,ok.ˈos.a,auxiliary-form: 2nd conditional progressive (present)
aux_2_con_pro_fut,okoso,ok.ˈos.o,auxiliary-form: 2nd conditional progressive (future)
aux_2_con_cnt_pst,okoshe,ok.ˈoʃ.e,auxiliary-form: 2nd conditional continuous (past)
aux_2_con_cnt_prs,okosha,ok.ˈoʃ.a,auxiliary-form: 2nd conditional continuous (present)
aux_2_con_cnt_fut,okosho,ok.ˈoʃ.o,auxiliary-form: 2nd conditional continuous (future)
aux_2_con_itr_pst,okone,ok.ˈon.e,auxiliary-form: 2nd conditional iterative (past)
aux_2_con_itr_prs,okona,ok.ˈon.a,auxiliary-form: 2nd conditional iterative (present)
aux_2_con_itr_fut,okono,ok.ˈon.o,auxiliary-form: 2nd conditional iterative (future)
aux_2_con_inc_pst,okoye,ok.ˈoj.e,auxiliary-form: 2nd conditional inceptive (past)
aux_2_con_inc_prs,okoya,ok.ˈoj.a,auxiliary-form: 2nd conditional inceptive (present)
aux_2_con_inc_fut,okoyo,ok.ˈoj.o,auxiliary-form: 2nd conditional inceptive (future)
aux_2_con_ces_pst,okope,ok.ˈop.e,auxiliary-form: 2nd conditional cessative (past)
aux_2_con_ces_prs,okopa,ok.ˈop.a,auxiliary-form: 2nd conditional cessative (present)
aux_2_con_ces_fut,okopo,ok.ˈop.o,auxiliary-form: 2nd conditional cessative (future)
aux_2_con_rem_pst,okohe,ok.ˈoh.e,auxiliary-form: 2nd conditional remote (past)
aux_2_con_rem_prs,okoha,ok.ˈoh.a,auxiliary-form: 2nd conditional remote (present)
aux_2_con_rem_fut,okoho,ok.ˈoh.o,auxiliary-form: 2nd conditional remote (future)
aux_2_con_ref_sim_pst,okotefe,ok.ot.ˈef.e,auxiliary-form: 2nd conditional reflexive simple (past)
aux_2_con_ref_sim_prs,okotefa,ok.ot.ˈef.a,auxiliary-form: 2nd conditional reflexive simple (present)
aux_2_con_ref_sim_fut,okotefo,ok.ot.ˈef.o,auxiliary-form: 2nd conditional reflexive simple (future)
aux_2_con_ref_ipf_pst,okotethe,ok.ot.ˈeθ.e,auxiliary-form: 2nd conditional reflexive imperfective (past)
aux_2_con_ref_ipf_prs,okotetha,ok.ot.ˈeθ.a,auxiliary-form: 2nd conditional reflexive imperfective (present)
aux_2_con_ref_ipf_fut,okotetho,ok.ot.ˈeθ.o,auxiliary-form: 2nd conditional reflexive imperfective (future)
aux_2_con_ref_prf_pst,okotelhe,ok.ot.ˈeɬ.e,auxiliary-form: 2nd conditional reflexive perfect (past)
aux_2_con_ref_prf_prs,okotelha,ok.ot.ˈeɬ.a,auxiliary-form: 2nd conditional reflexive perfect (present)
aux_2_con_ref_prf_fut,okotelho,ok.ot.ˈeɬ.o,auxiliary-form: 2nd conditional reflexive perfect (future)
aux_2_con_ref_nea_pst,okotetle,ok.ot.ˈeƛ.e,auxiliary-form: 2nd conditional reflexive near (past)
aux_2_con_ref_nea_prs,okotetla,ok.ot.ˈeƛ.a,auxiliary-form: 2nd conditional reflexive near (present)
aux_2_con_ref_nea_fut,okotetlo,ok.ot.ˈeƛ.o,auxiliary-form: 2nd conditional reflexive near (future)
aux_2_con_ref_imm_pst,okoteke,ok.ot.ˈek.e,auxiliary-form: 2nd conditional reflexive immediate (past)
aux_2_con_ref_imm_prs,okoteka,ok.ot.ˈek.a,auxiliary-form: 2nd conditional reflexive immediate (present)
aux_2_con_ref_imm_fut,okoteko,ok.ot.ˈek.o,auxiliary-form: 2nd conditional reflexive immediate (future)
aux_2_con_ref_hab_pst,okoteme,ok.ot.ˈem.e,auxiliary-form: 2nd conditional reflexive habitual (past)
aux_2_con_ref_hab_prs,okotema,ok.ot.ˈem.a,auxiliary-form: 2nd conditional reflexive habitual (present)
aux_2_con_ref_hab_fut,okotemo,ok.ot.ˈem.o,auxiliary-form: 2nd conditional reflexive habitual (future)
aux_2_con_ref_pro_pst,okotese,ok.ot.ˈes.e,auxiliary-form: 2nd conditional reflexive progressive (past)
aux_2_con_ref_pro_prs,okotesa,ok.ot.ˈes.a,auxiliary-form: 2nd conditional reflexive progressive (present)
aux_2_con_ref_pro_fut,okoteso,ok.ot.ˈes.o,auxiliary-form: 2nd conditional reflexive progressive (future)
aux_2_con_ref_cnt_pst,okoteshe,ok.ot.ˈeʃ.e,auxiliary-form: 2nd conditional reflexive continuous (past)
aux_2_con_ref_cnt_prs,okotesha,ok.ot.ˈeʃ.a,auxiliary-form: 2nd conditional reflexive continuous (present)
aux_2_con_ref_cnt_fut,okotesho,ok.ot.ˈeʃ.o,auxiliary-form: 2nd conditional reflexive continuous (future)
aux_2_con_ref_itr_pst,okotene,ok.ot.ˈen.e,auxiliary-form: 2nd conditional reflexive iterative (past)
aux_2_con_ref_itr_prs,okotena,ok.ot.ˈen.a,auxiliary-form: 2nd conditional reflexive iterative (present)
aux_2_con_ref_itr_fut,okoteno,ok.ot.ˈen.o,auxiliary-form: 2nd conditional reflexive iterative (future)
aux_2_con_ref_inc_pst,okoteye,ok.ot.ˈej.e,auxiliary-form: 2nd conditional reflexive inceptive (past)
aux_2_con_ref_inc_prs,okoteya,ok.ot.ˈej.a,auxiliary-form: 2nd conditional reflexive inceptive (present)
aux_2_con_ref_inc_fut,okoteyo,ok.ot.ˈej.o,auxiliary-form: 2nd conditional reflexive inceptive (future)
aux_2_con_ref_ces_pst,okotepe,ok.ot.ˈep.e,auxiliary-form: 2nd conditional reflexive cessative (past)
aux_2_con_ref_ces_prs,okotepa,ok.ot.ˈep.a,auxiliary-form: 2nd conditional reflexive cessative (present)
aux_2_con_ref_ces_fut,okotepo,ok.ot.ˈep.o,auxiliary-form: 2nd conditional reflexive cessative (future)
aux_2_con_ref_rem_pst,okotehe,ok.ot.ˈeh.e,auxiliary-form: 2nd conditional reflexive remote (past)
aux_2_con_ref_rem_prs,okoteha,ok.ot.ˈeh.a,auxiliary-form: 2nd conditional reflexive remote (present)
aux_2_con_ref_rem_fut,okoteho,ok.ot.ˈeh.o,auxiliary-form: 2nd conditional reflexive remote (future)
aux_2_con_pas_sim_pst,okopafe,ok.op.ˈaf.e,auxiliary-form: 2nd conditional passive simple (past)
aux_2_con_pas_sim_prs,okopafa,ok.op.ˈaf.a,auxiliary-form: 2nd conditional passive simple (present)
aux_2_con_pas_sim_fut,okopafo,ok.op.ˈaf.o,auxiliary-form: 2nd conditional passive simple (future)
aux_2_con_pas_ipf_pst,okopathe,ok.op.ˈaθ.e,auxiliary-form: 2nd conditional passive imperfective (past)
aux_2_con_pas_ipf_prs,okopatha,ok.op.ˈaθ.a,auxiliary-form: 2nd conditional passive imperfective (present)
aux_2_con_pas_ipf_fut,okopatho,ok.op.ˈaθ.o,auxiliary-form: 2nd conditional passive imperfective (future)
aux_2_con_pas_prf_pst,okopalhe,ok.op.ˈaɬ.e,auxiliary-form: 2nd conditional passive perfect (past)
aux_2_con_pas_prf_prs,okopalha,ok.op.ˈaɬ.a,auxiliary-form: 2nd conditional passive perfect (present)
aux_2_con_pas_prf_fut,okopalho,ok.op.ˈaɬ.o,auxiliary-form: 2nd conditional passive perfect (future)
aux_2_con_pas_nea_pst,okopatle,ok.op.ˈaƛ.e,auxiliary-form: 2nd conditional passive near (past)
aux_2_con_pas_nea_prs,okopatla,ok.op.ˈaƛ.a,auxiliary-form: 2nd conditional passive near (present)
aux_2_con_pas_nea_fut,okopatlo,ok.op.ˈaƛ.o,auxiliary-form: 2nd conditional passive near (future)
aux_2_con_pas_imm_pst,okopake,ok.op.ˈak.e,auxiliary-form: 2nd conditional passive immediate (past)
aux_2_con_pas_imm_prs,okopaka,ok.op.ˈak.a,auxiliary-form: 2nd conditional passive immediate (present)
aux_2_con_pas_imm_fut,okopako,ok.op.ˈak.o,auxiliary-form: 2nd conditional passive immediate (future)
aux_2_con_pas_hab_pst,okopame,ok.op.ˈam.e,auxiliary-form: 2nd conditional passive habitual (past)
aux_2_con_pas_hab_prs,okopama,ok.op.ˈam.a,auxiliary-form: 2nd conditional passive habitual (present)
aux_2_con_pas_hab_fut,okopamo,ok.op.ˈam.o,auxiliary-form: 2nd conditional passive habitual (future)
aux_2_con_pas_pro_pst,okopase,ok.op.ˈas.e,auxiliary-form: 2nd conditional passive progressive (past)
aux_2_con_pas_pro_prs,okopasa,ok.op.ˈas.a,auxiliary-form: 2nd conditional passive progressive (present)
aux_2_con_pas_pro_fut,okopaso,ok.op.ˈas.o,auxiliary-form: 2nd conditional passive progressive (future)
aux_2_con_pas_cnt_pst,okopashe,ok.op.ˈaʃ.e,auxiliary-form: 2nd conditional passive continuous (past)
aux_2_con_pas_cnt_prs,okopasha,ok.op.ˈaʃ.a,auxiliary-form: 2nd conditional passive continuous (present)
aux_2_con_pas_cnt_fut,okopasho,ok.op.ˈaʃ.o,auxiliary-form: 2nd conditional passive continuous (future)
aux_2_con_pas_itr_pst,okopane,ok.op.ˈan.e,auxiliary-form: 2nd conditional passive iterative (past)
aux_2_con_pas_itr_prs,okopana,ok.op.ˈan.a,auxiliary-form: 2nd conditional passive iterative (present)
aux_2_con_pas_itr_fut,okopano,ok.op.ˈan.o,auxiliary-form: 2nd conditional passive iterative (future)
aux_2_con_pas_inc_pst,okopaye,ok.op.ˈaj.e,auxiliary-form: 2nd conditional passive inceptive (past)
aux_2_con_pas_inc_prs,okopaya,ok.op.ˈaj.a,auxiliary-form: 2nd conditional passive inceptive (present)
aux_2_con_pas_inc_fut,okopayo,ok.op.ˈaj.o,auxiliary-form: 2nd conditional passive inceptive (future)
aux_2_con_pas_ces_pst,okopape,ok.op.ˈap.e,auxiliary-form: 2nd conditional passive cessative (past)
aux_2_con_pas_ces_prs,okopapa,ok.op.ˈap.a,auxiliary-form: 2nd conditional passive cessative (present)
aux_2_con_pas_ces_fut,okopapo,ok.op.ˈap.o,auxiliary-form: 2nd conditional passive cessative (future)
aux_2_con_pas_rem_pst,okopahe,ok.op.ˈah.e,auxiliary-form: 2nd conditional passive remote (past)
aux_2_con_pas_rem_prs,okopaha,ok.op.ˈah.a,auxiliary-form: 2nd conditional passive remote (present)
aux_2_con_pas_rem_fut,okopaho,ok.op.ˈah.o,auxiliary-form: 2nd conditional passive remote (future)
aux_2_con_mid_sim_pst,okomofe,ok.om.ˈof.e,auxiliary-form: 2nd conditional middle simple (past)
aux_2_con_mid_sim_prs,okomofa,ok.om.ˈof.a,auxiliary-form: 2nd conditional middle simple (present)
aux_2_con_mid_sim_fut,okomofo,ok.om.ˈof.o,auxiliary-form: 2nd conditional middle simple (future)
aux_2_con_mid_ipf_pst,okomothe,ok.om.ˈoθ.e,auxiliary-form: 2nd conditional middle imperfective (past)
aux_2_con_mid_ipf_prs,okomotha,ok.om.ˈoθ.a,auxiliary-form: 2nd conditional middle imperfective (present)
aux_2_con_mid_ipf_fut,okomotho,ok.om.ˈoθ.o,auxiliary-form: 2nd conditional middle imperfective (future)
aux_2_con_mid_prf_pst,okomolhe,ok.om.ˈoɬ.e,auxiliary-form: 2nd conditional middle perfect (past)
aux_2_con_mid_prf_prs,okomolha,ok.om.ˈoɬ.a,auxiliary-form: 2nd conditional middle perfect (present)
aux_2_con_mid_prf_fut,okomolho,ok.om.ˈoɬ.o,auxiliary-form: 2nd conditional middle perfect (future)
aux_2_con_mid_nea_pst,okomotle,ok.om.ˈoƛ.e,auxiliary-form: 2nd conditional middle near (past)
aux_2_con_mid_nea_prs,okomotla,ok.om.ˈoƛ.a,auxiliary-form: 2nd conditional middle near (present)
aux_2_con_mid_nea_fut,okomotlo,ok.om.ˈoƛ.o,auxiliary-form: 2nd conditional middle near (future)
aux_2_con_mid_imm_pst,okomoke,ok.om.ˈok.e,auxiliary-form: 2nd conditional middle immediate (past)
aux_2_con_mid_imm_prs,okomoka,ok.om.ˈok.a,auxiliary-form: 2nd conditional middle immediate (present)
aux_2_con_mid_imm_fut,okomoko,ok.om.ˈok.o,auxiliary-form: 2nd conditional middle immediate (future)
aux_2_con_mid_hab_pst,okomome,ok.om.ˈom.e,auxiliary-form: 2nd conditional middle habitual (past)
aux_2_con_mid_hab_prs,okomoma,ok.om.ˈom.a,auxiliary-form: 2nd conditional middle habitual (present)
aux_2_con_mid_hab_fut,okomomo,ok.om.ˈom.o,auxiliary-form: 2nd conditional middle habitual (future)
aux_2_con_mid_pro_pst,okomose,ok.om.ˈos.e,auxiliary-form: 2nd conditional middle progressive (past)
aux_2_con_mid_pro_prs,okomosa,ok.om.ˈos.a,auxiliary-form: 2nd conditional middle progressive (present)
aux_2_con_mid_pro_fut,okomoso,ok.om.ˈos.o,auxiliary-form: 2nd conditional middle progressive (future)
aux_2_con_mid_cnt_pst,okomoshe,ok.om.ˈoʃ.e,auxiliary-form: 2nd conditional middle continuous (past)
aux_2_con_mid_cnt_prs,okomosha,ok.om.ˈoʃ.a,auxiliary-form: 2nd conditional middle continuous (present)
aux_2_con_mid_cnt_fut,okomosho,ok.om.ˈoʃ.o,auxiliary-form: 2nd conditional middle continuous (future)
aux_2_con_mid_itr_pst,okomone,ok.om.ˈon.e,auxiliary-form: 2nd conditional middle iterative (past)
aux_2_con_mid_itr_prs,okomona,ok.om.ˈon.a,auxiliary-form: 2nd conditional middle iterative (present)
aux_2_con_mid_itr_fut,okomono,ok.om.ˈon.o,auxiliary-form: 2nd conditional middle iterative (future)
aux_2_con_mid_inc_pst,okomoye,ok.om.ˈoj.e,auxiliary-form: 2nd conditional middle inceptive (past)
aux_2_con_mid_inc_prs,okomoya,ok.om.ˈoj.a,auxiliary-form: 2nd conditional middle inceptive (present)
aux_2_con_mid_inc_fut,okomoyo,ok.om.ˈoj.o,auxiliary-form: 2nd conditional middle inceptive (future)
aux_2_con_mid_ces_pst,okomope,ok.om.ˈop.e,auxiliary-form: 2nd conditional middle cessative (past)
aux_2_con_mid_ces_prs,okomopa,ok.om.ˈop.a,auxiliary-form: 2nd conditional middle cessative (present)
aux_2_con_mid_ces_fut,okomopo,ok.om.ˈop.o,auxiliary-form: 2nd conditional middle cessative (future)
aux_2_con_mid_rem_pst,okomohe,ok.om.ˈoh.e,auxiliary-form: 2nd conditional middle remote (past)
aux_2_con_mid_rem_prs,okomoha,ok.om.ˈoh.a,auxiliary-form: 2nd conditional middle remote (present)
aux_2_con_mid_rem_fut,okomoho,ok.om.ˈoh.o,auxiliary-form: 2nd conditional middle remote (future)
aux_2_con_cau_sim_pst,okokefe,ok.ok.ˈef.e,auxiliary-form: 2nd conditional causative simple (past)
aux_2_con_cau_sim_prs,okokefa,ok.ok.ˈef.a,auxiliary-form: 2nd conditional causative simple (present)
aux_2_con_cau_sim_fut,okokefo,ok.ok.ˈef.o,auxiliary-form: 2nd conditional causative simple (future)
aux_2_con_cau_ipf_pst,okokethe,ok.ok.ˈeθ.e,auxiliary-form: 2nd conditional causative imperfective (past)
aux_2_con_cau_ipf_prs,okoketha,ok.ok.ˈeθ.a,auxiliary-form: 2nd conditional causative imperfective (present)
aux_2_con_cau_ipf_fut,okoketho,ok.ok.ˈeθ.o,auxiliary-form: 2nd conditional causative imperfective (future)
aux_2_con_cau_prf_pst,okokelhe,ok.ok.ˈeɬ.e,auxiliary-form: 2nd conditional causative perfect (past)
aux_2_con_cau_prf_prs,okokelha,ok.ok.ˈeɬ.a,auxiliary-form: 2nd conditional causative perfect (present)
aux_2_con_cau_prf_fut,okokelho,ok.ok.ˈeɬ.o,auxiliary-form: 2nd conditional causative perfect (future)
aux_2_con_cau_nea_pst,okoketle,ok.ok.ˈeƛ.e,auxiliary-form: 2nd conditional causative near (past)
aux_2_con_cau_nea_prs,okoketla,ok.ok.ˈeƛ.a,auxiliary-form: 2nd conditional causative near (present)
aux_2_con_cau_nea_fut,okoketlo,ok.ok.ˈeƛ.o,auxiliary-form: 2nd conditional causative near (future)
aux_2_con_cau_imm_pst,okokeke,ok.ok.ˈek.e,auxiliary-form: 2nd conditional causative immediate (past)
aux_2_con_cau_imm_prs,okokeka,ok.ok.ˈek.a,auxiliary-form: 2nd conditional causative immediate (present)
aux_2_con_cau_imm_fut,okokeko,ok.ok.ˈek.o,auxiliary-form: 2nd conditional causative immediate (future)
aux_2_con_cau_hab_pst,okokeme,ok.ok.ˈem.e,auxiliary-form: 2nd conditional causative habitual (past)
aux_2_con_cau_hab_prs,okokema,ok.ok.ˈem.a,auxiliary-form: 2nd conditional causative habitual (present)
aux_2_con_cau_hab_fut,okokemo,ok.ok.ˈem.o,auxiliary-form: 2nd conditional causative habitual (future)
aux_2_con_cau_pro_pst,okokese,ok.ok.ˈes.e,auxiliary-form: 2nd conditional causative progressive (past)
aux_2_con_cau_pro_prs,okokesa,ok.ok.ˈes.a,auxiliary-form: 2nd conditional causative progressive (present)
aux_2_con_cau_pro_fut,okokeso,ok.ok.ˈes.o,auxiliary-form: 2nd conditional causative progressive (future)
aux_2_con_cau_cnt_pst,okokeshe,ok.ok.ˈeʃ.e,auxiliary-form: 2nd conditional causative continuous (past)
aux_2_con_cau_cnt_prs,okokesha,ok.ok.ˈeʃ.a,auxiliary-form: 2nd conditional causative continuous (present)
aux_2_con_cau_cnt_fut,okokesho,ok.ok.ˈeʃ.o,auxiliary-form: 2nd conditional causative continuous (future)
aux_2_con_cau_itr_pst,okokene,ok.ok.ˈen.e,auxiliary-form: 2nd conditional causative iterative (past)
aux_2_con_cau_itr_prs,okokena,ok.ok.ˈen.a,auxiliary-form: 2nd conditional causative iterative (present)
aux_2_con_cau_itr_fut,okokeno,ok.ok.ˈen.o,auxiliary-form: 2nd conditional causative iterative (future)
aux_2_con_cau_inc_pst,okokeye,ok.ok.ˈej.e,auxiliary-form: 2nd conditional causative inceptive (past)
aux_2_con_cau_inc_prs,okokeya,ok.ok.ˈej.a,auxiliary-form: 2nd conditional causative inceptive (present)
aux_2_con_cau_inc_fut,okokeyo,ok.ok.ˈej.o,auxiliary-form: 2nd conditional causative inceptive (future)
aux_2_con_cau_ces_pst,okokepe,ok.ok.ˈep.e,auxiliary-form: 2nd conditional causative cessative (past)
aux_2_con_cau_ces_prs,okokepa,ok.ok.ˈep.a,auxiliary-form: 2nd conditional causative cessative (present)
aux_2_con_cau_ces_fut,okokepo,ok.ok.ˈep.o,auxiliary-form: 2nd conditional causative cessative (future)
aux_2_con_cau_rem_pst,okokehe,ok.ok.ˈeh.e,auxiliary-form: 2nd conditional causative remote (past)
aux_2_con_cau_rem_prs,okokeha,ok.ok.ˈeh.a,auxiliary-form: 2nd conditional causative remote (present)
aux_2_con_cau_rem_fut,okokeho,ok.ok.ˈeh.o,auxiliary-form: 2nd conditional causative remote (future)
aux_2_con_rec_sim_pst,okorafe,ok.or.ˈaf.e,auxiliary-form: 2nd conditional reciprocal simple (past)
aux_2_con_rec_sim_prs,okorafa,ok.or.ˈaf.a,auxiliary-form: 2nd conditional reciprocal simple (present)
aux_2_con_rec_sim_fut,okorafo,ok.or.ˈaf.o,auxiliary-form: 2nd conditional reciprocal simple (future)
aux_2_con_rec_ipf_pst,okorathe,ok.or.ˈaθ.e,auxiliary-form: 2nd conditional reciprocal imperfective (past)
aux_2_con_rec_ipf_prs,okoratha,ok.or.ˈaθ.a,auxiliary-form: 2nd conditional reciprocal imperfective (present)
aux_2_con_rec_ipf_fut,okoratho,ok.or.ˈaθ.o,auxiliary-form: 2nd conditional reciprocal imperfective (future)
aux_2_con_rec_prf_pst,okoralhe,ok.or.ˈaɬ.e,auxiliary-form: 2nd conditional reciprocal perfect (past)
aux_2_con_rec_prf_prs,okoralha,ok.or.ˈaɬ.a,auxiliary-form: 2nd conditional reciprocal perfect (present)
aux_2_con_rec_prf_fut,okoralho,ok.or.ˈaɬ.o,auxiliary-form: 2nd conditional reciprocal perfect (future)
aux_2_con_rec_nea_pst,okoratle,ok.or.ˈaƛ.e,auxiliary-form: 2nd conditional reciprocal near (past)
aux_2_con_rec_nea_prs,okoratla,ok.or.ˈaƛ.a,auxiliary-form: 2nd conditional reciprocal near (present)
aux_2_con_rec_nea_fut,okoratlo,ok.or.ˈaƛ.o,auxiliary-form: 2nd conditional reciprocal near (future)
aux_2_con_rec_imm_pst,okorake,ok.or.ˈak.e,auxiliary-form: 2nd conditional reciprocal immediate (past)
aux_2_con_rec_imm_prs,okoraka,ok.or.ˈak.a,auxiliary-form: 2nd conditional reciprocal immediate (present)
aux_2_con_rec_imm_fut,okorako,ok.or.ˈak.o,auxiliary-form: 2nd conditional reciprocal immediate (future)
aux_2_con_rec_hab_pst,okorame,ok.or.ˈam.e,auxiliary-form: 2nd conditional reciprocal habitual (past)
aux_2_con_rec_hab_prs,okorama,ok.or.ˈam.a,auxiliary-form: 2nd conditional reciprocal habitual (present)
aux_2_con_rec_hab_fut,okoramo,ok.or.ˈam.o,auxiliary-form: 2nd conditional reciprocal habitual (future)
aux_2_con_rec_pro_pst,okorase,ok.or.ˈas.e,auxiliary-form: 2nd conditional reciprocal progressive (past)
aux_2_con_rec_pro_prs,okorasa,ok.or.ˈas.a,auxiliary-form: 2nd conditional reciprocal progressive (present)
aux_2_con_rec_pro_fut,okoraso,ok.or.ˈas.o,auxiliary-form: 2nd conditional reciprocal progressive (future)
aux_2_con_rec_cnt_pst,okorashe,ok.or.ˈaʃ.e,auxiliary-form: 2nd conditional reciprocal continuous (past)
aux_2_con_rec_cnt_prs,okorasha,ok.or.ˈaʃ.a,auxiliary-form: 2nd conditional reciprocal continuous (present)
aux_2_con_rec_cnt_fut,okorasho,ok.or.ˈaʃ.o,auxiliary-form: 2nd conditional reciprocal continuous (future)
aux_2_con_rec_itr_pst,okorane,ok.or.ˈan.e,auxiliary-form: 2nd conditional reciprocal iterative (past)
aux_2_con_rec_itr_prs,okorana,ok.or.ˈan.a,auxiliary-form: 2nd conditional reciprocal iterative (present)
aux_2_con_rec_itr_fut,okorano,ok.or.ˈan.o,auxiliary-form: 2nd conditional reciprocal iterative (future)
aux_2_con_rec_inc_pst,okoraye,ok.or.ˈaj.e,auxiliary-form: 2nd conditional reciprocal inceptive (past)
aux_2_con_rec_inc_prs,okoraya,ok.or.ˈaj.a,auxiliary-form: 2nd conditional reciprocal inceptive (present)
aux_2_con_rec_inc_fut,okorayo,ok.or.ˈaj.o,auxiliary-form: 2nd conditional reciprocal inceptive (future)
aux_2_con_rec_ces_pst,okorape,ok.or.ˈap.e,auxiliary-form: 2nd conditional reciprocal cessative (past)
aux_2_con_rec_ces_prs,okorapa,ok.or.ˈap.a,auxiliary-form: 2nd conditional reciprocal cessative (present)
aux_2_con_rec_ces_fut,okorapo,ok.or.ˈap.o,auxiliary-form: 2nd conditional reciprocal cessative (future)
aux_2_con_rec_rem_pst,okorahe,ok.or.ˈah.e,auxiliary-form: 2nd conditional reciprocal remote (past)
aux_2_con_rec_rem_prs,okoraha,ok.or.ˈah.a,auxiliary-form: 2nd conditional reciprocal remote (present)
aux_2_con_rec_rem_fut,okoraho,ok.or.ˈah.o,auxiliary-form: 2nd conditional reciprocal remote (future)
aux_2_ctr_sim_pst,oksofe,oks.ˈof.e,auxiliary-form: 2nd counterfactual simple (past)
aux_2_ctr_sim_prs,oksofa,oks.ˈof.a,auxiliary-form: 2nd counterfactual simple (present)
aux_2_ctr_sim_fut,oksofo,oks.ˈof.o,auxiliary-form: 2nd counterfactual simple (future)
aux_2_ctr_ipf_pst,oksothe,oks.ˈoθ.e,auxiliary-form: 2nd counterfactual imperfective (past)
aux_2_ctr_ipf_prs,oksotha,oks.ˈoθ.a,auxiliary-form: 2nd counterfactual imperfective (present)
aux_2_ctr_ipf_fut,oksotho,oks.ˈoθ.o,auxiliary-form: 2nd counterfactual imperfective (future)
aux_2_ctr_prf_pst,oksolhe,oks.ˈoɬ.e,auxiliary-form: 2nd counterfactual perfect (past)
aux_2_ctr_prf_prs,oksolha,oks.ˈoɬ.a,auxiliary-form: 2nd counterfactual perfect (present)
aux_2_ctr_prf_fut,oksolho,oks.ˈoɬ.o,auxiliary-form: 2nd counterfactual perfect (future)
aux_2_ctr_nea_pst,oksotle,oks.ˈoƛ.e,auxiliary-form: 2nd counterfactual near (past)
aux_2_ctr_nea_prs,oksotla,oks.ˈoƛ.a,auxiliary-form: 2nd counterfactual near (present)
aux_2_ctr_nea_fut,oksotlo,oks.ˈoƛ.o,auxiliary-form: 2nd counterfactual near (future)
aux_2_ctr_imm_pst,oksoke,oks.ˈok.e,auxiliary-form: 2nd counterfactual immediate (past)
aux_2_ctr_imm_prs,oksoka,oks.ˈok.a,auxiliary-form: 2nd counterfactual immediate (present)
aux_2_ctr_imm_fut,oksoko,oks.ˈok.o,auxiliary-form: 2nd counterfactual immediate (future)
aux_2_ctr_hab_pst,oksome,oks.ˈom.e,auxiliary-form: 2nd counterfactual habitual (past)
aux_2_ctr_hab_prs,oksoma,oks.ˈom.a,auxiliary-form: 2nd counterfactual habitual (present)
aux_2_ctr_hab_fut,oksomo,oks.ˈom.o,auxiliary-form: 2nd counterfactual habitual (future)
aux_2_ctr_pro_pst,oksose,oks.ˈos.e,auxiliary-form: 2nd counterfactual progressive (past)
aux_2_ctr_pro_prs,oksosa,oks.ˈos.a,auxiliary-form: 2nd counterfactual progressive (present)
aux_2_ctr_pro_fut,oksoso,oks.ˈos.o,auxiliary-form: 2nd counterfactual progressive (future)
aux_2_ctr_cnt_pst,oksoshe,oks.ˈoʃ.e,auxiliary-form: 2nd counterfactual continuous (past)
aux_2_ctr_cnt_prs,oksosha,oks.ˈoʃ.a,auxiliary-form: 2nd counterfactual continuous (present)
aux_2_ctr_cnt_fut,oksosho,oks.ˈoʃ.o,auxiliary-form: 2nd counterfactual continuous (future)
aux_2_ctr_itr_pst,oksone,oks.ˈon.e,auxiliary-form: 2nd counterfactual iterative (past)
aux_2_ctr_itr_prs,oksona,oks.ˈon.a,auxiliary-form: 2nd counterfactual iterative (present)
aux_2_ctr_itr_fut,oksono,oks.ˈon.o,auxiliary-form: 2nd counterfactual iterative (future)
aux_2_ctr_inc_pst,oksoye,oks.ˈoj.e,auxiliary-form: 2nd counterfactual inceptive (past)
aux_2_ctr_inc_prs,oksoya,oks.ˈoj.a,auxiliary-form: 2nd counterfactual inceptive (present)
aux_2_ctr_inc_fut,oksoyo,oks.ˈoj.o,auxiliary-form: 2nd counterfactual inceptive (future)
aux_2_ctr_ces_pst,oksope,oks.ˈop.e,auxiliary-form: 2nd counterfactual cessative (past)
aux_2_ctr_ces_prs,oksopa,oks.ˈop.a,auxiliary-form: 2nd counterfactual cessative (present)
aux_2_ctr_ces_fut,oksopo,oks.ˈop.o,auxiliary-form: 2nd counterfactual cessative (future)
aux_2_ctr_rem_pst,oksohe,oks.ˈoh.e,auxiliary-form: 2nd counterfactual remote (past)
aux_2_ctr_rem_prs,oksoha,oks.ˈoh.a,auxiliary-form: 2nd counterfactual remote (present)
aux_2_ctr_rem_fut,oksoho,oks.ˈoh.o,auxiliary-form: 2nd counterfactual remote (future)
aux_2_ctr_ref_sim_pst,oksotefe,oks.ot.ˈef.e,auxiliary-form: 2nd counterfactual reflexive simple (past)
aux_2_ctr_ref_sim_prs,oksotefa,oks.ot.ˈef.a,auxiliary-form: 2nd counterfactual reflexive simple (present)
aux_2_ctr_ref_sim_fut,oksotefo,oks.ot.ˈef.o,auxiliary-form: 2nd counterfactual reflexive simple (future)
aux_2_ctr_ref_ipf_pst,oksotethe,oks.ot.ˈeθ.e,auxiliary-form: 2nd counterfactual reflexive imperfective (past)
aux_2_ctr_ref_ipf_prs,oksotetha,oks.ot.ˈeθ.a,auxiliary-form: 2nd counterfactual reflexive imperfective (present)
aux_2_ctr_ref_ipf_fut,oksotetho,oks.ot.ˈeθ.o,auxiliary-form: 2nd counterfactual reflexive imperfective (future)
aux_2_ctr_ref_prf_pst,oksotelhe,oks.ot.ˈeɬ.e,auxiliary-form: 2nd counterfactual reflexive perfect (past)
aux_2_ctr_ref_prf_prs,oksotelha,oks.ot.ˈeɬ.a,auxiliary-form: 2nd counterfactual reflexive perfect (present)
aux_2_ctr_ref_prf_fut,oksotelho,oks.ot.ˈeɬ.o,auxiliary-form: 2nd counterfactual reflexive perfect (future)
aux_2_ctr_ref_nea_pst,oksotetle,oks.ot.ˈeƛ.e,auxiliary-form: 2nd counterfactual reflexive near (past)
aux_2_ctr_ref_nea_prs,oksotetla,oks.ot.ˈeƛ.a,auxiliary-form: 2nd counterfactual reflexive near (present)
aux_2_ctr_ref_nea_fut,oksotetlo,oks.ot.ˈeƛ.o,auxiliary-form: 2nd counterfactual reflexive near (future)
aux_2_ctr_ref_imm_pst,oksoteke,oks.ot.ˈek.e,auxiliary-form: 2nd counterfactual reflexive immediate (past)
aux_2_ctr_ref_imm_prs,oksoteka,oks.ot.ˈek.a,auxiliary-form: 2nd counterfactual reflexive immediate (present)
aux_2_ctr_ref_imm_fut,oksoteko,oks.ot.ˈek.o,auxiliary-form: 2nd counterfactual reflexive immediate (future)
aux_2_ctr_ref_hab_pst,oksoteme,oks.ot.ˈem.e,auxiliary-form: 2nd counterfactual reflexive habitual (past)
aux_2_ctr_ref_hab_prs,oksotema,oks.ot.ˈem.a,auxiliary-form: 2nd counterfactual reflexive habitual (present)
aux_2_ctr_ref_hab_fut,oksotemo,oks.ot.ˈem.o,auxiliary-form: 2nd counterfactual reflexive habitual (future)
aux_2_ctr_ref_pro_pst,oksotese,oks.ot.ˈes.e,auxiliary-form: 2nd counterfactual reflexive progressive (past)
aux_2_ctr_ref_pro_prs,oksotesa,oks.ot.ˈes.a,auxiliary-form: 2nd counterfactual reflexive progressive (present)
aux_2_ctr_ref_pro_fut,oksoteso,oks.ot.ˈes.o,auxiliary-form: 2nd counterfactual reflexive progressive (future)
aux_2_ctr_ref_cnt_pst,oksoteshe,oks.ot.ˈeʃ.e,auxiliary-form: 2nd counterfactual reflexive continuous (past)
aux_2_ctr_ref_cnt_prs,oksotesha,oks.ot.ˈeʃ.a,auxiliary-form: 2nd counterfactual reflexive continuous (present)
aux_2_ctr_ref_cnt_fut,oksotesho,oks.ot.ˈeʃ.o,auxiliary-form: 2nd counterfactual reflexive continuous (future)
aux_2_ctr_ref_itr_pst,oksotene,oks.ot.ˈen.e,auxiliary-form: 2nd counterfactual reflexive iterative (past)
aux_2_ctr_ref_itr_prs,oksotena,oks.ot.ˈen.a,auxiliary-form: 2nd counterfactual reflexive iterative (present)
aux_2_ctr_ref_itr_fut,oksoteno,oks.ot.ˈen.o,auxiliary-form: 2nd counterfactual reflexive iterative (future)
aux_2_ctr_ref_inc_pst,oksoteye,oks.ot.ˈej.e,auxiliary-form: 2nd counterfactual reflexive inceptive (past)
aux_2_ctr_ref_inc_prs,oksoteya,oks.ot.ˈej.a,auxiliary-form: 2nd counterfactual reflexive inceptive (present)
aux_2_ctr_ref_inc_fut,oksoteyo,oks.ot.ˈej.o,auxiliary-form: 2nd counterfactual reflexive inceptive (future)
aux_2_ctr_ref_ces_pst,oksotepe,oks.ot.ˈep.e,auxiliary-form: 2nd counterfactual reflexive cessative (past)
aux_2_ctr_ref_ces_prs,oksotepa,oks.ot.ˈep.a,auxiliary-form: 2nd counterfactual reflexive cessative (present)
aux_2_ctr_ref_ces_fut,oksotepo,oks.ot.ˈep.o,auxiliary-form: 2nd counterfactual reflexive cessative (future)
aux_2_ctr_ref_rem_pst,oksotehe,oks.ot.ˈeh.e,auxiliary-form: 2nd counterfactual reflexive remote (past)
aux_2_ctr_ref_rem_prs,oksoteha,oks.ot.ˈeh.a,auxiliary-form: 2nd counterfactual reflexive remote (present)
aux_2_ctr_ref_rem_fut,oksoteho,oks.ot.ˈeh.o,auxiliary-form: 2nd counterfactual reflexive remote (future)
aux_2_ctr_pas_sim_pst,oksopafe,oks.op.ˈaf.e,auxiliary-form: 2nd counterfactual passive simple (past)
aux_2_ctr_pas_sim_prs,oksopafa,oks.op.ˈaf.a,auxiliary-form: 2nd counterfactual passive simple (present)
aux_2_ctr_pas_sim_fut,oksopafo,oks.op.ˈaf.o,auxiliary-form: 2nd counterfactual passive simple (future)
aux_2_ctr_pas_ipf_pst,oksopathe,oks.op.ˈaθ.e,auxiliary-form: 2nd counterfactual passive imperfective (past)
aux_2_ctr_pas_ipf_prs,oksopatha,oks.op.ˈaθ.a,auxiliary-form: 2nd counterfactual passive imperfective (present)
aux_2_ctr_pas_ipf_fut,oksopatho,oks.op.ˈaθ.o,auxiliary-form: 2nd counterfactual passive imperfective (future)
aux_2_ctr_pas_prf_pst,oksopalhe,oks.op.ˈaɬ.e,auxiliary-form: 2nd counterfactual passive perfect (past)
aux_2_ctr_pas_prf_prs,oksopalha,oks.op.ˈaɬ.a,auxiliary-form: 2nd counterfactual passive perfect (present)
aux_2_ctr_pas_prf_fut,oksopalho,oks.op.ˈaɬ.o,auxiliary-form: 2nd counterfactual passive perfect (future)
aux_2_ctr_pas_nea_pst,oksopatle,oks.op.ˈaƛ.e,auxiliary-form: 2nd counterfactual passive near (past)
aux_2_ctr_pas_nea_prs,oksopatla,oks.op.ˈaƛ.a,auxiliary-form: 2nd counterfactual passive near (present)
aux_2_ctr_pas_nea_fut,oksopatlo,oks.op.ˈaƛ.o,auxiliary-form: 2nd counterfactual passive near (future)
aux_2_ctr_pas_imm_pst,oksopake,oks.op.ˈak.e,auxiliary-form: 2nd counterfactual passive immediate (past)
aux_2_ctr_pas_imm_prs,oksopaka,oks.op.ˈak.a,auxiliary-form: 2nd counterfactual passive immediate (present)
aux_2_ctr_pas_imm_fut,oksopako,oks.op.ˈak.o,auxiliary-form: 2nd counterfactual passive immediate (future)
aux_2_ctr_pas_hab_pst,oksopame,oks.op.ˈam.e,auxiliary-form: 2nd counterfactual passive habitual (past)
aux_2_ctr_pas_hab_prs,oksopama,oks.op.ˈam.a,auxiliary-form: 2nd counterfactual passive habitual (present)
aux_2_ctr_pas_hab_fut,oksopamo,oks.op.ˈam.o,auxiliary-form: 2nd counterfactual passive habitual (future)
aux_2_ctr_pas_pro_pst,oksopase,oks.op.ˈas.e,auxiliary-form: 2nd counterfactual passive progressive (past)
aux_2_ctr_pas_pro_prs,oksopasa,oks.op.ˈas.a,auxiliary-form: 2nd counterfactual passive progressive (present)
aux_2_ctr_pas_pro_fut,oksopaso,oks.op.ˈas.o,auxiliary-form: 2nd counterfactual passive progressive (future)
aux_2_ctr_pas_cnt_pst,oksopashe,oks.op.ˈaʃ.e,auxiliary-form: 2nd counterfactual passive continuous (past)
aux_2_ctr_pas_cnt_prs,oksopasha,oks.op.ˈaʃ.a,auxiliary-form: 2nd counterfactual passive continuous (present)
aux_2_ctr_pas_cnt_fut,oksopasho,oks.op.ˈaʃ.o,auxiliary-form: 2nd counterfactual passive continuous (future)
aux_2_ctr_pas_itr_pst,oksopane,oks.op.ˈan.e,auxiliary-form: 2nd counterfactual passive iterative (past)
aux_2_ctr_pas_itr_prs,oksopana,oks.op.ˈan.a,auxiliary-form: 2nd counterfactual passive iterative (present)
aux_2_ctr_pas_itr_fut,oksopano,oks.op.ˈan.o,auxiliary-form: 2nd counterfactual passive iterative (future)
aux_2_ctr_pas_inc_pst,oksopaye,oks.op.ˈaj.e,auxiliary-form: 2nd counterfactual passive inceptive (past)
aux_2_ctr_pas_inc_prs,oksopaya,oks.op.ˈaj.a,auxiliary-form: 2nd counterfactual passive inceptive (present)
aux_2_ctr_pas_inc_fut,oksopayo,oks.op.ˈaj.o,auxiliary-form: 2nd counterfactual passive inceptive (future)
aux_2_ctr_pas_ces_pst,oksopape,oks.op.ˈap.e,auxiliary-form: 2nd counterfactual passive cessative (past)
aux_2_ctr_pas_ces_prs,oksopapa,oks.op.ˈap.a,auxiliary-form: 2nd counterfactual passive cessative (present)
aux_2_ctr_pas_ces_fut,oksopapo,oks.op.ˈap.o,auxiliary-form: 2nd counterfactual passive cessative (future)
aux_2_ctr_pas_rem_pst,oksopahe,oks.op.ˈah.e,auxiliary-form: 2nd counterfactual passive remote (past)
aux_2_ctr_pas_rem_prs,oksopaha,oks.op.ˈah.a,auxiliary-form: 2nd counterfactual passive remote (present)
aux_2_ctr_pas_rem_fut,oksopaho,oks.op.ˈah.o,auxiliary-form: 2nd counterfactual passive remote (future)
aux_2_ctr_mid_sim_pst,oksomofe,oks.om.ˈof.e,auxiliary-form: 2nd counterfactual middle simple (past)
aux_2_ctr_mid_sim_prs,oksomofa,oks.om.ˈof.a,auxiliary-form: 2nd counterfactual middle simple (present)
aux_2_ctr_mid_sim_fut,oksomofo,oks.om.ˈof.o,auxiliary-form: 2nd counterfactual middle simple (future)
aux_2_ctr_mid_ipf_pst,oksomothe,oks.om.ˈoθ.e,auxiliary-form: 2nd counterfactual middle imperfective (past)
aux_2_ctr_mid_ipf_prs,oksomotha,oks.om.ˈoθ.a,auxiliary-form: 2nd counterfactual middle imperfective (present)
aux_2_ctr_mid_ipf_fut,oksomotho,oks.om.ˈoθ.o,auxiliary-form: 2nd counterfactual middle imperfective (future)
aux_2_ctr_mid_prf_pst,oksomolhe,oks.om.ˈoɬ.e,auxiliary-form: 2nd counterfactual middle perfect (past)
aux_2_ctr_mid_prf_prs,oksomolha,oks.om.ˈoɬ.a,auxiliary-form: 2nd counterfactual middle perfect (present)
aux_2_ctr_mid_prf_fut,oksomolho,oks.om.ˈoɬ.o,auxiliary-form: 2nd counterfactual middle perfect (future)
aux_2_ctr_mid_nea_pst,oksomotle,oks.om.ˈoƛ.e,auxiliary-form: 2nd counterfactual middle near (past)
aux_2_ctr_mid_nea_prs,oksomotla,oks.om.ˈoƛ.a,auxiliary-form: 2nd counterfactual middle near (present)
aux_2_ctr_mid_nea_fut,oksomotlo,oks.om.ˈoƛ.o,auxiliary-form: 2nd counterfactual middle near (future)
aux_2_ctr_mid_imm_pst,oksomoke,oks.om.ˈok.e,auxiliary-form: 2nd counterfactual middle immediate (past)
aux_2_ctr_mid_imm_prs,oksomoka,oks.om.ˈok.a,auxiliary-form: 2nd counterfactual middle immediate (present)
aux_2_ctr_mid_imm_fut,oksomoko,oks.om.ˈok.o,auxiliary-form: 2nd counterfactual middle immediate (future)
aux_2_ctr_mid_hab_pst,oksomome,oks.om.ˈom.e,auxiliary-form: 2nd counterfactual middle habitual (past)
aux_2_ctr_mid_hab_prs,oksomoma,oks.om.ˈom.a,auxiliary-form: 2nd counterfactual middle habitual (present)
aux_2_ctr_mid_hab_fut,oksomomo,oks.om.ˈom.o,auxiliary-form: 2nd counterfactual middle habitual (future)
aux_2_ctr_mid_pro_pst,oksomose,oks.om.ˈos.e,auxiliary-form: 2nd counterfactual middle progressive (past)
aux_2_ctr_mid_pro_prs,oksomosa,oks.om.ˈos.a,auxiliary-form: 2nd counterfactual middle progressive (present)
aux_2_ctr_mid_pro_fut,oksomoso,oks.om.ˈos.o,auxiliary-form: 2nd counterfactual middle progressive (future)
aux_2_ctr_mid_cnt_pst,oksomoshe,oks.om.ˈoʃ.e,auxiliary-form: 2nd counterfactual middle continuous (past)
aux_2_ctr_mid_cnt_prs,oksomosha,oks.om.ˈoʃ.a,auxiliary-form: 2nd counterfactual middle continuous (present)
aux_2_ctr_mid_cnt_fut,oksomosho,oks.om.ˈoʃ.o,auxiliary-form: 2nd counterfactual middle continuous (future)
aux_2_ctr_mid_itr_pst,oksomone,oks.om.ˈon.e,auxiliary-form: 2nd counterfactual middle iterative (past)
aux_2_ctr_mid_itr_prs,oksomona,oks.om.ˈon.a,auxiliary-form: 2nd counterfactual middle iterative (present)
aux_2_ctr_mid_itr_fut,oksomono,oks.om.ˈon.o,auxiliary-form: 2nd counterfactual middle iterative (future)
aux_2_ctr_mid_inc_pst,oksomoye,oks.om.ˈoj.e,auxiliary-form: 2nd counterfactual middle inceptive (past)
aux_2_ctr_mid_inc_prs,oksomoya,oks.om.ˈoj.a,auxiliary-form: 2nd counterfactual middle inceptive (present)
aux_2_ctr_mid_inc_fut,oksomoyo,oks.om.ˈoj.o,auxiliary-form: 2nd counterfactual middle inceptive (future)
aux_2_ctr_mid_ces_pst,oksomope,oks.om.ˈop.e,auxiliary-form: 2nd counterfactual middle cessative (past)
aux_2_ctr_mid_ces_prs,oksomopa,oks.om.ˈop.a,auxiliary-form: 2nd counterfactual middle cessative (present)
aux_2_ctr_mid_ces_fut,oksomopo,oks.om.ˈop.o,auxiliary-form: 2nd counterfactual middle cessative (future)
aux_2_ctr_mid_rem_pst,oksomohe,oks.om.ˈoh.e,auxiliary-form: 2nd counterfactual middle remote (past)
aux_2_ctr_mid_rem_prs,oksomoha,oks.om.ˈoh.a,auxiliary-form: 2nd counterfactual middle remote (present)
aux_2_ctr_mid_rem_fut,oksomoho,oks.om.ˈoh.o,auxiliary-form: 2nd counterfactual middle remote (future)
aux_2_ctr_cau_sim_pst,oksokefe,oks.ok.ˈef.e,auxiliary-form: 2nd counterfactual causative simple (past)
aux_2_ctr_cau_sim_prs,oksokefa,oks.ok.ˈef.a,auxiliary-form: 2nd counterfactual causative simple (present)
aux_2_ctr_cau_sim_fut,oksokefo,oks.ok.ˈef.o,auxiliary-form: 2nd counterfactual causative simple (future)
aux_2_ctr_cau_ipf_pst,oksokethe,oks.ok.ˈeθ.e,auxiliary-form: 2nd counterfactual causative imperfective (past)
aux_2_ctr_cau_ipf_prs,oksoketha,oks.ok.ˈeθ.a,auxiliary-form: 2nd counterfactual causative imperfective (present)
aux_2_ctr_cau_ipf_fut,oksoketho,oks.ok.ˈeθ.o,auxiliary-form: 2nd counterfactual causative imperfective (future)
aux_2_ctr_cau_prf_pst,oksokelhe,oks.ok.ˈeɬ.e,auxiliary-form: 2nd counterfactual causative perfect (past)
aux_2_ctr_cau_prf_prs,oksokelha,oks.ok.ˈeɬ.a,auxiliary-form: 2nd counterfactual causative perfect (present)
aux_2_ctr_cau_prf_fut,oksokelho,oks.ok.ˈeɬ.o,auxiliary-form: 2nd counterfactual causative perfect (future)
aux_2_ctr_cau_nea_pst,oksoketle,oks.ok.ˈeƛ.e,auxiliary-form: 2nd counterfactual causative near (past)
aux_2_ctr_cau_nea_prs,oksoketla,oks.ok.ˈeƛ.a,auxiliary-form: 2nd counterfactual causative near (present)
aux_2_ctr_cau_nea_fut,oksoketlo,oks.ok.ˈeƛ.o,auxiliary-form: 2nd counterfactual causative near (future)
aux_2_ctr_cau_imm_pst,oksokeke,oks.ok.ˈek.e,auxiliary-form: 2nd counterfactual causative immediate (past)
aux_2_ctr_cau_imm_prs,oksokeka,oks.ok.ˈek.a,auxiliary-form: 2nd counterfactual causative immediate (present)
aux_2_ctr_cau_imm_fut,oksokeko,oks.ok.ˈek.o,auxiliary-form: 2nd counterfactual causative immediate (future)
aux_2_ctr_cau_hab_pst,oksokeme,oks.ok.ˈem.e,auxiliary-form: 2nd counterfactual causative habitual (past)
aux_2_ctr_cau_hab_prs,oksokema,oks.ok.ˈem.a,auxiliary-form: 2nd counterfactual causative habitual (present)
aux_2_ctr_cau_hab_fut,oksokemo,oks.ok.ˈem.o,auxiliary-form: 2nd counterfactual causative habitual (future)
aux_2_ctr_cau_pro_pst,oksokese,oks.ok.ˈes.e,auxiliary-form: 2nd counterfactual causative progressive (past)
aux_2_ctr_cau_pro_prs,oksokesa,oks.ok.ˈes.a,auxiliary-form: 2nd counterfactual causative progressive (present)
aux_2_ctr_cau_pro_fut,oksokeso,oks.ok.ˈes.o,auxiliary-form: 2nd counterfactual causative progressive (future)
aux_2_ctr_cau_cnt_pst,oksokeshe,oks.ok.ˈeʃ.e,auxiliary-form: 2nd counterfactual causative continuous (past)
aux_2_ctr_cau_cnt_prs,oksokesha,oks.ok.ˈeʃ.a,auxiliary-form: 2nd counterfactual causative continuous (present)
aux_2_ctr_cau_cnt_fut,oksokesho,oks.ok.ˈeʃ.o,auxiliary-form: 2nd counterfactual causative continuous (future)
aux_2_ctr_cau_itr_pst,oksokene,oks.ok.ˈen.e,auxiliary-form: 2nd counterfactual causative iterative (past)
aux_2_ctr_cau_itr_prs,oksokena,oks.ok.ˈen.a,auxiliary-form: 2nd counterfactual causative iterative (present)
aux_2_ctr_cau_itr_fut,oksokeno,oks.ok.ˈen.o,auxiliary-form: 2nd counterfactual causative iterative (future)
aux_2_ctr_cau_inc_pst,oksokeye,oks.ok.ˈej.e,auxiliary-form: 2nd counterfactual causative inceptive (past)
aux_2_ctr_cau_inc_prs,oksokeya,oks.ok.ˈej.a,auxiliary-form: 2nd counterfactual causative inceptive (present)
aux_2_ctr_cau_inc_fut,oksokeyo,oks.ok.ˈej.o,auxiliary-form: 2nd counterfactual causative inceptive (future)
aux_2_ctr_cau_ces_pst,oksokepe,oks.ok.ˈep.e,auxiliary-form: 2nd counterfactual causative cessative (past)
aux_2_ctr_cau_ces_prs,oksokepa,oks.ok.ˈep.a,auxiliary-form: 2nd counterfactual causative cessative (present)
aux_2_ctr_cau_ces_fut,oksokepo,oks.ok.ˈep.o,auxiliary-form: 2nd counterfactual causative cessative (future)
aux_2_ctr_cau_rem_pst,oksokehe,oks.ok.ˈeh.e,auxiliary-form: 2nd counterfactual causative remote (past)
aux_2_ctr_cau_rem_prs,oksokeha,oks.ok.ˈeh.a,auxiliary-form: 2nd counterfactual causative remote (present)
aux_2_ctr_cau_rem_fut,oksokeho,oks.ok.ˈeh.o,auxiliary-form: 2nd counterfactual causative remote (future)
aux_2_ctr_rec_sim_pst,oksorafe,oks.or.ˈaf.e,auxiliary-form: 2nd counterfactual reciprocal simple (past)
aux_2_ctr_rec_sim_prs,oksorafa,oks.or.ˈaf.a,auxiliary-form: 2nd counterfactual reciprocal simple (present)
aux_2_ctr_rec_sim_fut,oksorafo,oks.or.ˈaf.o,auxiliary-form: 2nd counterfactual reciprocal simple (future)
aux_2_ctr_rec_ipf_pst,oksorathe,oks.or.ˈaθ.e,auxiliary-form: 2nd counterfactual reciprocal imperfective (past)
aux_2_ctr_rec_ipf_prs,oksoratha,oks.or.ˈaθ.a,auxiliary-form: 2nd counterfactual reciprocal imperfective (present)
aux_2_ctr_rec_ipf_fut,oksoratho,oks.or.ˈaθ.o,auxiliary-form: 2nd counterfactual reciprocal imperfective (future)
aux_2_ctr_rec_prf_pst,oksoralhe,oks.or.ˈaɬ.e,auxiliary-form: 2nd counterfactual reciprocal perfect (past)
aux_2_ctr_rec_prf_prs,oksoralha,oks.or.ˈaɬ.a,auxiliary-form: 2nd counterfactual reciprocal perfect (present)
aux_2_ctr_rec_prf_fut,oksoralho,oks.or.ˈaɬ.o,auxiliary-form: 2nd counterfactual reciprocal perfect (future)
aux_2_ctr_rec_nea_pst,oksoratle,oks.or.ˈaƛ.e,auxiliary-form: 2nd counterfactual reciprocal near (past)
aux_2_ctr_rec_nea_prs,oksoratla,oks.or.ˈaƛ.a,auxiliary-form: 2nd counterfactual reciprocal near (present)
aux_2_ctr_rec_nea_fut,oksoratlo,oks.or.ˈaƛ.o,auxiliary-form: 2nd counterfactual reciprocal near (future)
aux_2_ctr_rec_imm_pst,oksorake,oks.or.ˈak.e,auxiliary-form: 2nd counterfactual reciprocal immediate (past)
aux_2_ctr_rec_imm_prs,oksoraka,oks.or.ˈak.a,auxiliary-form: 2nd counterfactual reciprocal immediate (present)
aux_2_ctr_rec_imm_fut,oksorako,oks.or.ˈak.o,auxiliary-form: 2nd counterfactual reciprocal immediate (future)
aux_2_ctr_rec_hab_pst,oksorame,oks.or.ˈam.e,auxiliary-form: 2nd counterfactual reciprocal habitual (past)
aux_2_ctr_rec_hab_prs,oksorama,oks.or.ˈam.a,auxiliary-form: 2nd counterfactual reciprocal habitual (present)
aux_2_ctr_rec_hab_fut,oksoramo,oks.or.ˈam.o,auxiliary-form: 2nd counterfactual reciprocal habitual (future)
aux_2_ctr_rec_pro_pst,oksorase,oks.or.ˈas.e,auxiliary-form: 2nd counterfactual reciprocal progressive (past)
aux_2_ctr_rec_pro_prs,oksorasa,oks.or.ˈas.a,auxiliary-form: 2nd counterfactual reciprocal progressive (present)
aux_2_ctr_rec_pro_fut,oksoraso,oks.or.ˈas.o,auxiliary-form: 2nd counterfactual reciprocal progressive (future)
aux_2_ctr_rec_cnt_pst,oksorashe,oks.or.ˈaʃ.e,auxiliary-form: 2nd counterfactual reciprocal continuous (past)
aux_2_ctr_rec_cnt_prs,oksorasha,oks.or.ˈaʃ.a,auxiliary-form: 2nd counterfactual reciprocal continuous (present)
aux_2_ctr_rec_cnt_fut,oksorasho,oks.or.ˈaʃ.o,auxiliary-form: 2nd counterfactual reciprocal continuous (future)
aux_2_ctr_rec_itr_pst,oksorane,oks.or.ˈan.e,auxiliary-form: 2nd counterfactual reciprocal iterative (past)
aux_2_ctr_rec_itr_prs,oksorana,oks.or.ˈan.a,auxiliary-form: 2nd counterfactual reciprocal iterative (present)
aux_2_ctr_rec_itr_fut,oksorano,oks.or.ˈan.o,auxiliary-form: 2nd counterfactual reciprocal iterative (future)
aux_2_ctr_rec_inc_pst,oksoraye,oks.or.ˈaj.e,auxiliary-form: 2nd counterfactual reciprocal inceptive (past)
aux_2_ctr_rec_inc_prs,oksoraya,oks.or.ˈaj.a,auxiliary-form: 2nd counterfactual reciprocal inceptive (present)
aux_2_ctr_rec_inc_fut,oksorayo,oks.or.ˈaj.o,auxiliary-form: 2nd counterfactual reciprocal inceptive (future)
aux_2_ctr_rec_ces_pst,oksorape,oks.or.ˈap.e,auxiliary-form: 2nd counterfactual reciprocal cessative (past)
aux_2_ctr_rec_ces_prs,oksorapa,oks.or.ˈap.a,auxiliary-form: 2nd counterfactual reciprocal cessative (present)
aux_2_ctr_rec_ces_fut,oksorapo,oks.or.ˈap.o,auxiliary-form: 2nd counterfactual reciprocal cessative (future)
aux_2_ctr_rec_rem_pst,oksorahe,oks.or.ˈah.e,auxiliary-form: 2nd counterfactual reciprocal remote (past)
aux_2_ctr_rec_rem_prs,oksoraha,oks.or.ˈah.a,auxiliary-form: 2nd counterfactual reciprocal remote (present)
aux_2_ctr_rec_rem_fut,oksoraho,oks.or.ˈah.o,auxiliary-form: 2nd counterfactual reciprocal remote (future)
aux_2_opt_sim_pst,olhefe,oɬ.ˈef.e,auxiliary-form: 2nd optative simple (past)
aux_2_opt_sim_prs,olhefa,oɬ.ˈef.a,auxiliary-form: 2nd optative simple (present)
aux_2_opt_sim_fut,olhefo,oɬ.ˈef.o,auxiliary-form: 2nd optative simple (future)
aux_2_opt_ipf_pst,olhethe,oɬ.ˈeθ.e,auxiliary-form: 2nd optative imperfective (past)
aux_2_opt_ipf_prs,olhetha,oɬ.ˈeθ.a,auxiliary-form: 2nd optative imperfective (present)
aux_2_opt_ipf_fut,olhetho,oɬ.ˈeθ.o,auxiliary-form: 2nd optative imperfective (future)
aux_2_opt_prf_pst,olhelhe,oɬ.ˈeɬ.e,auxiliary-form: 2nd optative perfect (past)
aux_2_opt_prf_prs,olhelha,oɬ.ˈeɬ.a,auxiliary-form: 2nd optative perfect (present)
aux_2_opt_prf_fut,olhelho,oɬ.ˈeɬ.o,auxiliary-form: 2nd optative perfect (future)
aux_2_opt_nea_pst,olhetle,oɬ.ˈeƛ.e,auxiliary-form: 2nd optative near (past)
aux_2_opt_nea_prs,olhetla,oɬ.ˈeƛ.a,auxiliary-form: 2nd optative near (present)
aux_2_opt_nea_fut,olhetlo,oɬ.ˈeƛ.o,auxiliary-form: 2nd optative near (future)
aux_2_opt_imm_pst,olheke,oɬ.ˈek.e,auxiliary-form: 2nd optative immediate (past)
aux_2_opt_imm_prs,olheka,oɬ.ˈek.a,auxiliary-form: 2nd optative immediate (present)
aux_2_opt_imm_fut,olheko,oɬ.ˈek.o,auxiliary-form: 2nd optative immediate (future)
aux_2_opt_hab_pst,olheme,oɬ.ˈem.e,auxiliary-form: 2nd optative habitual (past)
aux_2_opt_hab_prs,olhema,oɬ.ˈem.a,auxiliary-form: 2nd optative habitual (present)
aux_2_opt_hab_fut,olhemo,oɬ.ˈem.o,auxiliary-form: 2nd optative habitual (future)
aux_2_opt_pro_pst,olhese,oɬ.ˈes.e,auxiliary-form: 2nd optative progressive (past)
aux_2_opt_pro_prs,olhesa,oɬ.ˈes.a,auxiliary-form: 2nd optative progressive (present)
aux_2_opt_pro_fut,olheso,oɬ.ˈes.o,auxiliary-form: 2nd optative progressive (future)
aux_2_opt_cnt_pst,olheshe,oɬ.ˈeʃ.e,auxiliary-form: 2nd optative continuous (past)
aux_2_opt_cnt_prs,olhesha,oɬ.ˈeʃ.a,auxiliary-form: 2nd optative continuous (present)
aux_2_opt_cnt_fut,olhesho,oɬ.ˈeʃ.o,auxiliary-form: 2nd optative continuous (future)
aux_2_opt_itr_pst,olhene,oɬ.ˈen.e,auxiliary-form: 2nd optative iterative (past)
aux_2_opt_itr_prs,olhena,oɬ.ˈen.a,auxiliary-form: 2nd optative iterative (present)
aux_2_opt_itr_fut,olheno,oɬ.ˈen.o,auxiliary-form: 2nd optative iterative (future)
aux_2_opt_inc_pst,olheye,oɬ.ˈej.e,auxiliary-form: 2nd optative inceptive (past)
aux_2_opt_inc_prs,olheya,oɬ.ˈej.a,auxiliary-form: 2nd optative inceptive (present)
aux_2_opt_inc_fut,olheyo,oɬ.ˈej.o,auxiliary-form: 2nd optative inceptive (future)
aux_2_opt_ces_pst,olhepe,oɬ.ˈep.e,auxiliary-form: 2nd optative cessative (past)
aux_2_opt_ces_prs,olhepa,oɬ.ˈep.a,auxiliary-form: 2nd optative cessative (present)
aux_2_opt_ces_fut,olhepo,oɬ.ˈep.o,auxiliary-form: 2nd optative cessative (future)
aux_2_opt_rem_pst,olhehe,oɬ.ˈeh.e,auxiliary-form: 2nd optative remote (past)
aux_2_opt_rem_prs,olheha,oɬ.ˈeh.a,auxiliary-form: 2nd optative remote (present)
aux_2_opt_rem_fut,olheho,oɬ.ˈeh.o,auxiliary-form: 2nd optative remote (future)
aux_2_opt_ref_sim_pst,olhetefe,oɬ.et.ˈef.e,auxiliary-form: 2nd optative reflexive simple (past)
aux_2_opt_ref_sim_prs,olhetefa,oɬ.et.ˈef.a,auxiliary-form: 2nd optative reflexive simple (present)
aux_2_opt_ref_sim_fut,olhetefo,oɬ.et.ˈef.o,auxiliary-form: 2nd optative reflexive simple (future)
aux_2_opt_ref_ipf_pst,olhetethe,oɬ.et.ˈeθ.e,auxiliary-form: 2nd optative reflexive imperfective (past)
aux_2_opt_ref_ipf_prs,olhetetha,oɬ.et.ˈeθ.a,auxiliary-form: 2nd optative reflexive imperfective (present)
aux_2_opt_ref_ipf_fut,olhetetho,oɬ.et.ˈeθ.o,auxiliary-form: 2nd optative reflexive imperfective (future)
aux_2_opt_ref_prf_pst,olhetelhe,oɬ.et.ˈeɬ.e,auxiliary-form: 2nd optative reflexive perfect (past)
aux_2_opt_ref_prf_prs,olhetelha,oɬ.et.ˈeɬ.a,auxiliary-form: 2nd optative reflexive perfect (present)
aux_2_opt_ref_prf_fut,olhetelho,oɬ.et.ˈeɬ.o,auxiliary-form: 2nd optative reflexive perfect (future)
aux_2_opt_ref_nea_pst,olhetetle,oɬ.et.ˈeƛ.e,auxiliary-form: 2nd optative reflexive near (past)
aux_2_opt_ref_nea_prs,olhetetla,oɬ.et.ˈeƛ.a,auxiliary-form: 2nd optative reflexive near (present)
aux_2_opt_ref_nea_fut,olhetetlo,oɬ.et.ˈeƛ.o,auxiliary-form: 2nd optative reflexive near (future)
aux_2_opt_ref_imm_pst,olheteke,oɬ.et.ˈek.e,auxiliary-form: 2nd optative reflexive immediate (past)
aux_2_opt_ref_imm_prs,olheteka,oɬ.et.ˈek.a,auxiliary-form: 2nd optative reflexive immediate (present)
aux_2_opt_ref_imm_fut,olheteko,oɬ.et.ˈek.o,auxiliary-form: 2nd optative reflexive immediate (future)
aux_2_opt_ref_hab_pst,olheteme,oɬ.et.ˈem.e,auxiliary-form: 2nd optative reflexive habitual (past)
aux_2_opt_ref_hab_prs,olhetema,oɬ.et.ˈem.a,auxiliary-form: 2nd optative reflexive habitual (present)
aux_2_opt_ref_hab_fut,olhetemo,oɬ.et.ˈem.o,auxiliary-form: 2nd optative reflexive habitual (future)
aux_2_opt_ref_pro_pst,olhetese,oɬ.et.ˈes.e,auxiliary-form: 2nd optative reflexive progressive (past)
aux_2_opt_ref_pro_prs,olhetesa,oɬ.et.ˈes.a,auxiliary-form: 2nd optative reflexive progressive (present)
aux_2_opt_ref_pro_fut,olheteso,oɬ.et.ˈes.o,auxiliary-form: 2nd optative reflexive progressive (future)
aux_2_opt_ref_cnt_pst,olheteshe,oɬ.et.ˈeʃ.e,auxiliary-form: 2nd optative reflexive continuous (past)
aux_2_opt_ref_cnt_prs,olhetesha,oɬ.et.ˈeʃ.a,auxiliary-form: 2nd optative reflexive continuous (present)
aux_2_opt_ref_cnt_fut,olhetesho,oɬ.et.ˈeʃ.o,auxiliary-form: 2nd optative reflexive continuous (future)
aux_2_opt_ref_itr_pst,olhetene,oɬ.et.ˈen.e,auxiliary-form: 2nd optative reflexive iterative (past)
aux_2_opt_ref_itr_prs,olhetena,oɬ.et.ˈen.a,auxiliary-form: 2nd optative reflexive iterative (present)
aux_2_opt_ref_itr_fut,olheteno,oɬ.et.ˈen.o,auxiliary-form: 2nd optative reflexive iterative (future)
aux_2_opt_ref_inc_pst,olheteye,oɬ.et.ˈej.e,auxiliary-form: 2nd optative reflexive inceptive (past)
aux_2_opt_ref_inc_prs,olheteya,oɬ.et.ˈej.a,auxiliary-form: 2nd optative reflexive inceptive (present)
aux_2_opt_ref_inc_fut,olheteyo,oɬ.et.ˈej.o,auxiliary-form: 2nd optative reflexive inceptive (future)
aux_2_opt_ref_ces_pst,olhetepe,oɬ.et.ˈep.e,auxiliary-form: 2nd optative reflexive cessative (past)
aux_2_opt_ref_ces_prs,olhetepa,oɬ.et.ˈep.a,auxiliary-form: 2nd optative reflexive cessative (present)
aux_2_opt_ref_ces_fut,olhetepo,oɬ.et.ˈep.o,auxiliary-form: 2nd optative reflexive cessative (future)
aux_2_opt_ref_rem_pst,olhetehe,oɬ.et.ˈeh.e,auxiliary-form: 2nd optative reflexive remote (past)
aux_2_opt_ref_rem_prs,olheteha,oɬ.et.ˈeh.a,auxiliary-form: 2nd optative reflexive remote (present)
aux_2_opt_ref_rem_fut,olheteho,oɬ.et.ˈeh.o,auxiliary-form: 2nd optative reflexive remote (future)
aux_2_opt_pas_sim_pst,olhepafe,oɬ.ep.ˈaf.e,auxiliary-form: 2nd optative passive simple (past)
aux_2_opt_pas_sim_prs,olhepafa,oɬ.ep.ˈaf.a,auxiliary-form: 2nd optative passive simple (present)
aux_2_opt_pas_sim_fut,olhepafo,oɬ.ep.ˈaf.o,auxiliary-form: 2nd optative passive simple (future)
aux_2_opt_pas_ipf_pst,olhepathe,oɬ.ep.ˈaθ.e,auxiliary-form: 2nd optative passive imperfective (past)
aux_2_opt_pas_ipf_prs,olhepatha,oɬ.ep.ˈaθ.a,auxiliary-form: 2nd optative passive imperfective (present)
aux_2_opt_pas_ipf_fut,olhepatho,oɬ.ep.ˈaθ.o,auxiliary-form: 2nd optative passive imperfective (future)
aux_2_opt_pas_prf_pst,olhepalhe,oɬ.ep.ˈaɬ.e,auxiliary-form: 2nd optative passive perfect (past)
aux_2_opt_pas_prf_prs,olhepalha,oɬ.ep.ˈaɬ.a,auxiliary-form: 2nd optative passive perfect (present)
aux_2_opt_pas_prf_fut,olhepalho,oɬ.ep.ˈaɬ.o,auxiliary-form: 2nd optative passive perfect (future)
aux_2_opt_pas_nea_pst,olhepatle,oɬ.ep.ˈaƛ.e,auxiliary-form: 2nd optative passive near (past)
aux_2_opt_pas_nea_prs,olhepatla,oɬ.ep.ˈaƛ.a,auxiliary-form: 2nd optative passive near (present)
aux_2_opt_pas_nea_fut,olhepatlo,oɬ.ep.ˈaƛ.o,auxiliary-form: 2nd optative passive near (future)
aux_2_opt_pas_imm_pst,olhepake,oɬ.ep.ˈak.e,auxiliary-form: 2nd optative passive immediate (past)
aux_2_opt_pas_imm_prs,olhepaka,oɬ.ep.ˈak.a,auxiliary-form: 2nd optative passive immediate (present)
aux_2_opt_pas_imm_fut,olhepako,oɬ.ep.ˈak.o,auxiliary-form: 2nd optative passive immediate (future)
aux_2_opt_pas_hab_pst,olhepame,oɬ.ep.ˈam.e,auxiliary-form: 2nd optative passive habitual (past)
aux_2_opt_pas_hab_prs,olhepama,oɬ.ep.ˈam.a,auxiliary-form: 2nd optative passive habitual (present)
aux_2_opt_pas_hab_fut,olhepamo,oɬ.ep.ˈam.o,auxiliary-form: 2nd optative passive habitual (future)
aux_2_opt_pas_pro_pst,olhepase,oɬ.ep.ˈas.e,auxiliary-form: 2nd optative passive progressive (past)
aux_2_opt_pas_pro_prs,olhepasa,oɬ.ep.ˈas.a,auxiliary-form: 2nd optative passive progressive (present)
aux_2_opt_pas_pro_fut,olhepaso,oɬ.ep.ˈas.o,auxiliary-form: 2nd optative passive progressive (future)
aux_2_opt_pas_cnt_pst,olhepashe,oɬ.ep.ˈaʃ.e,auxiliary-form: 2nd optative passive continuous (past)
aux_2_opt_pas_cnt_prs,olhepasha,oɬ.ep.ˈaʃ.a,auxiliary-form: 2nd optative passive continuous (present)
aux_2_opt_pas_cnt_fut,olhepasho,oɬ.ep.ˈaʃ.o,auxiliary-form: 2nd optative passive continuous (future)
aux_2_opt_pas_itr_pst,olhepane,oɬ.ep.ˈan.e,auxiliary-form: 2nd optative passive iterative (past)
aux_2_opt_pas_itr_prs,olhepana,oɬ.ep.ˈan.a,auxiliary-form: 2nd optative passive iterative (present)
aux_2_opt_pas_itr_fut,olhepano,oɬ.ep.ˈan.o,auxiliary-form: 2nd optative passive iterative (future)
aux_2_opt_pas_inc_pst,olhepaye,oɬ.ep.ˈaj.e,auxiliary-form: 2nd optative passive inceptive (past)
aux_2_opt_pas_inc_prs,olhepaya,oɬ.ep.ˈaj.a,auxiliary-form: 2nd optative passive inceptive (present)
aux_2_opt_pas_inc_fut,olhepayo,oɬ.ep.ˈaj.o,auxiliary-form: 2nd optative passive inceptive (future)
aux_2_opt_pas_ces_pst,olhepape,oɬ.ep.ˈap.e,auxiliary-form: 2nd optative passive cessative (past)
aux_2_opt_pas_ces_prs,olhepapa,oɬ.ep.ˈap.a,auxiliary-form: 2nd optative passive cessative (present)
aux_2_opt_pas_ces_fut,olhepapo,oɬ.ep.ˈap.o,auxiliary-form: 2nd optative passive cessative (future)
aux_2_opt_pas_rem_pst,olhepahe,oɬ.ep.ˈah.e,auxiliary-form: 2nd optative passive remote (past)
aux_2_opt_pas_rem_prs,olhepaha,oɬ.ep.ˈah.a,auxiliary-form: 2nd optative passive remote (present)
aux_2_opt_pas_rem_fut,olhepaho,oɬ.ep.ˈah.o,auxiliary-form: 2nd optative passive remote (future)
aux_2_opt_mid_sim_pst,olhemofe,oɬ.em.ˈof.e,auxiliary-form: 2nd optative middle simple (past)
aux_2_opt_mid_sim_prs,olhemofa,oɬ.em.ˈof.a,auxiliary-form: 2nd optative middle simple (present)
aux_2_opt_mid_sim_fut,olhemofo,oɬ.em.ˈof.o,auxiliary-form: 2nd optative middle simple (future)
aux_2_opt_mid_ipf_pst,olhemothe,oɬ.em.ˈoθ.e,auxiliary-form: 2nd optative middle imperfective (past)
aux_2_opt_mid_ipf_prs,olhemotha,oɬ.em.ˈoθ.a,auxiliary-form: 2nd optative middle imperfective (present)
aux_2_opt_mid_ipf_fut,olhemotho,oɬ.em.ˈoθ.o,auxiliary-form: 2nd optative middle imperfective (future)
aux_2_opt_mid_prf_pst,olhemolhe,oɬ.em.ˈoɬ.e,auxiliary-form: 2nd optative middle perfect (past)
aux_2_opt_mid_prf_prs,olhemolha,oɬ.em.ˈoɬ.a,auxiliary-form: 2nd optative middle perfect (present)
aux_2_opt_mid_prf_fut,olhemolho,oɬ.em.ˈoɬ.o,auxiliary-form: 2nd optative middle perfect (future)
aux_2_opt_mid_nea_pst,olhemotle,oɬ.em.ˈoƛ.e,auxiliary-form: 2nd optative middle near (past)
aux_2_opt_mid_nea_prs,olhemotla,oɬ.em.ˈoƛ.a,auxiliary-form: 2nd optative middle near (present)
aux_2_opt_mid_nea_fut,olhemotlo,oɬ.em.ˈoƛ.o,auxiliary-form: 2nd optative middle near (future)
aux_2_opt_mid_imm_pst,olhemoke,oɬ.em.ˈok.e,auxiliary-form: 2nd optative middle immediate (past)
aux_2_opt_mid_imm_prs,olhemoka,oɬ.em.ˈok.a,auxiliary-form: 2nd optative middle immediate (present)
aux_2_opt_mid_imm_fut,olhemoko,oɬ.em.ˈok.o,auxiliary-form: 2nd optative middle immediate (future)
aux_2_opt_mid_hab_pst,olhemome,oɬ.em.ˈom.e,auxiliary-form: 2nd optative middle habitual (past)
aux_2_opt_mid_hab_prs,olhemoma,oɬ.em.ˈom.a,auxiliary-form: 2nd optative middle habitual (present)
aux_2_opt_mid_hab_fut,olhemomo,oɬ.em.ˈom.o,auxiliary-form: 2nd optative middle habitual (future)
aux_2_opt_mid_pro_pst,olhemose,oɬ.em.ˈos.e,auxiliary-form: 2nd optative middle progressive (past)
aux_2_opt_mid_pro_prs,olhemosa,oɬ.em.ˈos.a,auxiliary-form: 2nd optative middle progressive (present)
aux_2_opt_mid_pro_fut,olhemoso,oɬ.em.ˈos.o,auxiliary-form: 2nd optative middle progressive (future)
aux_2_opt_mid_cnt_pst,olhemoshe,oɬ.em.ˈoʃ.e,auxiliary-form: 2nd optative middle continuous (past)
aux_2_opt_mid_cnt_prs,olhemosha,oɬ.em.ˈoʃ.a,auxiliary-form: 2nd optative middle continuous (present)
aux_2_opt_mid_cnt_fut,olhemosho,oɬ.em.ˈoʃ.o,auxiliary-form: 2nd optative middle continuous (future)
aux_2_opt_mid_itr_pst,olhemone,oɬ.em.ˈon.e,auxiliary-form: 2nd optative middle iterative (past)
aux_2_opt_mid_itr_prs,olhemona,oɬ.em.ˈon.a,auxiliary-form: 2nd optative middle iterative (present)
aux_2_opt_mid_itr_fut,olhemono,oɬ.em.ˈon.o,auxiliary-form: 2nd optative middle iterative (future)
aux_2_opt_mid_inc_pst,olhemoye,oɬ.em.ˈoj.e,auxiliary-form: 2nd optative middle inceptive (past)
aux_2_opt_mid_inc_prs,olhemoya,oɬ.em.ˈoj.a,auxiliary-form: 2nd optative middle inceptive (present)
aux_2_opt_mid_inc_fut,olhemoyo,oɬ.em.ˈoj.o,auxiliary-form: 2nd optative middle inceptive (future)
aux_2_opt_mid_ces_pst,olhemope,oɬ.em.ˈop.e,auxiliary-form: 2nd optative middle cessative (past)
aux_2_opt_mid_ces_prs,olhemopa,oɬ.em.ˈop.a,auxiliary-form: 2nd optative middle cessative (present)
aux_2_opt_mid_ces_fut,olhemopo,oɬ.em.ˈop.o,auxiliary-form: 2nd optative middle cessative (future)
aux_2_opt_mid_rem_pst,olhemohe,oɬ.em.ˈoh.e,auxiliary-form: 2nd optative middle remote (past)
aux_2_opt_mid_rem_prs,olhemoha,oɬ.em.ˈoh.a,auxiliary-form: 2nd optative middle remote (present)
aux_2_opt_mid_rem_fut,olhemoho,oɬ.em.ˈoh.o,auxiliary-form: 2nd optative middle remote (future)
aux_2_opt_cau_sim_pst,olhekefe,oɬ.ek.ˈef.e,auxiliary-form: 2nd optative causative simple (past)
aux_2_opt_cau_sim_prs,olhekefa,oɬ.ek.ˈef.a,auxiliary-form: 2nd optative causative simple (present)
aux_2_opt_cau_sim_fut,olhekefo,oɬ.ek.ˈef.o,auxiliary-form: 2nd optative causative simple (future)
aux_2_opt_cau_ipf_pst,olhekethe,oɬ.ek.ˈeθ.e,auxiliary-form: 2nd optative causative imperfective (past)
aux_2_opt_cau_ipf_prs,olheketha,oɬ.ek.ˈeθ.a,auxiliary-form: 2nd optative causative imperfective (present)
aux_2_opt_cau_ipf_fut,olheketho,oɬ.ek.ˈeθ.o,auxiliary-form: 2nd optative causative imperfective (future)
aux_2_opt_cau_prf_pst,olhekelhe,oɬ.ek.ˈeɬ.e,auxiliary-form: 2nd optative causative perfect (past)
aux_2_opt_cau_prf_prs,olhekelha,oɬ.ek.ˈeɬ.a,auxiliary-form: 2nd optative causative perfect (present)
aux_2_opt_cau_prf_fut,olhekelho,oɬ.ek.ˈeɬ.o,auxiliary-form: 2nd optative causative perfect (future)
aux_2_opt_cau_nea_pst,olheketle,oɬ.ek.ˈeƛ.e,auxiliary-form: 2nd optative causative near (past)
aux_2_opt_cau_nea_prs,olheketla,oɬ.ek.ˈeƛ.a,auxiliary-form: 2nd optative causative near (present)
aux_2_opt_cau_nea_fut,olheketlo,oɬ.ek.ˈeƛ.o,auxiliary-form: 2nd optative causative near (future)
aux_2_opt_cau_imm_pst,olhekeke,oɬ.ek.ˈek.e,auxiliary-form: 2nd optative causative immediate (past)
aux_2_opt_cau_imm_prs,olhekeka,oɬ.ek.ˈek.a,auxiliary-form: 2nd optative causative immediate (present)
aux_2_opt_cau_imm_fut,olhekeko,oɬ.ek.ˈek.o,auxiliary-form: 2nd optative causative immediate (future)
aux_2_opt_cau_hab_pst,olhekeme,oɬ.ek.ˈem.e,auxiliary-form: 2nd optative causative habitual (past)
aux_2_opt_cau_hab_prs,olhekema,oɬ.ek.ˈem.a,auxiliary-form: 2nd optative causative habitual (present)
aux_2_opt_cau_hab_fut,olhekemo,oɬ.ek.ˈem.o,auxiliary-form: 2nd optative causative habitual (future)
aux_2_opt_cau_pro_pst,olhekese,oɬ.ek.ˈes.e,auxiliary-form: 2nd optative causative progressive (past)
aux_2_opt_cau_pro_prs,olhekesa,oɬ.ek.ˈes.a,auxiliary-form: 2nd optative causative progressive (present)
aux_2_opt_cau_pro_fut,olhekeso,oɬ.ek.ˈes.o,auxiliary-form: 2nd optative causative progressive (future)
aux_2_opt_cau_cnt_pst,olhekeshe,oɬ.ek.ˈeʃ.e,auxiliary-form: 2nd optative causative continuous (past)
aux_2_opt_cau_cnt_prs,olhekesha,oɬ.ek.ˈeʃ.a,auxiliary-form: 2nd optative causative continuous (present)
aux_2_opt_cau_cnt_fut,olhekesho,oɬ.ek.ˈeʃ.o,auxiliary-form: 2nd optative causative continuous (future)
aux_2_opt_cau_itr_pst,olhekene,oɬ.ek.ˈen.e,auxiliary-form: 2nd optative causative iterative (past)
aux_2_opt_cau_itr_prs,olhekena,oɬ.ek.ˈen.a,auxiliary-form: 2nd optative causative iterative (present)
aux_2_opt_cau_itr_fut,olhekeno,oɬ.ek.ˈen.o,auxiliary-form: 2nd optative causative iterative (future)
aux_2_opt_cau_inc_pst,olhekeye,oɬ.ek.ˈej.e,auxiliary-form: 2nd optative causative inceptive (past)
aux_2_opt_cau_inc_prs,olhekeya,oɬ.ek.ˈej.a,auxiliary-form: 2nd optative causative inceptive (present)
aux_2_opt_cau_inc_fut,olhekeyo,oɬ.ek.ˈej.o,auxiliary-form: 2nd optative causative inceptive (future)
aux_2_opt_cau_ces_pst,olhekepe,oɬ.ek.ˈep.e,auxiliary-form: 2nd optative causative cessative (past)
aux_2_opt_cau_ces_prs,olhekepa,oɬ.ek.ˈep.a,auxiliary-form: 2nd optative causative cessative (present)
aux_2_opt_cau_ces_fut,olhekepo,oɬ.ek.ˈep.o,auxiliary-form: 2nd optative causative cessative (future)
aux_2_opt_cau_rem_pst,olhekehe,oɬ.ek.ˈeh.e,auxiliary-form: 2nd optative causative remote (past)
aux_2_opt_cau_rem_prs,olhekeha,oɬ.ek.ˈeh.a,auxiliary-form: 2nd optative causative remote (present)
aux_2_opt_cau_rem_fut,olhekeho,oɬ.ek.ˈeh.o,auxiliary-form: 2nd optative causative remote (future)
aux_2_opt_rec_sim_pst,olherafe,oɬ.er.ˈaf.e,auxiliary-form: 2nd optative reciprocal simple (past)
aux_2_opt_rec_sim_prs,olherafa,oɬ.er.ˈaf.a,auxiliary-form: 2nd optative reciprocal simple (present)
aux_2_opt_rec_sim_fut,olherafo,oɬ.er.ˈaf.o,auxiliary-form: 2nd optative reciprocal simple (future)
aux_2_opt_rec_ipf_pst,olherathe,oɬ.er.ˈaθ.e,auxiliary-form: 2nd optative reciprocal imperfective (past)
aux_2_opt_rec_ipf_prs,olheratha,oɬ.er.ˈaθ.a,auxiliary-form: 2nd optative reciprocal imperfective (present)
aux_2_opt_rec_ipf_fut,olheratho,oɬ.er.ˈaθ.o,auxiliary-form: 2nd optative reciprocal imperfective (future)
aux_2_opt_rec_prf_pst,olheralhe,oɬ.er.ˈaɬ.e,auxiliary-form: 2nd optative reciprocal perfect (past)
aux_2_opt_rec_prf_prs,olheralha,oɬ.er.ˈaɬ.a,auxiliary-form: 2nd optative reciprocal perfect (present)
aux_2_opt_rec_prf_fut,olheralho,oɬ.er.ˈaɬ.o,auxiliary-form: 2nd optative reciprocal perfect (future)
aux_2_opt_rec_nea_pst,olheratle,oɬ.er.ˈaƛ.e,auxiliary-form: 2nd optative reciprocal near (past)
aux_2_opt_rec_nea_prs,olheratla,oɬ.er.ˈaƛ.a,auxiliary-form: 2nd optative reciprocal near (present)
aux_2_opt_rec_nea_fut,olheratlo,oɬ.er.ˈaƛ.o,auxiliary-form: 2nd optative reciprocal near (future)
aux_2_opt_rec_imm_pst,olherake,oɬ.er.ˈak.e,auxiliary-form: 2nd optative reciprocal immediate (past)
aux_2_opt_rec_imm_prs,olheraka,oɬ.er.ˈak.a,auxiliary-form: 2nd optative reciprocal immediate (present)
aux_2_opt_rec_imm_fut,olherako,oɬ.er.ˈak.o,auxiliary-form: 2nd optative reciprocal immediate (future)
aux_2_opt_rec_hab_pst,olherame,oɬ.er.ˈam.e,auxiliary-form: 2nd optative reciprocal habitual (past)
aux_2_opt_rec_hab_prs,olherama,oɬ.er.ˈam.a,auxiliary-form: 2nd optative reciprocal habitual (present)
aux_2_opt_rec_hab_fut,olheramo,oɬ.er.ˈam.o,auxiliary-form: 2nd optative reciprocal habitual (future)
aux_2_opt_rec_pro_pst,olherase,oɬ.er.ˈas.e,auxiliary-form: 2nd optative reciprocal progressive (past)
aux_2_opt_rec_pro_prs,olherasa,oɬ.er.ˈas.a,auxiliary-form: 2nd optative reciprocal progressive (present)
aux_2_opt_rec_pro_fut,olheraso,oɬ.er.ˈas.o,auxiliary-form: 2nd optative reciprocal progressive (future)
aux_2_opt_rec_cnt_pst,olherashe,oɬ.er.ˈaʃ.e,auxiliary-form: 2nd optative reciprocal continuous (past)
aux_2_opt_rec_cnt_prs,olherasha,oɬ.er.ˈaʃ.a,auxiliary-form: 2nd optative reciprocal continuous (present)
aux_2_opt_rec_cnt_fut,olherasho,oɬ.er.ˈaʃ.o,auxiliary-form: 2nd optative reciprocal continuous (future)
aux_2_opt_rec_itr_pst,olherane,oɬ.er.ˈan.e,auxiliary-form: 2nd optative reciprocal iterative (past)
aux_2_opt_rec_itr_prs,olherana,oɬ.er.ˈan.a,auxiliary-form: 2nd optative reciprocal iterative (present)
aux_2_opt_rec_itr_fut,olherano,oɬ.er.ˈan.o,auxiliary-form: 2nd optative reciprocal iterative (future)
aux_2_opt_rec_inc_pst,olheraye,oɬ.er.ˈaj.e,auxiliary-form: 2nd optative reciprocal inceptive (past)
aux_2_opt_rec_inc_prs,olheraya,oɬ.er.ˈaj.a,auxiliary-form: 2nd optative reciprocal inceptive (present)
aux_2_opt_rec_inc_fut,olherayo,oɬ.er.ˈaj.o,auxiliary-form: 2nd optative reciprocal inceptive (future)
aux_2_opt_rec_ces_pst,olherape,oɬ.er.ˈap.e,auxiliary-form: 2nd optative reciprocal cessative (past)
aux_2_opt_rec_ces_prs,olherapa,oɬ.er.ˈap.a,auxiliary-form: 2nd optative reciprocal cessative (present)
aux_2_opt_rec_ces_fut,olherapo,oɬ.er.ˈap.o,auxiliary-form: 2nd optative reciprocal cessative (future)
aux_2_opt_rec_rem_pst,olherahe,oɬ.er.ˈah.e,auxiliary-form: 2nd optative reciprocal remote (past)
aux_2_opt_rec_rem_prs,olheraha,oɬ.er.ˈah.a,auxiliary-form: 2nd optative reciprocal remote (present)
aux_2_opt_rec_rem_fut,olheraho,oɬ.er.ˈah.o,auxiliary-form: 2nd optative reciprocal remote (future)
aux_2_obl_sim_pst,otlofe,oƛ.ˈof.e,auxiliary-form: 2nd obligative simple (past)
aux_2_obl_sim_prs,otlofa,oƛ.ˈof.a,auxiliary-form: 2nd obligative simple (present)
aux_2_obl_sim_fut,otlofo,oƛ.ˈof.o,auxiliary-form: 2nd obligative simple (future)
aux_2_obl_ipf_pst,otlothe,oƛ.ˈoθ.e,auxiliary-form: 2nd obligative imperfective (past)
aux_2_obl_ipf_prs,otlotha,oƛ.ˈoθ.a,auxiliary-form: 2nd obligative imperfective (present)
aux_2_obl_ipf_fut,otlotho,oƛ.ˈoθ.o,auxiliary-form: 2nd obligative imperfective (future)
aux_2_obl_prf_pst,otlolhe,oƛ.ˈoɬ.e,auxiliary-form: 2nd obligative perfect (past)
aux_2_obl_prf_prs,otlolha,oƛ.ˈoɬ.a,auxiliary-form: 2nd obligative perfect (present)
aux_2_obl_prf_fut,otlolho,oƛ.ˈoɬ.o,auxiliary-form: 2nd obligative perfect (future)
aux_2_obl_nea_pst,otlotle,oƛ.ˈoƛ.e,auxiliary-form: 2nd obligative near (past)
aux_2_obl_nea_prs,otlotla,oƛ.ˈoƛ.a,auxiliary-form: 2nd obligative near (present)
aux_2_obl_nea_fut,otlotlo,oƛ.ˈoƛ.o,auxiliary-form: 2nd obligative near (future)
aux_2_obl_imm_pst,otloke,oƛ.ˈok.e,auxiliary-form: 2nd obligative immediate (past)
aux_2_obl_imm_prs,otloka,oƛ.ˈok.a,auxiliary-form: 2nd obligative immediate (present)
aux_2_obl_imm_fut,otloko,oƛ.ˈok.o,auxiliary-form: 2nd obligative immediate (future)
aux_2_obl_hab_pst,otlome,oƛ.ˈom.e,auxiliary-form: 2nd obligative habitual (past)
aux_2_obl_hab_prs,otloma,oƛ.ˈom.a,auxiliary-form: 2nd obligative habitual (present)
aux_2_obl_hab_fut,otlomo,oƛ.ˈom.o,auxiliary-form: 2nd obligative habitual (future)
aux_2_obl_pro_pst,otlose,oƛ.ˈos.e,auxiliary-form: 2nd obligative progressive (past)
aux_2_obl_pro_prs,otlosa,oƛ.ˈos.a,auxiliary-form: 2nd obligative progressive (present)
aux_2_obl_pro_fut,otloso,oƛ.ˈos.o,auxiliary-form: 2nd obligative progressive (future)
aux_2_obl_cnt_pst,otloshe,oƛ.ˈoʃ.e,auxiliary-form: 2nd obligative continuous (past)
aux_2_obl_cnt_prs,otlosha,oƛ.ˈoʃ.a,auxiliary-form: 2nd obligative continuous (present)
aux_2_obl_cnt_fut,otlosho,oƛ.ˈoʃ.o,auxiliary-form: 2nd obligative continuous (future)
aux_2_obl_itr_pst,otlone,oƛ.ˈon.e,auxiliary-form: 2nd obligative iterative (past)
aux_2_obl_itr_prs,otlona,oƛ.ˈon.a,auxiliary-form: 2nd obligative iterative (present)
aux_2_obl_itr_fut,otlono,oƛ.ˈon.o,auxiliary-form: 2nd obligative iterative (future)
aux_2_obl_inc_pst,otloye,oƛ.ˈoj.e,auxiliary-form: 2nd obligative inceptive (past)
aux_2_obl_inc_prs,otloya,oƛ.ˈoj.a,auxiliary-form: 2nd obligative inceptive (present)
aux_2_obl_inc_fut,otloyo,oƛ.ˈoj.o,auxiliary-form: 2nd obligative inceptive (future)
aux_2_obl_ces_pst,otlope,oƛ.ˈop.e,auxiliary-form: 2nd obligative cessative (past)
aux_2_obl_ces_prs,otlopa,oƛ.ˈop.a,auxiliary-form: 2nd obligative cessative (present)
aux_2_obl_ces_fut,otlopo,oƛ.ˈop.o,auxiliary-form: 2nd obligative cessative (future)
aux_2_obl_rem_pst,otlohe,oƛ.ˈoh.e,auxiliary-form: 2nd obligative remote (past)
aux_2_obl_rem_prs,otloha,oƛ.ˈoh.a,auxiliary-form: 2nd obligative remote (present)
aux_2_obl_rem_fut,otloho,oƛ.ˈoh.o,auxiliary-form: 2nd obligative remote (future)
aux_2_obl_ref_sim_pst,otlotefe,oƛ.ot.ˈef.e,auxiliary-form: 2nd obligative reflexive simple (past)
aux_2_obl_ref_sim_prs,otlotefa,oƛ.ot.ˈef.a,auxiliary-form: 2nd obligative reflexive simple (present)
aux_2_obl_ref_sim_fut,otlotefo,oƛ.ot.ˈef.o,auxiliary-form: 2nd obligative reflexive simple (future)
aux_2_obl_ref_ipf_pst,otlotethe,oƛ.ot.ˈeθ.e,auxiliary-form: 2nd obligative reflexive imperfective (past)
aux_2_obl_ref_ipf_prs,otlotetha,oƛ.ot.ˈeθ.a,auxiliary-form: 2nd obligative reflexive imperfective (present)
aux_2_obl_ref_ipf_fut,otlotetho,oƛ.ot.ˈeθ.o,auxiliary-form: 2nd obligative reflexive imperfective (future)
aux_2_obl_ref_prf_pst,otlotelhe,oƛ.ot.ˈeɬ.e,auxiliary-form: 2nd obligative reflexive perfect (past)
aux_2_obl_ref_prf_prs,otlotelha,oƛ.ot.ˈeɬ.a,auxiliary-form: 2nd obligative reflexive perfect (present)
aux_2_obl_ref_prf_fut,otlotelho,oƛ.ot.ˈeɬ.o,auxiliary-form: 2nd obligative reflexive perfect (future)
aux_2_obl_ref_nea_pst,otlotetle,oƛ.ot.ˈeƛ.e,auxiliary-form: 2nd obligative reflexive near (past)
aux_2_obl_ref_nea_prs,otlotetla,oƛ.ot.ˈeƛ.a,auxiliary-form: 2nd obligative reflexive near (present)
aux_2_obl_ref_nea_fut,otlotetlo,oƛ.ot.ˈeƛ.o,auxiliary-form: 2nd obligative reflexive near (future)
aux_2_obl_ref_imm_pst,otloteke,oƛ.ot.ˈek.e,auxiliary-form: 2nd obligative reflexive immediate (past)
aux_2_obl_ref_imm_prs,otloteka,oƛ.ot.ˈek.a,auxiliary-form: 2nd obligative reflexive immediate (present)
aux_2_obl_ref_imm_fut,otloteko,oƛ.ot.ˈek.o,auxiliary-form: 2nd obligative reflexive immediate (future)
aux_2_obl_ref_hab_pst,otloteme,oƛ.ot.ˈem.e,auxiliary-form: 2nd obligative reflexive habitual (past)
aux_2_obl_ref_hab_prs,otlotema,oƛ.ot.ˈem.a,auxiliary-form: 2nd obligative reflexive habitual (present)
aux_2_obl_ref_hab_fut,otlotemo,oƛ.ot.ˈem.o,auxiliary-form: 2nd obligative reflexive habitual (future)
aux_2_obl_ref_pro_pst,otlotese,oƛ.ot.ˈes.e,auxiliary-form: 2nd obligative reflexive progressive (past)
aux_2_obl_ref_pro_prs,otlotesa,oƛ.ot.ˈes.a,auxiliary-form: 2nd obligative reflexive progressive (present)
aux_2_obl_ref_pro_fut,otloteso,oƛ.ot.ˈes.o,auxiliary-form: 2nd obligative reflexive progressive (future)
aux_2_obl_ref_cnt_pst,otloteshe,oƛ.ot.ˈeʃ.e,auxiliary-form: 2nd obligative reflexive continuous (past)
aux_2_obl_ref_cnt_prs,otlotesha,oƛ.ot.ˈeʃ.a,auxiliary-form: 2nd obligative reflexive continuous (present)
aux_2_obl_ref_cnt_fut,otlotesho,oƛ.ot.ˈeʃ.o,auxiliary-form: 2nd obligative reflexive continuous (future)
aux_2_obl_ref_itr_pst,otlotene,oƛ.ot.ˈen.e,auxiliary-form: 2nd obligative reflexive iterative (past)
aux_2_obl_ref_itr_prs,otlotena,oƛ.ot.ˈen.a,auxiliary-form: 2nd obligative reflexive iterative (present)
aux_2_obl_ref_itr_fut,otloteno,oƛ.ot.ˈen.o,auxiliary-form: 2nd obligative reflexive iterative (future)
aux_2_obl_ref_inc_pst,otloteye,oƛ.ot.ˈej.e,auxiliary-form: 2nd obligative reflexive inceptive (past)
aux_2_obl_ref_inc_prs,otloteya,oƛ.ot.ˈej.a,auxiliary-form: 2nd obligative reflexive inceptive (present)
aux_2_obl_ref_inc_fut,otloteyo,oƛ.ot.ˈej.o,auxiliary-form: 2nd obligative reflexive inceptive (future)
aux_2_obl_ref_ces_pst,otlotepe,oƛ.ot.ˈep.e,auxiliary-form: 2nd obligative reflexive cessative (past)
aux_2_obl_ref_ces_prs,otlotepa,oƛ.ot.ˈep.a,auxiliary-form: 2nd obligative reflexive cessative (present)
aux_2_obl_ref_ces_fut,otlotepo,oƛ.ot.ˈep.o,auxiliary-form: 2nd obligative reflexive cessative (future)
aux_2_obl_ref_rem_pst,otlotehe,oƛ.ot.ˈeh.e,auxiliary-form: 2nd obligative reflexive remote (past)
aux_2_obl_ref_rem_prs,otloteha,oƛ.ot.ˈeh.a,auxiliary-form: 2nd obligative reflexive remote (present)
aux_2_obl_ref_rem_fut,otloteho,oƛ.ot.ˈeh.o,auxiliary-form: 2nd obligative reflexive remote (future)
aux_2_obl_pas_sim_pst,otlopafe,oƛ.op.ˈaf.e,auxiliary-form: 2nd obligative passive simple (past)
aux_2_obl_pas_sim_prs,otlopafa,oƛ.op.ˈaf.a,auxiliary-form: 2nd obligative passive simple (present)
aux_2_obl_pas_sim_fut,otlopafo,oƛ.op.ˈaf.o,auxiliary-form: 2nd obligative passive simple (future)
aux_2_obl_pas_ipf_pst,otlopathe,oƛ.op.ˈaθ.e,auxiliary-form: 2nd obligative passive imperfective (past)
aux_2_obl_pas_ipf_prs,otlopatha,oƛ.op.ˈaθ.a,auxiliary-form: 2nd obligative passive imperfective (present)
aux_2_obl_pas_ipf_fut,otlopatho,oƛ.op.ˈaθ.o,auxiliary-form: 2nd obligative passive imperfective (future)
aux_2_obl_pas_prf_pst,otlopalhe,oƛ.op.ˈaɬ.e,auxiliary-form: 2nd obligative passive perfect (past)
aux_2_obl_pas_prf_prs,otlopalha,oƛ.op.ˈaɬ.a,auxiliary-form: 2nd obligative passive perfect (present)
aux_2_obl_pas_prf_fut,otlopalho,oƛ.op.ˈaɬ.o,auxiliary-form: 2nd obligative passive perfect (future)
aux_2_obl_pas_nea_pst,otlopatle,oƛ.op.ˈaƛ.e,auxiliary-form: 2nd obligative passive near (past)
aux_2_obl_pas_nea_prs,otlopatla,oƛ.op.ˈaƛ.a,auxiliary-form: 2nd obligative passive near (present)
aux_2_obl_pas_nea_fut,otlopatlo,oƛ.op.ˈaƛ.o,auxiliary-form: 2nd obligative passive near (future)
aux_2_obl_pas_imm_pst,otlopake,oƛ.op.ˈak.e,auxiliary-form: 2nd obligative passive immediate (past)
aux_2_obl_pas_imm_prs,otlopaka,oƛ.op.ˈak.a,auxiliary-form: 2nd obligative passive immediate (present)
aux_2_obl_pas_imm_fut,otlopako,oƛ.op.ˈak.o,auxiliary-form: 2nd obligative passive immediate (future)
aux_2_obl_pas_hab_pst,otlopame,oƛ.op.ˈam.e,auxiliary-form: 2nd obligative passive habitual (past)
aux_2_obl_pas_hab_prs,otlopama,oƛ.op.ˈam.a,auxiliary-form: 2nd obligative passive habitual (present)
aux_2_obl_pas_hab_fut,otlopamo,oƛ.op.ˈam.o,auxiliary-form: 2nd obligative passive habitual (future)
aux_2_obl_pas_pro_pst,otlopase,oƛ.op.ˈas.e,auxiliary-form: 2nd obligative passive progressive (past)
aux_2_obl_pas_pro_prs,otlopasa,oƛ.op.ˈas.a,auxiliary-form: 2nd obligative passive progressive (present)
aux_2_obl_pas_pro_fut,otlopaso,oƛ.op.ˈas.o,auxiliary-form: 2nd obligative passive progressive (future)
aux_2_obl_pas_cnt_pst,otlopashe,oƛ.op.ˈaʃ.e,auxiliary-form: 2nd obligative passive continuous (past)
aux_2_obl_pas_cnt_prs,otlopasha,oƛ.op.ˈaʃ.a,auxiliary-form: 2nd obligative passive continuous (present)
aux_2_obl_pas_cnt_fut,otlopasho,oƛ.op.ˈaʃ.o,auxiliary-form: 2nd obligative passive continuous (future)
aux_2_obl_pas_itr_pst,otlopane,oƛ.op.ˈan.e,auxiliary-form: 2nd obligative passive iterative (past)
aux_2_obl_pas_itr_prs,otlopana,oƛ.op.ˈan.a,auxiliary-form: 2nd obligative passive iterative (present)
aux_2_obl_pas_itr_fut,otlopano,oƛ.op.ˈan.o,auxiliary-form: 2nd obligative passive iterative (future)
aux_2_obl_pas_inc_pst,otlopaye,oƛ.op.ˈaj.e,auxiliary-form: 2nd obligative passive inceptive (past)
aux_2_obl_pas_inc_prs,otlopaya,oƛ.op.ˈaj.a,auxiliary-form: 2nd obligative passive inceptive (present)
aux_2_obl_pas_inc_fut,otlopayo,oƛ.op.ˈaj.o,auxiliary-form: 2nd obligative passive inceptive (future)
aux_2_obl_pas_ces_pst,otlopape,oƛ.op.ˈap.e,auxiliary-form: 2nd obligative passive cessative (past)
aux_2_obl_pas_ces_prs,otlopapa,oƛ.op.ˈap.a,auxiliary-form: 2nd obligative passive cessative (present)
aux_2_obl_pas_ces_fut,otlopapo,oƛ.op.ˈap.o,auxiliary-form: 2nd obligative passive cessative (future)
aux_2_obl_pas_rem_pst,otlopahe,oƛ.op.ˈah.e,auxiliary-form: 2nd obligative passive remote (past)
aux_2_obl_pas_rem_prs,otlopaha,oƛ.op.ˈah.a,auxiliary-form: 2nd obligative passive remote (present)
aux_2_obl_pas_rem_fut,otlopaho,oƛ.op.ˈah.o,auxiliary-form: 2nd obligative passive remote (future)
aux_2_obl_mid_sim_pst,otlomofe,oƛ.om.ˈof.e,auxiliary-form: 2nd obligative middle simple (past)
aux_2_obl_mid_sim_prs,otlomofa,oƛ.om.ˈof.a,auxiliary-form: 2nd obligative middle simple (present)
aux_2_obl_mid_sim_fut,otlomofo,oƛ.om.ˈof.o,auxiliary-form: 2nd obligative middle simple (future)
aux_2_obl_mid_ipf_pst,otlomothe,oƛ.om.ˈoθ.e,auxiliary-form: 2nd obligative middle imperfective (past)
aux_2_obl_mid_ipf_prs,otlomotha,oƛ.om.ˈoθ.a,auxiliary-form: 2nd obligative middle imperfective (present)
aux_2_obl_mid_ipf_fut,otlomotho,oƛ.om.ˈoθ.o,auxiliary-form: 2nd obligative middle imperfective (future)
aux_2_obl_mid_prf_pst,otlomolhe,oƛ.om.ˈoɬ.e,auxiliary-form: 2nd obligative middle perfect (past)
aux_2_obl_mid_prf_prs,otlomolha,oƛ.om.ˈoɬ.a,auxiliary-form: 2nd obligative middle perfect (present)
aux_2_obl_mid_prf_fut,otlomolho,oƛ.om.ˈoɬ.o,auxiliary-form: 2nd obligative middle perfect (future)
aux_2_obl_mid_nea_pst,otlomotle,oƛ.om.ˈoƛ.e,auxiliary-form: 2nd obligative middle near (past)
aux_2_obl_mid_nea_prs,otlomotla,oƛ.om.ˈoƛ.a,auxiliary-form: 2nd obligative middle near (present)
aux_2_obl_mid_nea_fut,otlomotlo,oƛ.om.ˈoƛ.o,auxiliary-form: 2nd obligative middle near (future)
aux_2_obl_mid_imm_pst,otlomoke,oƛ.om.ˈok.e,auxiliary-form: 2nd obligative middle immediate (past)
aux_2_obl_mid_imm_prs,otlomoka,oƛ.om.ˈok.a,auxiliary-form: 2nd obligative middle immediate (present)
aux_2_obl_mid_imm_fut,otlomoko,oƛ.om.ˈok.o,auxiliary-form: 2nd obligative middle immediate (future)
aux_2_obl_mid_hab_pst,otlomome,oƛ.om.ˈom.e,auxiliary-form: 2nd obligative middle habitual (past)
aux_2_obl_mid_hab_prs,otlomoma,oƛ.om.ˈom.a,auxiliary-form: 2nd obligative middle habitual (present)
aux_2_obl_mid_hab_fut,otlomomo,oƛ.om.ˈom.o,auxiliary-form: 2nd obligative middle habitual (future)
aux_2_obl_mid_pro_pst,otlomose,oƛ.om.ˈos.e,auxiliary-form: 2nd obligative middle progressive (past)
aux_2_obl_mid_pro_prs,otlomosa,oƛ.om.ˈos.a,auxiliary-form: 2nd obligative middle progressive (present)
aux_2_obl_mid_pro_fut,otlomoso,oƛ.om.ˈos.o,auxiliary-form: 2nd obligative middle progressive (future)
aux_2_obl_mid_cnt_pst,otlomoshe,oƛ.om.ˈoʃ.e,auxiliary-form: 2nd obligative middle continuous (past)
aux_2_obl_mid_cnt_prs,otlomosha,oƛ.om.ˈoʃ.a,auxiliary-form: 2nd obligative middle continuous (present)
aux_2_obl_mid_cnt_fut,otlomosho,oƛ.om.ˈoʃ.o,auxiliary-form: 2nd obligative middle continuous (future)
aux_2_obl_mid_itr_pst,otlomone,oƛ.om.ˈon.e,auxiliary-form: 2nd obligative middle iterative (past)
aux_2_obl_mid_itr_prs,otlomona,oƛ.om.ˈon.a,auxiliary-form: 2nd obligative middle iterative (present)
aux_2_obl_mid_itr_fut,otlomono,oƛ.om.ˈon.o,auxiliary-form: 2nd obligative middle iterative (future)
aux_2_obl_mid_inc_pst,otlomoye,oƛ.om.ˈoj.e,auxiliary-form: 2nd obligative middle inceptive (past)
aux_2_obl_mid_inc_prs,otlomoya,oƛ.om.ˈoj.a,auxiliary-form: 2nd obligative middle inceptive (present)
aux_2_obl_mid_inc_fut,otlomoyo,oƛ.om.ˈoj.o,auxiliary-form: 2nd obligative middle inceptive (future)
aux_2_obl_mid_ces_pst,otlomope,oƛ.om.ˈop.e,auxiliary-form: 2nd obligative middle cessative (past)
aux_2_obl_mid_ces_prs,otlomopa,oƛ.om.ˈop.a,auxiliary-form: 2nd obligative middle cessative (present)
aux_2_obl_mid_ces_fut,otlomopo,oƛ.om.ˈop.o,auxiliary-form: 2nd obligative middle cessative (future)
aux_2_obl_mid_rem_pst,otlomohe,oƛ.om.ˈoh.e,auxiliary-form: 2nd obligative middle remote (past)
aux_2_obl_mid_rem_prs,otlomoha,oƛ.om.ˈoh.a,auxiliary-form: 2nd obligative middle remote (present)
aux_2_obl_mid_rem_fut,otlomoho,oƛ.om.ˈoh.o,auxiliary-form: 2nd obligative middle remote (future)
aux_2_obl_cau_sim_pst,otlokefe,oƛ.ok.ˈef.e,auxiliary-form: 2nd obligative causative simple (past)
aux_2_obl_cau_sim_prs,otlokefa,oƛ.ok.ˈef.a,auxiliary-form: 2nd obligative causative simple (present)
aux_2_obl_cau_sim_fut,otlokefo,oƛ.ok.ˈef.o,auxiliary-form: 2nd obligative causative simple (future)
aux_2_obl_cau_ipf_pst,otlokethe,oƛ.ok.ˈeθ.e,auxiliary-form: 2nd obligative causative imperfective (past)
aux_2_obl_cau_ipf_prs,otloketha,oƛ.ok.ˈeθ.a,auxiliary-form: 2nd obligative causative imperfective (present)
aux_2_obl_cau_ipf_fut,otloketho,oƛ.ok.ˈeθ.o,auxiliary-form: 2nd obligative causative imperfective (future)
aux_2_obl_cau_prf_pst,otlokelhe,oƛ.ok.ˈeɬ.e,auxiliary-form: 2nd obligative causative perfect (past)
aux_2_obl_cau_prf_prs,otlokelha,oƛ.ok.ˈeɬ.a,auxiliary-form: 2nd obligative causative perfect (present)
aux_2_obl_cau_prf_fut,otlokelho,oƛ.ok.ˈeɬ.o,auxiliary-form: 2nd obligative causative perfect (future)
aux_2_obl_cau_nea_pst,otloketle,oƛ.ok.ˈeƛ.e,auxiliary-form: 2nd obligative causative near (past)
aux_2_obl_cau_nea_prs,otloketla,oƛ.ok.ˈeƛ.a,auxiliary-form: 2nd obligative causative near (present)
aux_2_obl_cau_nea_fut,otloketlo,oƛ.ok.ˈeƛ.o,auxiliary-form: 2nd obligative causative near (future)
aux_2_obl_cau_imm_pst,otlokeke,oƛ.ok.ˈek.e,auxiliary-form: 2nd obligative causative immediate (past)
aux_2_obl_cau_imm_prs,otlokeka,oƛ.ok.ˈek.a,auxiliary-form: 2nd obligative causative immediate (present)
aux_2_obl_cau_imm_fut,otlokeko,oƛ.ok.ˈek.o,auxiliary-form: 2nd obligative causative immediate (future)
aux_2_obl_cau_hab_pst,otlokeme,oƛ.ok.ˈem.e,auxiliary-form: 2nd obligative causative habitual (past)
aux_2_obl_cau_hab_prs,otlokema,oƛ.ok.ˈem.a,auxiliary-form: 2nd obligative causative habitual (present)
aux_2_obl_cau_hab_fut,otlokemo,oƛ.ok.ˈem.o,auxiliary-form: 2nd obligative causative habitual (future)
aux_2_obl_cau_pro_pst,otlokese,oƛ.ok.ˈes.e,auxiliary-form: 2nd obligative causative progressive (past)
aux_2_obl_cau_pro_prs,otlokesa,oƛ.ok.ˈes.a,auxiliary-form: 2nd obligative causative progressive (present)
aux_2_obl_cau_pro_fut,otlokeso,oƛ.ok.ˈes.o,auxiliary-form: 2nd obligative causative progressive (future)
aux_2_obl_cau_cnt_pst,otlokeshe,oƛ.ok.ˈeʃ.e,auxiliary-form: 2nd obligative causative continuous (past)
aux_2_obl_cau_cnt_prs,otlokesha,oƛ.ok.ˈeʃ.a,auxiliary-form: 2nd obligative causative continuous (present)
aux_2_obl_cau_cnt_fut,otlokesho,oƛ.ok.ˈeʃ.o,auxiliary-form: 2nd obligative causative continuous (future)
aux_2_obl_cau_itr_pst,otlokene,oƛ.ok.ˈen.e,auxiliary-form: 2nd obligative causative iterative (past)
aux_2_obl_cau_itr_prs,otlokena,oƛ.ok.ˈen.a,auxiliary-form: 2nd obligative causative iterative (present)
aux_2_obl_cau_itr_fut,otlokeno,oƛ.ok.ˈen.o,auxiliary-form: 2nd obligative causative iterative (future)
aux_2_obl_cau_inc_pst,otlokeye,oƛ.ok.ˈej.e,auxiliary-form: 2nd obligative causative inceptive (past)
aux_2_obl_cau_inc_prs,otlokeya,oƛ.ok.ˈej.a,auxiliary-form: 2nd obligative causative inceptive (present)
aux_2_obl_cau_inc_fut,otlokeyo,oƛ.ok.ˈej.o,auxiliary-form: 2nd obligative causative inceptive (future)
aux_2_obl_cau_ces_pst,otlokepe,oƛ.ok.ˈep.e,auxiliary-form: 2nd obligative causative cessative (past)
aux_2_obl_cau_ces_prs,otlokepa,oƛ.ok.ˈep.a,auxiliary-form: 2nd obligative causative cessative (present)
aux_2_obl_cau_ces_fut,otlokepo,oƛ.ok.ˈep.o,auxiliary-form: 2nd obligative causative cessative (future)
aux_2_obl_cau_rem_pst,otlokehe,oƛ.ok.ˈeh.e,auxiliary-form: 2nd obligative causative remote (past)
aux_2_obl_cau_rem_prs,otlokeha,oƛ.ok.ˈeh.a,auxiliary-form: 2nd obligative causative remote (present)
aux_2_obl_cau_rem_fut,otlokeho,oƛ.ok.ˈeh.o,auxiliary-form: 2nd obligative causative remote (future)
aux_2_obl_rec_sim_pst,otlorafe,oƛ.or.ˈaf.e,auxiliary-form: 2nd obligative reciprocal simple (past)
aux_2_obl_rec_sim_prs,otlorafa,oƛ.or.ˈaf.a,auxiliary-form: 2nd obligative reciprocal simple (present)
aux_2_obl_rec_sim_fut,otlorafo,oƛ.or.ˈaf.o,auxiliary-form: 2nd obligative reciprocal simple (future)
aux_2_obl_rec_ipf_pst,otlorathe,oƛ.or.ˈaθ.e,auxiliary-form: 2nd obligative reciprocal imperfective (past)
aux_2_obl_rec_ipf_prs,otloratha,oƛ.or.ˈaθ.a,auxiliary-form: 2nd obligative reciprocal imperfective (present)
aux_2_obl_rec_ipf_fut,otloratho,oƛ.or.ˈaθ.o,auxiliary-form: 2nd obligative reciprocal imperfective (future)
aux_2_obl_rec_prf_pst,otloralhe,oƛ.or.ˈaɬ.e,auxiliary-form: 2nd obligative reciprocal perfect (past)
aux_2_obl_rec_prf_prs,otloralha,oƛ.or.ˈaɬ.a,auxiliary-form: 2nd obligative reciprocal perfect (present)
aux_2_obl_rec_prf_fut,otloralho,oƛ.or.ˈaɬ.o,auxiliary-form: 2nd obligative reciprocal perfect (future)
aux_2_obl_rec_nea_pst,otloratle,oƛ.or.ˈaƛ.e,auxiliary-form: 2nd obligative reciprocal near (past)
aux_2_obl_rec_nea_prs,otloratla,oƛ.or.ˈaƛ.a,auxiliary-form: 2nd obligative reciprocal near (present)
aux_2_obl_rec_nea_fut,otloratlo,oƛ.or.ˈaƛ.o,auxiliary-form: 2nd obligative reciprocal near (future)
aux_2_obl_rec_imm_pst,otlorake,oƛ.or.ˈak.e,auxiliary-form: 2nd obligative reciprocal immediate (past)
aux_2_obl_rec_imm_prs,otloraka,oƛ.or.ˈak.a,auxiliary-form: 2nd obligative reciprocal immediate (present)
aux_2_obl_rec_imm_fut,otlorako,oƛ.or.ˈak.o,auxiliary-form: 2nd obligative reciprocal immediate (future)
aux_2_obl_rec_hab_pst,otlorame,oƛ.or.ˈam.e,auxiliary-form: 2nd obligative reciprocal habitual (past)
aux_2_obl_rec_hab_prs,otlorama,oƛ.or.ˈam.a,auxiliary-form: 2nd obligative reciprocal habitual (present)
aux_2_obl_rec_hab_fut,otloramo,oƛ.or.ˈam.o,auxiliary-form: 2nd obligative reciprocal habitual (future)
aux_2_obl_rec_pro_pst,otlorase,oƛ.or.ˈas.e,auxiliary-form: 2nd obligative reciprocal progressive (past)
aux_2_obl_rec_pro_prs,otlorasa,oƛ.or.ˈas.a,auxiliary-form: 2nd obligative reciprocal progressive (present)
aux_2_obl_rec_pro_fut,otloraso,oƛ.or.ˈas.o,auxiliary-form: 2nd obligative reciprocal progressive (future)
aux_2_obl_rec_cnt_pst,otlorashe,oƛ.or.ˈaʃ.e,auxiliary-form: 2nd obligative reciprocal continuous (past)
aux_2_obl_rec_cnt_prs,otlorasha,oƛ.or.ˈaʃ.a,auxiliary-form: 2nd obligative reciprocal continuous (present)
aux_2_obl_rec_cnt_fut,otlorasho,oƛ.or.ˈaʃ.o,auxiliary-form: 2nd obligative reciprocal continuous (future)
aux_2_obl_rec_itr_pst,otlorane,oƛ.or.ˈan.e,auxiliary-form: 2nd obligative reciprocal iterative (past)
aux_2_obl_rec_itr_prs,otlorana,oƛ.or.ˈan.a,auxiliary-form: 2nd obligative reciprocal iterative (present)
aux_2_obl_rec_itr_fut,otlorano,oƛ.or.ˈan.o,auxiliary-form: 2nd obligative reciprocal iterative (future)
aux_2_obl_rec_inc_pst,otloraye,oƛ.or.ˈaj.e,auxiliary-form: 2nd obligative reciprocal inceptive (past)
aux_2_obl_rec_inc_prs,otloraya,oƛ.or.ˈaj.a,auxiliary-form: 2nd obligative reciprocal inceptive (present)
aux_2_obl_rec_inc_fut,otlorayo,oƛ.or.ˈaj.o,auxiliary-form: 2nd obligative reciprocal inceptive (future)
aux_2_obl_rec_ces_pst,otlorape,oƛ.or.ˈap.e,auxiliary-form: 2nd obligative reciprocal cessative (past)
aux_2_obl_rec_ces_prs,otlorapa,oƛ.or.ˈap.a,auxiliary-form: 2nd obligative reciprocal cessative (present)
aux_2_obl_rec_ces_fut,otlorapo,oƛ.or.ˈap.o,auxiliary-form: 2nd obligative reciprocal cessative (future)
aux_2_obl_rec_rem_pst,otlorahe,oƛ.or.ˈah.e,auxiliary-form: 2nd obligative reciprocal remote (past)
aux_2_obl_rec_rem_prs,otloraha,oƛ.or.ˈah.a,auxiliary-form: 2nd obligative reciprocal remote (present)
aux_2_obl_rec_rem_fut,otloraho,oƛ.or.ˈah.o,auxiliary-form: 2nd obligative reciprocal remote (future)
aux_2_pot_sim_pst,oshofe,oʃ.ˈof.e,auxiliary-form: 2nd potential simple (past)
aux_2_pot_sim_prs,oshofa,oʃ.ˈof.a,auxiliary-form: 2nd potential simple (present)
aux_2_pot_sim_fut,oshofo,oʃ.ˈof.o,auxiliary-form: 2nd potential simple (future)
aux_2_pot_ipf_pst,oshothe,oʃ.ˈoθ.e,auxiliary-form: 2nd potential imperfective (past)
aux_2_pot_ipf_prs,oshotha,oʃ.ˈoθ.a,auxiliary-form: 2nd potential imperfective (present)
aux_2_pot_ipf_fut,oshotho,oʃ.ˈoθ.o,auxiliary-form: 2nd potential imperfective (future)
aux_2_pot_prf_pst,osholhe,oʃ.ˈoɬ.e,auxiliary-form: 2nd potential perfect (past)
aux_2_pot_prf_prs,osholha,oʃ.ˈoɬ.a,auxiliary-form: 2nd potential perfect (present)
aux_2_pot_prf_fut,osholho,oʃ.ˈoɬ.o,auxiliary-form: 2nd potential perfect (future)
aux_2_pot_nea_pst,oshotle,oʃ.ˈoƛ.e,auxiliary-form: 2nd potential near (past)
aux_2_pot_nea_prs,oshotla,oʃ.ˈoƛ.a,auxiliary-form: 2nd potential near (present)
aux_2_pot_nea_fut,oshotlo,oʃ.ˈoƛ.o,auxiliary-form: 2nd potential near (future)
aux_2_pot_imm_pst,oshoke,oʃ.ˈok.e,auxiliary-form: 2nd potential immediate (past)
aux_2_pot_imm_prs,oshoka,oʃ.ˈok.a,auxiliary-form: 2nd potential immediate (present)
aux_2_pot_imm_fut,oshoko,oʃ.ˈok.o,auxiliary-form: 2nd potential immediate (future)
aux_2_pot_hab_pst,oshome,oʃ.ˈom.e,auxiliary-form: 2nd potential habitual (past)
aux_2_pot_hab_prs,oshoma,oʃ.ˈom.a,auxiliary-form: 2nd potential habitual (present)
aux_2_pot_hab_fut,oshomo,oʃ.ˈom.o,auxiliary-form: 2nd potential habitual (future)
aux_2_pot_pro_pst,oshose,oʃ.ˈos.e,auxiliary-form: 2nd potential progressive (past)
aux_2_pot_pro_prs,oshosa,oʃ.ˈos.a,auxiliary-form: 2nd potential progressive (present)
aux_2_pot_pro_fut,oshoso,oʃ.ˈos.o,auxiliary-form: 2nd potential progressive (future)
aux_2_pot_cnt_pst,oshoshe,oʃ.ˈoʃ.e,auxiliary-form: 2nd potential continuous (past)
aux_2_pot_cnt_prs,oshosha,oʃ.ˈoʃ.a,auxiliary-form: 2nd potential continuous (present)
aux_2_pot_cnt_fut,oshosho,oʃ.ˈoʃ.o,auxiliary-form: 2nd potential continuous (future)
aux_2_pot_itr_pst,oshone,oʃ.ˈon.e,auxiliary-form: 2nd potential iterative (past)
aux_2_pot_itr_prs,oshona,oʃ.ˈon.a,auxiliary-form: 2nd potential iterative (present)
aux_2_pot_itr_fut,oshono,oʃ.ˈon.o,auxiliary-form: 2nd potential iterative (future)
aux_2_pot_inc_pst,oshoye,oʃ.ˈoj.e,auxiliary-form: 2nd potential inceptive (past)
aux_2_pot_inc_prs,oshoya,oʃ.ˈoj.a,auxiliary-form: 2nd potential inceptive (present)
aux_2_pot_inc_fut,oshoyo,oʃ.ˈoj.o,auxiliary-form: 2nd potential inceptive (future)
aux_2_pot_ces_pst,oshope,oʃ.ˈop.e,auxiliary-form: 2nd potential cessative (past)
aux_2_pot_ces_prs,oshopa,oʃ.ˈop.a,auxiliary-form: 2nd potential cessative (present)
aux_2_pot_ces_fut,oshopo,oʃ.ˈop.o,auxiliary-form: 2nd potential cessative (future)
aux_2_pot_rem_pst,oshohe,oʃ.ˈoh.e,auxiliary-form: 2nd potential remote (past)
aux_2_pot_rem_prs,oshoha,oʃ.ˈoh.a,auxiliary-form: 2nd potential remote (present)
aux_2_pot_rem_fut,oshoho,oʃ.ˈoh.o,auxiliary-form: 2nd potential remote (future)
aux_2_pot_ref_sim_pst,oshotefe,oʃ.ot.ˈef.e,auxiliary-form: 2nd potential reflexive simple (past)
aux_2_pot_ref_sim_prs,oshotefa,oʃ.ot.ˈef.a,auxiliary-form: 2nd potential reflexive simple (present)
aux_2_pot_ref_sim_fut,oshotefo,oʃ.ot.ˈef.o,auxiliary-form: 2nd potential reflexive simple (future)
aux_2_pot_ref_ipf_pst,oshotethe,oʃ.ot.ˈeθ.e,auxiliary-form: 2nd potential reflexive imperfective (past)
aux_2_pot_ref_ipf_prs,oshotetha,oʃ.ot.ˈeθ.a,auxiliary-form: 2nd potential reflexive imperfective (present)
aux_2_pot_ref_ipf_fut,oshotetho,oʃ.ot.ˈeθ.o,auxiliary-form: 2nd potential reflexive imperfective (future)
aux_2_pot_ref_prf_pst,oshotelhe,oʃ.ot.ˈeɬ.e,auxiliary-form: 2nd potential reflexive perfect (past)
aux_2_pot_ref_prf_prs,oshotelha,oʃ.ot.ˈeɬ.a,auxiliary-form: 2nd potential reflexive perfect (present)
aux_2_pot_ref_prf_fut,oshotelho,oʃ.ot.ˈeɬ.o,auxiliary-form: 2nd potential reflexive perfect (future)
aux_2_pot_ref_nea_pst,oshotetle,oʃ.ot.ˈeƛ.e,auxiliary-form: 2nd potential reflexive near (past)
aux_2_pot_ref_nea_prs,oshotetla,oʃ.ot.ˈeƛ.a,auxiliary-form: 2nd potential reflexive near (present)
aux_2_pot_ref_nea_fut,oshotetlo,oʃ.ot.ˈeƛ.o,auxiliary-form: 2nd potential reflexive near (future)
aux_2_pot_ref_imm_pst,oshoteke,oʃ.ot.ˈek.e,auxiliary-form: 2nd potential reflexive immediate (past)
aux_2_pot_ref_imm_prs,oshoteka,oʃ.ot.ˈek.a,auxiliary-form: 2nd potential reflexive immediate (present)
aux_2_pot_ref_imm_fut,oshoteko,oʃ.ot.ˈek.o,auxiliary-form: 2nd potential reflexive immediate (future)
aux_2_pot_ref_hab_pst,oshoteme,oʃ.ot.ˈem.e,auxiliary-form: 2nd potential reflexive habitual (past)
aux_2_pot_ref_hab_prs,oshotema,oʃ.ot.ˈem.a,auxiliary-form: 2nd potential reflexive habitual (present)
aux_2_pot_ref_hab_fut,oshotemo,oʃ.ot.ˈem.o,auxiliary-form: 2nd potential reflexive habitual (future)
aux_2_pot_ref_pro_pst,oshotese,oʃ.ot.ˈes.e,auxiliary-form: 2nd potential reflexive progressive (past)
aux_2_pot_ref_pro_prs,oshotesa,oʃ.ot.ˈes.a,auxiliary-form: 2nd potential reflexive progressive (present)
aux_2_pot_ref_pro_fut,oshoteso,oʃ.ot.ˈes.o,auxiliary-form: 2nd potential reflexive progressive (future)
aux_2_pot_ref_cnt_pst,oshoteshe,oʃ.ot.ˈeʃ.e,auxiliary-form: 2nd potential reflexive continuous (past)
aux_2_pot_ref_cnt_prs,oshotesha,oʃ.ot.ˈeʃ.a,auxiliary-form: 2nd potential reflexive continuous (present)
aux_2_pot_ref_cnt_fut,oshotesho,oʃ.ot.ˈeʃ.o,auxiliary-form: 2nd potential reflexive continuous (future)
aux_2_pot_ref_itr_pst,oshotene,oʃ.ot.ˈen.e,auxiliary-form: 2nd potential reflexive iterative (past)
aux_2_pot_ref_itr_prs,oshotena,oʃ.ot.ˈen.a,auxiliary-form: 2nd potential reflexive iterative (present)
aux_2_pot_ref_itr_fut,oshoteno,oʃ.ot.ˈen.o,auxiliary-form: 2nd potential reflexive iterative (future)
aux_2_pot_ref_inc_pst,oshoteye,oʃ.ot.ˈej.e,auxiliary-form: 2nd potential reflexive inceptive (past)
aux_2_pot_ref_inc_prs,oshoteya,oʃ.ot.ˈej.a,auxiliary-form: 2nd potential reflexive inceptive (present)
aux_2_pot_ref_inc_fut,oshoteyo,oʃ.ot.ˈej.o,auxiliary-form: 2nd potential reflexive inceptive (future)
aux_2_pot_ref_ces_pst,oshotepe,oʃ.ot.ˈep.e,auxiliary-form: 2nd potential reflexive cessative (past)
aux_2_pot_ref_ces_prs,oshotepa,oʃ.ot.ˈep.a,auxiliary-form: 2nd potential reflexive cessative (present)
aux_2_pot_ref_ces_fut,oshotepo,oʃ.ot.ˈep.o,auxiliary-form: 2nd potential reflexive cessative (future)
aux_2_pot_ref_rem_pst,oshotehe,oʃ.ot.ˈeh.e,auxiliary-form: 2nd potential reflexive remote (past)
aux_2_pot_ref_rem_prs,oshoteha,oʃ.ot.ˈeh.a,auxiliary-form: 2nd potential reflexive remote (present)
aux_2_pot_ref_rem_fut,oshoteho,oʃ.ot.ˈeh.o,auxiliary-form: 2nd potential reflexive remote (future)
aux_2_pot_pas_sim_pst,oshopafe,oʃ.op.ˈaf.e,auxiliary-form: 2nd potential passive simple (past)
aux_2_pot_pas_sim_prs,oshopafa,oʃ.op.ˈaf.a,auxiliary-form: 2nd potential passive simple (present)
aux_2_pot_pas_sim_fut,oshopafo,oʃ.op.ˈaf.o,auxiliary-form: 2nd potential passive simple (future)
aux_2_pot_pas_ipf_pst,oshopathe,oʃ.op.ˈaθ.e,auxiliary-form: 2nd potential passive imperfective (past)
aux_2_pot_pas_ipf_prs,oshopatha,oʃ.op.ˈaθ.a,auxiliary-form: 2nd potential passive imperfective (present)
aux_2_pot_pas_ipf_fut,oshopatho,oʃ.op.ˈaθ.o,auxiliary-form: 2nd potential passive imperfective (future)
aux_2_pot_pas_prf_pst,oshopalhe,oʃ.op.ˈaɬ.e,auxiliary-form: 2nd potential passive perfect (past)
aux_2_pot_pas_prf_prs,oshopalha,oʃ.op.ˈaɬ.a,auxiliary-form: 2nd potential passive perfect (present)
aux_2_pot_pas_prf_fut,oshopalho,oʃ.op.ˈaɬ.o,auxiliary-form: 2nd potential passive perfect (future)
aux_2_pot_pas_nea_pst,oshopatle,oʃ.op.ˈaƛ.e,auxiliary-form: 2nd potential passive near (past)
aux_2_pot_pas_nea_prs,oshopatla,oʃ.op.ˈaƛ.a,auxiliary-form: 2nd potential passive near (present)
aux_2_pot_pas_nea_fut,oshopatlo,oʃ.op.ˈaƛ.o,auxiliary-form: 2nd potential passive near (future)
aux_2_pot_pas_imm_pst,oshopake,oʃ.op.ˈak.e,auxiliary-form: 2nd potential passive immediate (past)
aux_2_pot_pas_imm_prs,oshopaka,oʃ.op.ˈak.a,auxiliary-form: 2nd potential passive immediate (present)
aux_2_pot_pas_imm_fut,oshopako,oʃ.op.ˈak.o,auxiliary-form: 2nd potential passive immediate (future)
aux_2_pot_pas_hab_pst,oshopame,oʃ.op.ˈam.e,auxiliary-form: 2nd potential passive habitual (past)
aux_2_pot_pas_hab_prs,oshopama,oʃ.op.ˈam.a,auxiliary-form: 2nd potential passive habitual (present)
aux_2_pot_pas_hab_fut,oshopamo,oʃ.op.ˈam.o,auxiliary-form: 2nd potential passive habitual (future)
aux_2_pot_pas_pro_pst,oshopase,oʃ.op.ˈas.e,auxiliary-form: 2nd potential passive progressive (past)
aux_2_pot_pas_pro_prs,oshopasa,oʃ.op.ˈas.a,auxiliary-form: 2nd potential passive progressive (present)
aux_2_pot_pas_pro_fut,oshopaso,oʃ.op.ˈas.o,auxiliary-form: 2nd potential passive progressive (future)
aux_2_pot_pas_cnt_pst,oshopashe,oʃ.op.ˈaʃ.e,auxiliary-form: 2nd potential passive continuous (past)
aux_2_pot_pas_cnt_prs,oshopasha,oʃ.op.ˈaʃ.a,auxiliary-form: 2nd potential passive continuous (present)
aux_2_pot_pas_cnt_fut,oshopasho,oʃ.op.ˈaʃ.o,auxiliary-form: 2nd potential passive continuous (future)
aux_2_pot_pas_itr_pst,oshopane,oʃ.op.ˈan.e,auxiliary-form: 2nd potential passive iterative (past)
aux_2_pot_pas_itr_prs,oshopana,oʃ.op.ˈan.a,auxiliary-form: 2nd potential passive iterative (present)
aux_2_pot_pas_itr_fut,oshopano,oʃ.op.ˈan.o,auxiliary-form: 2nd potential passive iterative (future)
aux_2_pot_pas_inc_pst,oshopaye,oʃ.op.ˈaj.e,auxiliary-form: 2nd potential passive inceptive (past)
aux_2_pot_pas_inc_prs,oshopaya,oʃ.op.ˈaj.a,auxiliary-form: 2nd potential passive inceptive (present)
aux_2_pot_pas_inc_fut,oshopayo,oʃ.op.ˈaj.o,auxiliary-form: 2nd potential passive inceptive (future)
aux_2_pot_pas_ces_pst,oshopape,oʃ.op.ˈap.e,auxiliary-form: 2nd potential passive cessative (past)
aux_2_pot_pas_ces_prs,oshopapa,oʃ.op.ˈap.a,auxiliary-form: 2nd potential passive cessative (present)
aux_2_pot_pas_ces_fut,oshopapo,oʃ.op.ˈap.o,auxiliary-form: 2nd potential passive cessative (future)
aux_2_pot_pas_rem_pst,oshopahe,oʃ.op.ˈah.e,auxiliary-form: 2nd potential passive remote (past)
aux_2_pot_pas_rem_prs,oshopaha,oʃ.op.ˈah.a,auxiliary-form: 2nd potential passive remote (present)
aux_2_pot_pas_rem_fut,oshopaho,oʃ.op.ˈah.o,auxiliary-form: 2nd potential passive remote (future)
aux_2_pot_mid_sim_pst,oshomofe,oʃ.om.ˈof.e,auxiliary-form: 2nd potential middle simple (past)
aux_2_pot_mid_sim_prs,oshomofa,oʃ.om.ˈof.a,auxiliary-form: 2nd potential middle simple (present)
aux_2_pot_mid_sim_fut,oshomofo,oʃ.om.ˈof.o,auxiliary-form: 2nd potential middle simple (future)
aux_2_pot_mid_ipf_pst,oshomothe,oʃ.om.ˈoθ.e,auxiliary-form: 2nd potential middle imperfective (past)
aux_2_pot_mid_ipf_prs,oshomotha,oʃ.om.ˈoθ.a,auxiliary-form: 2nd potential middle imperfective (present)
aux_2_pot_mid_ipf_fut,oshomotho,oʃ.om.ˈoθ.o,auxiliary-form: 2nd potential middle imperfective (future)
aux_2_pot_mid_prf_pst,oshomolhe,oʃ.om.ˈoɬ.e,auxiliary-form: 2nd potential middle perfect (past)
aux_2_pot_mid_prf_prs,oshomolha,oʃ.om.ˈoɬ.a,auxiliary-form: 2nd potential middle perfect (present)
aux_2_pot_mid_prf_fut,oshomolho,oʃ.om.ˈoɬ.o,auxiliary-form: 2nd potential middle perfect (future)
aux_2_pot_mid_nea_pst,oshomotle,oʃ.om.ˈoƛ.e,auxiliary-form: 2nd potential middle near (past)
aux_2_pot_mid_nea_prs,oshomotla,oʃ.om.ˈoƛ.a,auxiliary-form: 2nd potential middle near (present)
aux_2_pot_mid_nea_fut,oshomotlo,oʃ.om.ˈoƛ.o,auxiliary-form: 2nd potential middle near (future)
aux_2_pot_mid_imm_pst,oshomoke,oʃ.om.ˈok.e,auxiliary-form: 2nd potential middle immediate (past)
aux_2_pot_mid_imm_prs,oshomoka,oʃ.om.ˈok.a,auxiliary-form: 2nd potential middle immediate (present)
aux_2_pot_mid_imm_fut,oshomoko,oʃ.om.ˈok.o,auxiliary-form: 2nd potential middle immediate (future)
aux_2_pot_mid_hab_pst,oshomome,oʃ.om.ˈom.e,auxiliary-form: 2nd potential middle habitual (past)
aux_2_pot_mid_hab_prs,oshomoma,oʃ.om.ˈom.a,auxiliary-form: 2nd potential middle habitual (present)
aux_2_pot_mid_hab_fut,oshomomo,oʃ.om.ˈom.o,auxiliary-form: 2nd potential middle habitual (future)
aux_2_pot_mid_pro_pst,oshomose,oʃ.om.ˈos.e,auxiliary-form: 2nd potential middle progressive (past)
aux_2_pot_mid_pro_prs,oshomosa,oʃ.om.ˈos.a,auxiliary-form: 2nd potential middle progressive (present)
aux_2_pot_mid_pro_fut,oshomoso,oʃ.om.ˈos.o,auxiliary-form: 2nd potential middle progressive (future)
aux_2_pot_mid_cnt_pst,oshomoshe,oʃ.om.ˈoʃ.e,auxiliary-form: 2nd potential middle continuous (past)
aux_2_pot_mid_cnt_prs,oshomosha,oʃ.om.ˈoʃ.a,auxiliary-form: 2nd potential middle continuous (present)
aux_2_pot_mid_cnt_fut,oshomosho,oʃ.om.ˈoʃ.o,auxiliary-form: 2nd potential middle continuous (future)
aux_2_pot_mid_itr_pst,oshomone,oʃ.om.ˈon.e,auxiliary-form: 2nd potential middle iterative (past)
aux_2_pot_mid_itr_prs,oshomona,oʃ.om.ˈon.a,auxiliary-form: 2nd potential middle iterative (present)
aux_2_pot_mid_itr_fut,oshomono,oʃ.om.ˈon.o,auxiliary-form: 2nd potential middle iterative (future)
aux_2_pot_mid_inc_pst,oshomoye,oʃ.om.ˈoj.e,auxiliary-form: 2nd potential middle inceptive (past)
aux_2_pot_mid_inc_prs,oshomoya,oʃ.om.ˈoj.a,auxiliary-form: 2nd potential middle inceptive (present)
aux_2_pot_mid_inc_fut,oshomoyo,oʃ.om.ˈoj.o,auxiliary-form: 2nd potential middle inceptive (future)
aux_2_pot_mid_ces_pst,oshomope,oʃ.om.ˈop.e,auxiliary-form: 2nd potential middle cessative (past)
aux_2_pot_mid_ces_prs,oshomopa,oʃ.om.ˈop.a,auxiliary-form: 2nd potential middle cessative (present)
aux_2_pot_mid_ces_fut,oshomopo,oʃ.om.ˈop.o,auxiliary-form: 2nd potential middle cessative (future)
aux_2_pot_mid_rem_pst,oshomohe,oʃ.om.ˈoh.e,auxiliary-form: 2nd potential middle remote (past)
aux_2_pot_mid_rem_prs,oshomoha,oʃ.om.ˈoh.a,auxiliary-form: 2nd potential middle remote (present)
aux_2_pot_mid_rem_fut,oshomoho,oʃ.om.ˈoh.o,auxiliary-form: 2nd potential middle remote (future)
aux_2_pot_cau_sim_pst,oshokefe,oʃ.ok.ˈef.e,auxiliary-form: 2nd potential causative simple (past)
aux_2_pot_cau_sim_prs,oshokefa,oʃ.ok.ˈef.a,auxiliary-form: 2nd potential causative simple (present)
aux_2_pot_cau_sim_fut,oshokefo,oʃ.ok.ˈef.o,auxiliary-form: 2nd potential causative simple (future)
aux_2_pot_cau_ipf_pst,oshokethe,oʃ.ok.ˈeθ.e,auxiliary-form: 2nd potential causative imperfective (past)
aux_2_pot_cau_ipf_prs,oshoketha,oʃ.ok.ˈeθ.a,auxiliary-form: 2nd potential causative imperfective (present)
aux_2_pot_cau_ipf_fut,oshoketho,oʃ.ok.ˈeθ.o,auxiliary-form: 2nd potential causative imperfective (future)
aux_2_pot_cau_prf_pst,oshokelhe,oʃ.ok.ˈeɬ.e,auxiliary-form: 2nd potential causative perfect (past)
aux_2_pot_cau_prf_prs,oshokelha,oʃ.ok.ˈeɬ.a,auxiliary-form: 2nd potential causative perfect (present)
aux_2_pot_cau_prf_fut,oshokelho,oʃ.ok.ˈeɬ.o,auxiliary-form: 2nd potential causative perfect (future)
aux_2_pot_cau_nea_pst,oshoketle,oʃ.ok.ˈeƛ.e,auxiliary-form: 2nd potential causative near (past)
aux_2_pot_cau_nea_prs,oshoketla,oʃ.ok.ˈeƛ.a,auxiliary-form: 2nd potential causative near (present)
aux_2_pot_cau_nea_fut,oshoketlo,oʃ.ok.ˈeƛ.o,auxiliary-form: 2nd potential causative near (future)
aux_2_pot_cau_imm_pst,oshokeke,oʃ.ok.ˈek.e,auxiliary-form: 2nd potential causative immediate (past)
aux_2_pot_cau_imm_prs,oshokeka,oʃ.ok.ˈek.a,auxiliary-form: 2nd potential causative immediate (present)
aux_2_pot_cau_imm_fut,oshokeko,oʃ.ok.ˈek.o,auxiliary-form: 2nd potential causative immediate (future)
aux_2_pot_cau_hab_pst,oshokeme,oʃ.ok.ˈem.e,auxiliary-form: 2nd potential causative habitual (past)
aux_2_pot_cau_hab_prs,oshokema,oʃ.ok.ˈem.a,auxiliary-form: 2nd potential causative habitual (present)
aux_2_pot_cau_hab_fut,oshokemo,oʃ.ok.ˈem.o,auxiliary-form: 2nd potential causative habitual (future)
aux_2_pot_cau_pro_pst,oshokese,oʃ.ok.ˈes.e,auxiliary-form: 2nd potential causative progressive (past)
aux_2_pot_cau_pro_prs,oshokesa,oʃ.ok.ˈes.a,auxiliary-form: 2nd potential causative progressive (present)
aux_2_pot_cau_pro_fut,oshokeso,oʃ.ok.ˈes.o,auxiliary-form: 2nd potential causative progressive (future)
aux_2_pot_cau_cnt_pst,oshokeshe,oʃ.ok.ˈeʃ.e,auxiliary-form: 2nd potential causative continuous (past)
aux_2_pot_cau_cnt_prs,oshokesha,oʃ.ok.ˈeʃ.a,auxiliary-form: 2nd potential causative continuous (present)
aux_2_pot_cau_cnt_fut,oshokesho,oʃ.ok.ˈeʃ.o,auxiliary-form: 2nd potential causative continuous (future)
aux_2_pot_cau_itr_pst,oshokene,oʃ.ok.ˈen.e,auxiliary-form: 2nd potential causative iterative (past)
aux_2_pot_cau_itr_prs,oshokena,oʃ.ok.ˈen.a,auxiliary-form: 2nd potential causative iterative (present)
aux_2_pot_cau_itr_fut,oshokeno,oʃ.ok.ˈen.o,auxiliary-form: 2nd potential causative iterative (future)
aux_2_pot_cau_inc_pst,oshokeye,oʃ.ok.ˈej.e,auxiliary-form: 2nd potential causative inceptive (past)
aux_2_pot_cau_inc_prs,oshokeya,oʃ.ok.ˈej.a,auxiliary-form: 2nd potential causative inceptive (present)
aux_2_pot_cau_inc_fut,oshokeyo,oʃ.ok.ˈej.o,auxiliary-form: 2nd potential causative inceptive (future)
aux_2_pot_cau_ces_pst,oshokepe,oʃ.ok.ˈep.e,auxiliary-form: 2nd potential causative cessative (past)
aux_2_pot_cau_ces_prs,oshokepa,oʃ.ok.ˈep.a,auxiliary-form: 2nd potential causative cessative (present)
aux_2_pot_cau_ces_fut,oshokepo,oʃ.ok.ˈep.o,auxiliary-form: 2nd potential causative cessative (future)
aux_2_pot_cau_rem_pst,oshokehe,oʃ.ok.ˈeh.e,auxiliary-form: 2nd potential causative remote (past)
aux_2_pot_cau_rem_prs,oshokeha,oʃ.ok.ˈeh.a,auxiliary-form: 2nd potential causative remote (present)
aux_2_pot_cau_rem_fut,oshokeho,oʃ.ok.ˈeh.o,auxiliary-form: 2nd potential causative remote (future)
aux_2_pot_rec_sim_pst,oshorafe,oʃ.or.ˈaf.e,auxiliary-form: 2nd potential reciprocal simple (past)
aux_2_pot_rec_sim_prs,oshorafa,oʃ.or.ˈaf.a,auxiliary-form: 2nd potential reciprocal simple (present)
aux_2_pot_rec_sim_fut,oshorafo,oʃ.or.ˈaf.o,auxiliary-form: 2nd potential reciprocal simple (future)
aux_2_pot_rec_ipf_pst,oshorathe,oʃ.or.ˈaθ.e,auxiliary-form: 2nd potential reciprocal imperfective (past)
aux_2_pot_rec_ipf_prs,oshoratha,oʃ.or.ˈaθ.a,auxiliary-form: 2nd potential reciprocal imperfective (present)
aux_2_pot_rec_ipf_fut,oshoratho,oʃ.or.ˈaθ.o,auxiliary-form: 2nd potential reciprocal imperfective (future)
aux_2_pot_rec_prf_pst,oshoralhe,oʃ.or.ˈaɬ.e,auxiliary-form: 2nd potential reciprocal perfect (past)
aux_2_pot_rec_prf_prs,oshoralha,oʃ.or.ˈaɬ.a,auxiliary-form: 2nd potential reciprocal perfect (present)
aux_2_pot_rec_prf_fut,oshoralho,oʃ.or.ˈaɬ.o,auxiliary-form: 2nd potential reciprocal perfect (future)
aux_2_pot_rec_nea_pst,oshoratle,oʃ.or.ˈaƛ.e,auxiliary-form: 2nd potential reciprocal near (past)
aux_2_pot_rec_nea_prs,oshoratla,oʃ.or.ˈaƛ.a,auxiliary-form: 2nd potential reciprocal near (present)
aux_2_pot_rec_nea_fut,oshoratlo,oʃ.or.ˈaƛ.o,auxiliary-form: 2nd potential reciprocal near (future)
aux_2_pot_rec_imm_pst,oshorake,oʃ.or.ˈak.e,auxiliary-form: 2nd potential reciprocal immediate (past)
aux_2_pot_rec_imm_prs,oshoraka,oʃ.or.ˈak.a,auxiliary-form: 2nd potential reciprocal immediate (present)
aux_2_pot_rec_imm_fut,oshorako,oʃ.or.ˈak.o,auxiliary-form: 2nd potential reciprocal immediate (future)
aux_2_pot_rec_hab_pst,oshorame,oʃ.or.ˈam.e,auxiliary-form: 2nd potential reciprocal habitual (past)
aux_2_pot_rec_hab_prs,oshorama,oʃ.or.ˈam.a,auxiliary-form: 2nd potential reciprocal habitual (present)
aux_2_pot_rec_hab_fut,oshoramo,oʃ.or.ˈam.o,auxiliary-form: 2nd potential reciprocal habitual (future)
aux_2_pot_rec_pro_pst,oshorase,oʃ.or.ˈas.e,auxiliary-form: 2nd potential reciprocal progressive (past)
aux_2_pot_rec_pro_prs,oshorasa,oʃ.or.ˈas.a,auxiliary-form: 2nd potential reciprocal progressive (present)
aux_2_pot_rec_pro_fut,oshoraso,oʃ.or.ˈas.o,auxiliary-form: 2nd potential reciprocal progressive (future)
aux_2_pot_rec_cnt_pst,oshorashe,oʃ.or.ˈaʃ.e,auxiliary-form: 2nd potential reciprocal continuous (past)
aux_2_pot_rec_cnt_prs,oshorasha,oʃ.or.ˈaʃ.a,auxiliary-form: 2nd potential reciprocal continuous (present)
aux_2_pot_rec_cnt_fut,oshorasho,oʃ.or.ˈaʃ.o,auxiliary-form: 2nd potential reciprocal continuous (future)
aux_2_pot_rec_itr_pst,oshorane,oʃ.or.ˈan.e,auxiliary-form: 2nd potential reciprocal iterative (past)
aux_2_pot_rec_itr_prs,oshorana,oʃ.or.ˈan.a,auxiliary-form: 2nd potential reciprocal iterative (present)
aux_2_pot_rec_itr_fut,oshorano,oʃ.or.ˈan.o,auxiliary-form: 2nd potential reciprocal iterative (future)
aux_2_pot_rec_inc_pst,oshoraye,oʃ.or.ˈaj.e,auxiliary-form: 2nd potential reciprocal inceptive (past)
aux_2_pot_rec_inc_prs,oshoraya,oʃ.or.ˈaj.a,auxiliary-form: 2nd potential reciprocal inceptive (present)
aux_2_pot_rec_inc_fut,oshorayo,oʃ.or.ˈaj.o,auxiliary-form: 2nd potential reciprocal inceptive (future)
aux_2_pot_rec_ces_pst,oshorape,oʃ.or.ˈap.e,auxiliary-form: 2nd potential reciprocal cessative (past)
aux_2_pot_rec_ces_prs,oshorapa,oʃ.or.ˈap.a,auxiliary-form: 2nd potential reciprocal cessative (present)
aux_2_pot_rec_ces_fut,oshorapo,oʃ.or.ˈap.o,auxiliary-form: 2nd potential reciprocal cessative (future)
aux_2_pot_rec_rem_pst,oshorahe,oʃ.or.ˈah.e,auxiliary-form: 2nd potential reciprocal remote (past)
aux_2_pot_rec_rem_prs,oshoraha,oʃ.or.ˈah.a,auxiliary-form: 2nd potential reciprocal remote (present)
aux_2_pot_rec_rem_fut,oshoraho,oʃ.or.ˈah.o,auxiliary-form: 2nd potential reciprocal remote (future)
aux_3_sim_pst,fe,fˈe,auxiliary-form: 3rd simple (past)
aux_3_sim_prs,fa,fˈa,auxiliary-form: 3rd simple (present)
aux_3_sim_fut,fo,fˈo,auxiliary-form: 3rd simple (future)
aux_3_ipf_pst,the,θˈe,auxiliary-form: 3rd imperfective (past)
aux_3_ipf_prs,tha,θˈa,auxiliary-form: 3rd imperfective (present)
aux_3_ipf_fut,tho,θˈo,auxiliary-form: 3rd imperfective (future)
aux_3_prf_pst,lhe,ɬˈe,auxiliary-form: 3rd perfect (past)
aux_3_prf_prs,lha,ɬˈa,auxiliary-form: 3rd perfect (present)
aux_3_prf_fut,lho,ɬˈo,auxiliary-form: 3rd perfect (future)
aux_3_nea_pst,tle,ƛˈe,auxiliary-form: 3rd near (past)
aux_3_nea_prs,tla,ƛˈa,auxiliary-form: 3rd near (present)
aux_3_nea_fut,tlo,ƛˈo,auxiliary-form: 3rd near (future)
aux_3_imm_pst,ke,kˈe,auxiliary-form: 3rd immediate (past)
aux_3_imm_prs,ka,kˈa,auxiliary-form: 3rd immediate (present)
aux_3_imm_fut,ko,kˈo,auxiliary-form: 3rd immediate (future)
aux_3_hab_pst,me,mˈe,auxiliary-form: 3rd habitual (past)
aux_3_hab_prs,ma,mˈa,auxiliary-form: 3rd habitual (present)
aux_3_hab_fut,mo,mˈo,auxiliary-form: 3rd habitual (future)
aux_3_pro_pst,se,sˈe,auxiliary-form: 3rd progressive (past)
aux_3_pro_prs,sa,sˈa,auxiliary-form: 3rd progressive (present)
aux_3_pro_fut,so,sˈo,auxiliary-form: 3rd progressive (future)
aux_3_cnt_pst,she,ʃˈe,auxiliary-form: 3rd continuous (past)
aux_3_cnt_prs,sha,ʃˈa,auxiliary-form: 3rd continuous (present)
aux_3_cnt_fut,sho,ʃˈo,auxiliary-form: 3rd continuous (future)
aux_3_itr_pst,ne,nˈe,auxiliary-form: 3rd iterative (past)
aux_3_itr_prs,na,nˈa,auxiliary-form: 3rd iterative (present)
aux_3_itr_fut,no,nˈo,auxiliary-form: 3rd iterative (future)
aux_3_inc_pst,ye,jˈe,auxiliary-form: 3rd inceptive (past)
aux_3_inc_prs,ya,jˈa,auxiliary-form: 3rd inceptive (present)
aux_3_inc_fut,yo,jˈo,auxiliary-form: 3rd inceptive (future)
aux_3_ces_pst,pe,pˈe,auxiliary-form: 3rd cessative (past)
aux_3_ces_prs,pa,pˈa,auxiliary-form: 3rd cessative (present)
aux_3_ces_fut,po,pˈo,auxiliary-form: 3rd cessative (future)
aux_3_rem_pst,he,hˈe,auxiliary-form: 3rd remote (past)
aux_3_rem_prs,ha,hˈa,auxiliary-form: 3rd remote (present)
aux_3_rem_fut,ho,hˈo,auxiliary-form: 3rd remote (future)
aux_3_ref_sim_pst,tefe,tˈef.e,auxiliary-form: 3rd reflexive simple (past)
aux_3_ref_sim_prs,tefa,tˈef.a,auxiliary-form: 3rd reflexive simple (present)
aux_3_ref_sim_fut,tefo,tˈef.o,auxiliary-form: 3rd reflexive simple (future)
aux_3_ref_ipf_pst,tethe,tˈeθ.e,auxiliary-form: 3rd reflexive imperfective (past)
aux_3_ref_ipf_prs,tetha,tˈeθ.a,auxiliary-form: 3rd reflexive imperfective (present)
aux_3_ref_ipf_fut,tetho,tˈeθ.o,auxiliary-form: 3rd reflexive imperfective (future)
aux_3_ref_prf_pst,telhe,tˈeɬ.e,auxiliary-form: 3rd reflexive perfect (past)
aux_3_ref_prf_prs,telha,tˈeɬ.a,auxiliary-form: 3rd reflexive perfect (present)
aux_3_ref_prf_fut,telho,tˈeɬ.o,auxiliary-form: 3rd reflexive perfect (future)
aux_3_ref_nea_pst,tetle,tˈeƛ.e,auxiliary-form: 3rd reflexive near (past)
aux_3_ref_nea_prs,tetla,tˈeƛ.a,auxiliary-form: 3rd reflexive near (present)
aux_3_ref_nea_fut,tetlo,tˈeƛ.o,auxiliary-form: 3rd reflexive near (future)
aux_3_ref_imm_pst,teke,tˈek.e,auxiliary-form: 3rd reflexive immediate (past)
aux_3_ref_imm_prs,teka,tˈek.a,auxiliary-form: 3rd reflexive immediate (present)
aux_3_ref_imm_fut,teko,tˈek.o,auxiliary-form: 3rd reflexive immediate (future)
aux_3_ref_hab_pst,teme,tˈem.e,auxiliary-form: 3rd reflexive habitual (past)
aux_3_ref_hab_prs,tema,tˈem.a,auxiliary-form: 3rd reflexive habitual (present)
aux_3_ref_hab_fut,temo,tˈem.o,auxiliary-form: 3rd reflexive habitual (future)
aux_3_ref_pro_pst,tese,tˈes.e,auxiliary-form: 3rd reflexive progressive (past)
aux_3_ref_pro_prs,tesa,tˈes.a,auxiliary-form: 3rd reflexive progressive (present)
aux_3_ref_pro_fut,teso,tˈes.o,auxiliary-form: 3rd reflexive progressive (future)
aux_3_ref_cnt_pst,teshe,tˈeʃ.e,auxiliary-form: 3rd reflexive continuous (past)
aux_3_ref_cnt_prs,tesha,tˈeʃ.a,auxiliary-form: 3rd reflexive continuous (present)
aux_3_ref_cnt_fut,tesho,tˈeʃ.o,auxiliary-form: 3rd reflexive continuous (future)
aux_3_ref_itr_pst,tene,tˈen.e,auxiliary-form: 3rd reflexive iterative (past)
aux_3_ref_itr_prs,tena,tˈen.a,auxiliary-form: 3rd reflexive iterative (present)
aux_3_ref_itr_fut,teno,tˈen.o,auxiliary-form: 3rd reflexive iterative (future)
aux_3_ref_inc_pst,teye,tˈej.e,auxiliary-form: 3rd reflexive inceptive (past)
aux_3_ref_inc_prs,teya,tˈej.a,auxiliary-form: 3rd reflexive inceptive (present)
aux_3_ref_inc_fut,teyo,tˈej.o,auxiliary-form: 3rd reflexive inceptive (future)
aux_3_ref_ces_pst,tepe,tˈep.e,auxiliary-form: 3rd reflexive cessative (past)
aux_3_ref_ces_prs,tepa,tˈep.a,auxiliary-form: 3rd reflexive cessative (present)
aux_3_ref_ces_fut,tepo,tˈep.o,auxiliary-form: 3rd reflexive cessative (future)
aux_3_ref_rem_pst,tehe,tˈeh.e,auxiliary-form: 3rd reflexive remote (past)
aux_3_ref_rem_prs,teha,tˈeh.a,auxiliary-form: 3rd reflexive remote (present)
aux_3_ref_rem_fut,teho,tˈeh.o,auxiliary-form: 3rd reflexive remote (future)
aux_3_pas_sim_pst,pafe,pˈaf.e,auxiliary-form: 3rd passive simple (past)
aux_3_pas_sim_prs,pafa,pˈaf.a,auxiliary-form: 3rd passive simple (present)
aux_3_pas_sim_fut,pafo,pˈaf.o,auxiliary-form: 3rd passive simple (future)
aux_3_pas_ipf_pst,pathe,pˈaθ.e,auxiliary-form: 3rd passive imperfective (past)
aux_3_pas_ipf_prs,patha,pˈaθ.a,auxiliary-form: 3rd passive imperfective (present)
aux_3_pas_ipf_fut,patho,pˈaθ.o,auxiliary-form: 3rd passive imperfective (future)
aux_3_pas_prf_pst,palhe,pˈaɬ.e,auxiliary-form: 3rd passive perfect (past)
aux_3_pas_prf_prs,palha,pˈaɬ.a,auxiliary-form: 3rd passive perfect (present)
aux_3_pas_prf_fut,palho,pˈaɬ.o,auxiliary-form: 3rd passive perfect (future)
aux_3_pas_nea_pst,patle,pˈaƛ.e,auxiliary-form: 3rd passive near (past)
aux_3_pas_nea_prs,patla,pˈaƛ.a,auxiliary-form: 3rd passive near (present)
aux_3_pas_nea_fut,patlo,pˈaƛ.o,auxiliary-form: 3rd passive near (future)
aux_3_pas_imm_pst,pake,pˈak.e,auxiliary-form: 3rd passive immediate (past)
aux_3_pas_imm_prs,paka,pˈak.a,auxiliary-form: 3rd passive immediate (present)
aux_3_pas_imm_fut,pako,pˈak.o,auxiliary-form: 3rd passive immediate (future)
aux_3_pas_hab_pst,pame,pˈam.e,auxiliary-form: 3rd passive habitual (past)
aux_3_pas_hab_prs,pama,pˈam.a,auxiliary-form: 3rd passive habitual (present)
aux_3_pas_hab_fut,pamo,pˈam.o,auxiliary-form: 3rd passive habitual (future)
aux_3_pas_pro_pst,pase,pˈas.e,auxiliary-form: 3rd passive progressive (past)
aux_3_pas_pro_prs,pasa,pˈas.a,auxiliary-form: 3rd passive progressive (present)
aux_3_pas_pro_fut,paso,pˈas.o,auxiliary-form: 3rd passive progressive (future)
aux_3_pas_cnt_pst,pashe,pˈaʃ.e,auxiliary-form: 3rd passive continuous (past)
aux_3_pas_cnt_prs,pasha,pˈaʃ.a,auxiliary-form: 3rd passive continuous (present)
aux_3_pas_cnt_fut,pasho,pˈaʃ.o,auxiliary-form: 3rd passive continuous (future)
aux_3_pas_itr_pst,pane,pˈan.e,auxiliary-form: 3rd passive iterative (past)
aux_3_pas_itr_prs,pana,pˈan.a,auxiliary-form: 3rd passive iterative (present)
aux_3_pas_itr_fut,pano,pˈan.o,auxiliary-form: 3rd passive iterative (future)
aux_3_pas_inc_pst,paye,pˈaj.e,auxiliary-form: 3rd passive inceptive (past)
aux_3_pas_inc_prs,paya,pˈaj.a,auxiliary-form: 3rd passive inceptive (present)
aux_3_pas_inc_fut,payo,pˈaj.o,auxiliary-form: 3rd passive inceptive (future)
aux_3_pas_ces_pst,pape,pˈap.e,auxiliary-form: 3rd passive cessative (past)
aux_3_pas_ces_prs,papa,pˈap.a,auxiliary-form: 3rd passive cessative (present)
aux_3_pas_ces_fut,papo,pˈap.o,auxiliary-form: 3rd passive cessative (future)
aux_3_pas_rem_pst,pahe,pˈah.e,auxiliary-form: 3rd passive remote (past)
aux_3_pas_rem_prs,paha,pˈah.a,auxiliary-form: 3rd passive remote (present)
aux_3_pas_rem_fut,paho,pˈah.o,auxiliary-form: 3rd passive remote (future)
aux_3_mid_sim_pst,mofe,mˈof.e,auxiliary-form: 3rd middle simple (past)
aux_3_mid_sim_prs,mofa,mˈof.a,auxiliary-form: 3rd middle simple (present)
aux_3_mid_sim_fut,mofo,mˈof.o,auxiliary-form: 3rd middle simple (future)
aux_3_mid_ipf_pst,mothe,mˈoθ.e,auxiliary-form: 3rd middle imperfective (past)
aux_3_mid_ipf_prs,motha,mˈoθ.a,auxiliary-form: 3rd middle imperfective (present)
aux_3_mid_ipf_fut,motho,mˈoθ.o,auxiliary-form: 3rd middle imperfective (future)
aux_3_mid_prf_pst,molhe,mˈoɬ.e,auxiliary-form: 3rd middle perfect (past)
aux_3_mid_prf_prs,molha,mˈoɬ.a,auxiliary-form: 3rd middle perfect (present)
aux_3_mid_prf_fut,molho,mˈoɬ.o,auxiliary-form: 3rd middle perfect (future)
aux_3_mid_nea_pst,motle,mˈoƛ.e,auxiliary-form: 3rd middle near (past)
aux_3_mid_nea_prs,motla,mˈoƛ.a,auxiliary-form: 3rd middle near (present)
aux_3_mid_nea_fut,motlo,mˈoƛ.o,auxiliary-form: 3rd middle near (future)
aux_3_mid_imm_pst,moke,mˈok.e,auxiliary-form: 3rd middle immediate (past)
aux_3_mid_imm_prs,moka,mˈok.a,auxiliary-form: 3rd middle immediate (present)
aux_3_mid_imm_fut,moko,mˈok.o,auxiliary-form: 3rd middle immediate (future)
aux_3_mid_hab_pst,mome,mˈom.e,auxiliary-form: 3rd middle habitual (past)
aux_3_mid_hab_prs,moma,mˈom.a,auxiliary-form: 3rd middle habitual (present)
aux_3_mid_hab_fut,momo,mˈom.o,auxiliary-form: 3rd middle habitual (future)
aux_3_mid_pro_pst,mose,mˈos.e,auxiliary-form: 3rd middle progressive (past)
aux_3_mid_pro_prs,mosa,mˈos.a,auxiliary-form: 3rd middle progressive (present)
aux_3_mid_pro_fut,moso,mˈos.o,auxiliary-form: 3rd middle progressive (future)
aux_3_mid_cnt_pst,moshe,mˈoʃ.e,auxiliary-form: 3rd middle continuous (past)
aux_3_mid_cnt_prs,mosha,mˈoʃ.a,auxiliary-form: 3rd middle continuous (present)
aux_3_mid_cnt_fut,mosho,mˈoʃ.o,auxiliary-form: 3rd middle continuous (future)
aux_3_mid_itr_pst,mone,mˈon.e,auxiliary-form: 3rd middle iterative (past)
aux_3_mid_itr_prs,mona,mˈon.a,auxiliary-form: 3rd middle iterative (present)
aux_3_mid_itr_fut,mono,mˈon.o,auxiliary-form: 3rd middle iterative (future)
aux_3_mid_inc_pst,moye,mˈoj.e,auxiliary-form: 3rd middle inceptive (past)
aux_3_mid_inc_prs,moya,mˈoj.a,auxiliary-form: 3rd middle inceptive (present)
aux_3_mid_inc_fut,moyo,mˈoj.o,auxiliary-form: 3rd middle inceptive (future)
aux_3_mid_ces_pst,mope,mˈop.e,auxiliary-form: 3rd middle cessative (past)
aux_3_mid_ces_prs,mopa,mˈop.a,auxiliary-form: 3rd middle cessative (present)
aux_3_mid_ces_fut,mopo,mˈop.o,auxiliary-form: 3rd middle cessative (future)
aux_3_mid_rem_pst,mohe,mˈoh.e,auxiliary-form: 3rd middle remote (past)
aux_3_mid_rem_prs,moha,mˈoh.a,auxiliary-form: 3rd middle remote (present)
aux_3_mid_rem_fut,moho,mˈoh.o,auxiliary-form: 3rd middle remote (future)
aux_3_cau_sim_pst,kefe,kˈef.e,auxiliary-form: 3rd causative simple (past)
aux_3_cau_sim_prs,kefa,kˈef.a,auxiliary-form: 3rd causative simple (present)
aux_3_cau_sim_fut,kefo,kˈef.o,auxiliary-form: 3rd causative simple (future)
aux_3_cau_ipf_pst,kethe,kˈeθ.e,auxiliary-form: 3rd causative imperfective (past)
aux_3_cau_ipf_prs,ketha,kˈeθ.a,auxiliary-form: 3rd causative imperfective (present)
aux_3_cau_ipf_fut,ketho,kˈeθ.o,auxiliary-form: 3rd causative imperfective (future)
aux_3_cau_prf_pst,kelhe,kˈeɬ.e,auxiliary-form: 3rd causative perfect (past)
aux_3_cau_prf_prs,kelha,kˈeɬ.a,auxiliary-form: 3rd causative perfect (present)
aux_3_cau_prf_fut,kelho,kˈeɬ.o,auxiliary-form: 3rd causative perfect (future)
aux_3_cau_nea_pst,ketle,kˈeƛ.e,auxiliary-form: 3rd causative near (past)
aux_3_cau_nea_prs,ketla,kˈeƛ.a,auxiliary-form: 3rd causative near (present)
aux_3_cau_nea_fut,ketlo,kˈeƛ.o,auxiliary-form: 3rd causative near (future)
aux_3_cau_imm_pst,keke,kˈek.e,auxiliary-form: 3rd causative immediate (past)
aux_3_cau_imm_prs,keka,kˈek.a,auxiliary-form: 3rd causative immediate (present)
aux_3_cau_imm_fut,keko,kˈek.o,auxiliary-form: 3rd causative immediate (future)
aux_3_cau_hab_pst,keme,kˈem.e,auxiliary-form: 3rd causative habitual (past)
aux_3_cau_hab_prs,kema,kˈem.a,auxiliary-form: 3rd causative habitual (present)
aux_3_cau_hab_fut,kemo,kˈem.o,auxiliary-form: 3rd causative habitual (future)
aux_3_cau_pro_pst,kese,kˈes.e,auxiliary-form: 3rd causative progressive (past)
aux_3_cau_pro_prs,kesa,kˈes.a,auxiliary-form: 3rd causative progressive (present)
aux_3_cau_pro_fut,keso,kˈes.o,auxiliary-form: 3rd causative progressive (future)
aux_3_cau_cnt_pst,keshe,kˈeʃ.e,auxiliary-form: 3rd causative continuous (past)
aux_3_cau_cnt_prs,kesha,kˈeʃ.a,auxiliary-form: 3rd causative continuous (present)
aux_3_cau_cnt_fut,kesho,kˈeʃ.o,auxiliary-form: 3rd causative continuous (future)
aux_3_cau_itr_pst,kene,kˈen.e,auxiliary-form: 3rd causative iterative (past)
aux_3_cau_itr_prs,kena,kˈen.a,auxiliary-form: 3rd causative iterative (present)
aux_3_cau_itr_fut,keno,kˈen.o,auxiliary-form: 3rd causative iterative (future)
aux_3_cau_inc_pst,keye,kˈej.e,auxiliary-form: 3rd causative inceptive (past)
aux_3_cau_inc_prs,keya,kˈej.a,auxiliary-form: 3rd causative inceptive (present)
aux_3_cau_inc_fut,keyo,kˈej.o,auxiliary-form: 3rd causative inceptive (future)
aux_3_cau_ces_pst,kepe,kˈep.e,auxiliary-form: 3rd causative cessative (past)
aux_3_cau_ces_prs,kepa,kˈep.a,auxiliary-form: 3rd causative cessative (present)
aux_3_cau_ces_fut,kepo,kˈep.o,auxiliary-form: 3rd causative cessative (future)
aux_3_cau_rem_pst,kehe,kˈeh.e,auxiliary-form: 3rd causative remote (past)
aux_3_cau_rem_prs,keha,kˈeh.a,auxiliary-form: 3rd causative remote (present)
aux_3_cau_rem_fut,keho,kˈeh.o,auxiliary-form: 3rd causative remote (future)
aux_3_rec_sim_pst,rafe,rˈaf.e,auxiliary-form: 3rd reciprocal simple (past)
aux_3_rec_sim_prs,rafa,rˈaf.a,auxiliary-form: 3rd reciprocal simple (present)
aux_3_rec_sim_fut,rafo,rˈaf.o,auxiliary-form: 3rd reciprocal simple (future)
aux_3_rec_ipf_pst,rathe,rˈaθ.e,auxiliary-form: 3rd reciprocal imperfective (past)
aux_3_rec_ipf_prs,ratha,rˈaθ.a,auxiliary-form: 3rd reciprocal imperfective (present)
aux_3_rec_ipf_fut,ratho,rˈaθ.o,auxiliary-form: 3rd reciprocal imperfective (future)
aux_3_rec_prf_pst,ralhe,rˈaɬ.e,auxiliary-form: 3rd reciprocal perfect (past)
aux_3_rec_prf_prs,ralha,rˈaɬ.a,auxiliary-form: 3rd reciprocal perfect (present)
aux_3_rec_prf_fut,ralho,rˈaɬ.o,auxiliary-form: 3rd reciprocal perfect (future)
aux_3_rec_nea_pst,ratle,rˈaƛ.e,auxiliary-form: 3rd reciprocal near (past)
aux_3_rec_nea_prs,ratla,rˈaƛ.a,auxiliary-form: 3rd reciprocal near (present)
aux_3_rec_nea_fut,ratlo,rˈaƛ.o,auxiliary-form: 3rd reciprocal near (future)
aux_3_rec_imm_pst,rake,rˈak.e,auxiliary-form: 3rd reciprocal immediate (past)
aux_3_rec_imm_prs,raka,rˈak.a,auxiliary-form: 3rd reciprocal immediate (present)
aux_3_rec_imm_fut,rako,rˈak.o,auxiliary-form: 3rd reciprocal immediate (future)
aux_3_rec_hab_pst,rame,rˈam.e,auxiliary-form: 3rd reciprocal habitual (past)
aux_3_rec_hab_prs,rama,rˈam.a,auxiliary-form: 3rd reciprocal habitual (present)
aux_3_rec_hab_fut,ramo,rˈam.o,auxiliary-form: 3rd reciprocal habitual (future)
aux_3_rec_pro_pst,rase,rˈas.e,auxiliary-form: 3rd reciprocal progressive (past)
aux_3_rec_pro_prs,rasa,rˈas.a,auxiliary-form: 3rd reciprocal progressive (present)
aux_3_rec_pro_fut,raso,rˈas.o,auxiliary-form: 3rd reciprocal progressive (future)
aux_3_rec_cnt_pst,rashe,rˈaʃ.e,auxiliary-form: 3rd reciprocal continuous (past)
aux_3_rec_cnt_prs,rasha,rˈaʃ.a,auxiliary-form: 3rd reciprocal continuous (present)
aux_3_rec_cnt_fut,rasho,rˈaʃ.o,auxiliary-form: 3rd reciprocal continuous (future)
aux_3_rec_itr_pst,rane,rˈan.e,auxiliary-form: 3rd reciprocal iterative (past)
aux_3_rec_itr_prs,rana,rˈan.a,auxiliary-form: 3rd reciprocal iterative (present)
aux_3_rec_itr_fut,rano,rˈan.o,auxiliary-form: 3rd reciprocal iterative (future)
aux_3_rec_inc_pst,raye,rˈaj.e,auxiliary-form: 3rd reciprocal inceptive (past)
aux_3_rec_inc_prs,raya,rˈaj.a,auxiliary-form: 3rd reciprocal inceptive (present)
aux_3_rec_inc_fut,rayo,rˈaj.o,auxiliary-form: 3rd reciprocal inceptive (future)
aux_3_rec_ces_pst,rape,rˈap.e,auxiliary-form: 3rd reciprocal cessative (past)
aux_3_rec_ces_prs,rapa,rˈap.a,auxiliary-form: 3rd reciprocal cessative (present)
aux_3_rec_ces_fut,rapo,rˈap.o,auxiliary-form: 3rd reciprocal cessative (future)
aux_3_rec_rem_pst,rahe,rˈah.e,auxiliary-form: 3rd reciprocal remote (past)
aux_3_rec_rem_prs,raha,rˈah.a,auxiliary-form: 3rd reciprocal remote (present)
aux_3_rec_rem_fut,raho,rˈah.o,auxiliary-form: 3rd reciprocal remote (future)
aux_3_sbj_sim_pst,wife,wˈif.e,auxiliary-form: 3rd subjunctive simple (past)
aux_3_sbj_sim_prs,wifa,wˈif.a,auxiliary-form: 3rd subjunctive simple (present)
aux_3_sbj_sim_fut,wifo,wˈif.o,auxiliary-form: 3rd subjunctive simple (future)
aux_3_sbj_ipf_pst,withe,wˈiθ.e,auxiliary-form: 3rd subjunctive imperfective (past)
aux_3_sbj_ipf_prs,witha,wˈiθ.a,auxiliary-form: 3rd subjunctive imperfective (present)
aux_3_sbj_ipf_fut,witho,wˈiθ.o,auxiliary-form: 3rd subjunctive imperfective (future)
aux_3_sbj_prf_pst,wilhe,wˈiɬ.e,auxiliary-form: 3rd subjunctive perfect (past)
aux_3_sbj_prf_prs,wilha,wˈiɬ.a,auxiliary-form: 3rd subjunctive perfect (present)
aux_3_sbj_prf_fut,wilho,wˈiɬ.o,auxiliary-form: 3rd subjunctive perfect (future)
aux_3_sbj_nea_pst,witle,wˈiƛ.e,auxiliary-form: 3rd subjunctive near (past)
aux_3_sbj_nea_prs,witla,wˈiƛ.a,auxiliary-form: 3rd subjunctive near (present)
aux_3_sbj_nea_fut,witlo,wˈiƛ.o,auxiliary-form: 3rd subjunctive near (future)
aux_3_sbj_imm_pst,wike,wˈik.e,auxiliary-form: 3rd subjunctive immediate (past)
aux_3_sbj_imm_prs,wika,wˈik.a,auxiliary-form: 3rd subjunctive immediate (present)
aux_3_sbj_imm_fut,wiko,wˈik.o,auxiliary-form: 3rd subjunctive immediate (future)
aux_3_sbj_hab_pst,wime,wˈim.e,auxiliary-form: 3rd subjunctive habitual (past)
aux_3_sbj_hab_prs,wima,wˈim.a,auxiliary-form: 3rd subjunctive habitual (present)
aux_3_sbj_hab_fut,wimo,wˈim.o,auxiliary-form: 3rd subjunctive habitual (future)
aux_3_sbj_pro_pst,wise,wˈis.e,auxiliary-form: 3rd subjunctive progressive (past)
aux_3_sbj_pro_prs,wisa,wˈis.a,auxiliary-form: 3rd subjunctive progressive (present)
aux_3_sbj_pro_fut,wiso,wˈis.o,auxiliary-form: 3rd subjunctive progressive (future)
aux_3_sbj_cnt_pst,wishe,wˈiʃ.e,auxiliary-form: 3rd subjunctive continuous (past)
aux_3_sbj_cnt_prs,wisha,wˈiʃ.a,auxiliary-form: 3rd subjunctive continuous (present)
aux_3_sbj_cnt_fut,wisho,wˈiʃ.o,auxiliary-form: 3rd subjunctive continuous (future)
aux_3_sbj_itr_pst,wine,wˈin.e,auxiliary-form: 3rd subjunctive iterative (past)
aux_3_sbj_itr_prs,wina,wˈin.a,auxiliary-form: 3rd subjunctive iterative (present)
aux_3_sbj_itr_fut,wino,wˈin.o,auxiliary-form: 3rd subjunctive iterative (future)
aux_3_sbj_inc_pst,wiye,wˈij.e,auxiliary-form: 3rd subjunctive inceptive (past)
aux_3_sbj_inc_prs,wiya,wˈij.a,auxiliary-form: 3rd subjunctive inceptive (present)
aux_3_sbj_inc_fut,wiyo,wˈij.o,auxiliary-form: 3rd subjunctive inceptive (future)
aux_3_sbj_ces_pst,wipe,wˈip.e,auxiliary-form: 3rd subjunctive cessative (past)
aux_3_sbj_ces_prs,wipa,wˈip.a,auxiliary-form: 3rd subjunctive cessative (present)
aux_3_sbj_ces_fut,wipo,wˈip.o,auxiliary-form: 3rd subjunctive cessative (future)
aux_3_sbj_rem_pst,wihe,wˈih.e,auxiliary-form: 3rd subjunctive remote (past)
aux_3_sbj_rem_prs,wiha,wˈih.a,auxiliary-form: 3rd subjunctive remote (present)
aux_3_sbj_rem_fut,wiho,wˈih.o,auxiliary-form: 3rd subjunctive remote (future)
aux_3_sbj_ref_sim_pst,witefe,wit.ˈef.e,auxiliary-form: 3rd subjunctive reflexive simple (past)
aux_3_sbj_ref_sim_prs,witefa,wit.ˈef.a,auxiliary-form: 3rd subjunctive reflexive simple (present)
aux_3_sbj_ref_sim_fut,witefo,wit.ˈef.o,auxiliary-form: 3rd subjunctive reflexive simple (future)
aux_3_sbj_ref_ipf_pst,witethe,wit.ˈeθ.e,auxiliary-form: 3rd subjunctive reflexive imperfective (past)
aux_3_sbj_ref_ipf_prs,witetha,wit.ˈeθ.a,auxiliary-form: 3rd subjunctive reflexive imperfective (present)
aux_3_sbj_ref_ipf_fut,witetho,wit.ˈeθ.o,auxiliary-form: 3rd subjunctive reflexive imperfective (future)
aux_3_sbj_ref_prf_pst,witelhe,wit.ˈeɬ.e,auxiliary-form: 3rd subjunctive reflexive perfect (past)
aux_3_sbj_ref_prf_prs,witelha,wit.ˈeɬ.a,auxiliary-form: 3rd subjunctive reflexive perfect (present)
aux_3_sbj_ref_prf_fut,witelho,wit.ˈeɬ.o,auxiliary-form: 3rd subjunctive reflexive perfect (future)
aux_3_sbj_ref_nea_pst,witetle,wit.ˈeƛ.e,auxiliary-form: 3rd subjunctive reflexive near (past)
aux_3_sbj_ref_nea_prs,witetla,wit.ˈeƛ.a,auxiliary-form: 3rd subjunctive reflexive near (present)
aux_3_sbj_ref_nea_fut,witetlo,wit.ˈeƛ.o,auxiliary-form: 3rd subjunctive reflexive near (future)
aux_3_sbj_ref_imm_pst,witeke,wit.ˈek.e,auxiliary-form: 3rd subjunctive reflexive immediate (past)
aux_3_sbj_ref_imm_prs,witeka,wit.ˈek.a,auxiliary-form: 3rd subjunctive reflexive immediate (present)
aux_3_sbj_ref_imm_fut,witeko,wit.ˈek.o,auxiliary-form: 3rd subjunctive reflexive immediate (future)
aux_3_sbj_ref_hab_pst,witeme,wit.ˈem.e,auxiliary-form: 3rd subjunctive reflexive habitual (past)
aux_3_sbj_ref_hab_prs,witema,wit.ˈem.a,auxiliary-form: 3rd subjunctive reflexive habitual (present)
aux_3_sbj_ref_hab_fut,witemo,wit.ˈem.o,auxiliary-form: 3rd subjunctive reflexive habitual (future)
aux_3_sbj_ref_pro_pst,witese,wit.ˈes.e,auxiliary-form: 3rd subjunctive reflexive progressive (past)
aux_3_sbj_ref_pro_prs,witesa,wit.ˈes.a,auxiliary-form: 3rd subjunctive reflexive progressive (present)
aux_3_sbj_ref_pro_fut,witeso,wit.ˈes.o,auxiliary-form: 3rd subjunctive reflexive progressive (future)
aux_3_sbj_ref_cnt_pst,witeshe,wit.ˈeʃ.e,auxiliary-form: 3rd subjunctive reflexive continuous (past)
aux_3_sbj_ref_cnt_prs,witesha,wit.ˈeʃ.a,auxiliary-form: 3rd subjunctive reflexive continuous (present)
aux_3_sbj_ref_cnt_fut,witesho,wit.ˈeʃ.o,auxiliary-form: 3rd subjunctive reflexive continuous (future)
aux_3_sbj_ref_itr_pst,witene,wit.ˈen.e,auxiliary-form: 3rd subjunctive reflexive iterative (past)
aux_3_sbj_ref_itr_prs,witena,wit.ˈen.a,auxiliary-form: 3rd subjunctive reflexive iterative (present)
aux_3_sbj_ref_itr_fut,witeno,wit.ˈen.o,auxiliary-form: 3rd subjunctive reflexive iterative (future)
aux_3_sbj_ref_inc_pst,witeye,wit.ˈej.e,auxiliary-form: 3rd subjunctive reflexive inceptive (past)
aux_3_sbj_ref_inc_prs,witeya,wit.ˈej.a,auxiliary-form: 3rd subjunctive reflexive inceptive (present)
aux_3_sbj_ref_inc_fut,witeyo,wit.ˈej.o,auxiliary-form: 3rd subjunctive reflexive inceptive (future)
aux_3_sbj_ref_ces_pst,witepe,wit.ˈep.e,auxiliary-form: 3rd subjunctive reflexive cessative (past)
aux_3_sbj_ref_ces_prs,witepa,wit.ˈep.a,auxiliary-form: 3rd subjunctive reflexive cessative (present)
aux_3_sbj_ref_ces_fut,witepo,wit.ˈep.o,auxiliary-form: 3rd subjunctive reflexive cessative (future)
aux_3_sbj_ref_rem_pst,witehe,wit.ˈeh.e,auxiliary-form: 3rd subjunctive reflexive remote (past)
aux_3_sbj_ref_rem_prs,witeha,wit.ˈeh.a,auxiliary-form: 3rd subjunctive reflexive remote (present)
aux_3_sbj_ref_rem_fut,witeho,wit.ˈeh.o,auxiliary-form: 3rd subjunctive reflexive remote (future)
aux_3_sbj_pas_sim_pst,wipafe,wip.ˈaf.e,auxiliary-form: 3rd subjunctive passive simple (past)
aux_3_sbj_pas_sim_prs,wipafa,wip.ˈaf.a,auxiliary-form: 3rd subjunctive passive simple (present)
aux_3_sbj_pas_sim_fut,wipafo,wip.ˈaf.o,auxiliary-form: 3rd subjunctive passive simple (future)
aux_3_sbj_pas_ipf_pst,wipathe,wip.ˈaθ.e,auxiliary-form: 3rd subjunctive passive imperfective (past)
aux_3_sbj_pas_ipf_prs,wipatha,wip.ˈaθ.a,auxiliary-form: 3rd subjunctive passive imperfective (present)
aux_3_sbj_pas_ipf_fut,wipatho,wip.ˈaθ.o,auxiliary-form: 3rd subjunctive passive imperfective (future)
aux_3_sbj_pas_prf_pst,wipalhe,wip.ˈaɬ.e,auxiliary-form: 3rd subjunctive passive perfect (past)
aux_3_sbj_pas_prf_prs,wipalha,wip.ˈaɬ.a,auxiliary-form: 3rd subjunctive passive perfect (present)
aux_3_sbj_pas_prf_fut,wipalho,wip.ˈaɬ.o,auxiliary-form: 3rd subjunctive passive perfect (future)
aux_3_sbj_pas_nea_pst,wipatle,wip.ˈaƛ.e,auxiliary-form: 3rd subjunctive passive near (past)
aux_3_sbj_pas_nea_prs,wipatla,wip.ˈaƛ.a,auxiliary-form: 3rd subjunctive passive near (present)
aux_3_sbj_pas_nea_fut,wipatlo,wip.ˈaƛ.o,auxiliary-form: 3rd subjunctive passive near (future)
aux_3_sbj_pas_imm_pst,wipake,wip.ˈak.e,auxiliary-form: 3rd subjunctive passive immediate (past)
aux_3_sbj_pas_imm_prs,wipaka,wip.ˈak.a,auxiliary-form: 3rd subjunctive passive immediate (present)
aux_3_sbj_pas_imm_fut,wipako,wip.ˈak.o,auxiliary-form: 3rd subjunctive passive immediate (future)
aux_3_sbj_pas_hab_pst,wipame,wip.ˈam.e,auxiliary-form: 3rd subjunctive passive habitual (past)
aux_3_sbj_pas_hab_prs,wipama,wip.ˈam.a,auxiliary-form: 3rd subjunctive passive habitual (present)
aux_3_sbj_pas_hab_fut,wipamo,wip.ˈam.o,auxiliary-form: 3rd subjunctive passive habitual (future)
aux_3_sbj_pas_pro_pst,wipase,wip.ˈas.e,auxiliary-form: 3rd subjunctive passive progressive (past)
aux_3_sbj_pas_pro_prs,wipasa,wip.ˈas.a,auxiliary-form: 3rd subjunctive passive progressive (present)
aux_3_sbj_pas_pro_fut,wipaso,wip.ˈas.o,auxiliary-form: 3rd subjunctive passive progressive (future)
aux_3_sbj_pas_cnt_pst,wipashe,wip.ˈaʃ.e,auxiliary-form: 3rd subjunctive passive continuous (past)
aux_3_sbj_pas_cnt_prs,wipasha,wip.ˈaʃ.a,auxiliary-form: 3rd subjunctive passive continuous (present)
aux_3_sbj_pas_cnt_fut,wipasho,wip.ˈaʃ.o,auxiliary-form: 3rd subjunctive passive continuous (future)
aux_3_sbj_pas_itr_pst,wipane,wip.ˈan.e,auxiliary-form: 3rd subjunctive passive iterative (past)
aux_3_sbj_pas_itr_prs,wipana,wip.ˈan.a,auxiliary-form: 3rd subjunctive passive iterative (present)
aux_3_sbj_pas_itr_fut,wipano,wip.ˈan.o,auxiliary-form: 3rd subjunctive passive iterative (future)
aux_3_sbj_pas_inc_pst,wipaye,wip.ˈaj.e,auxiliary-form: 3rd subjunctive passive inceptive (past)
aux_3_sbj_pas_inc_prs,wipaya,wip.ˈaj.a,auxiliary-form: 3rd subjunctive passive inceptive (present)
aux_3_sbj_pas_inc_fut,wipayo,wip.ˈaj.o,auxiliary-form: 3rd subjunctive passive inceptive (future)
aux_3_sbj_pas_ces_pst,wipape,wip.ˈap.e,auxiliary-form: 3rd subjunctive passive cessative (past)
aux_3_sbj_pas_ces_prs,wipapa,wip.ˈap.a,auxiliary-form: 3rd subjunctive passive cessative (present)
aux_3_sbj_pas_ces_fut,wipapo,wip.ˈap.o,auxiliary-form: 3rd subjunctive passive cessative (future)
aux_3_sbj_pas_rem_pst,wipahe,wip.ˈah.e,auxiliary-form: 3rd subjunctive passive remote (past)
aux_3_sbj_pas_rem_prs,wipaha,wip.ˈah.a,auxiliary-form: 3rd subjunctive passive remote (present)
aux_3_sbj_pas_rem_fut,wipaho,wip.ˈah.o,auxiliary-form: 3rd subjunctive passive remote (future)
aux_3_sbj_mid_sim_pst,wimofe,wim.ˈof.e,auxiliary-form: 3rd subjunctive middle simple (past)
aux_3_sbj_mid_sim_prs,wimofa,wim.ˈof.a,auxiliary-form: 3rd subjunctive middle simple (present)
aux_3_sbj_mid_sim_fut,wimofo,wim.ˈof.o,auxiliary-form: 3rd subjunctive middle simple (future)
aux_3_sbj_mid_ipf_pst,wimothe,wim.ˈoθ.e,auxiliary-form: 3rd subjunctive middle imperfective (past)
aux_3_sbj_mid_ipf_prs,wimotha,wim.ˈoθ.a,auxiliary-form: 3rd subjunctive middle imperfective (present)
aux_3_sbj_mid_ipf_fut,wimotho,wim.ˈoθ.o,auxiliary-form: 3rd subjunctive middle imperfective (future)
aux_3_sbj_mid_prf_pst,wimolhe,wim.ˈoɬ.e,auxiliary-form: 3rd subjunctive middle perfect (past)
aux_3_sbj_mid_prf_prs,wimolha,wim.ˈoɬ.a,auxiliary-form: 3rd subjunctive middle perfect (present)
aux_3_sbj_mid_prf_fut,wimolho,wim.ˈoɬ.o,auxiliary-form: 3rd subjunctive middle perfect (future)
aux_3_sbj_mid_nea_pst,wimotle,wim.ˈoƛ.e,auxiliary-form: 3rd subjunctive middle near (past)
aux_3_sbj_mid_nea_prs,wimotla,wim.ˈoƛ.a,auxiliary-form: 3rd subjunctive middle near (present)
aux_3_sbj_mid_nea_fut,wimotlo,wim.ˈoƛ.o,auxiliary-form: 3rd subjunctive middle near (future)
aux_3_sbj_mid_imm_pst,wimoke,wim.ˈok.e,auxiliary-form: 3rd subjunctive middle immediate (past)
aux_3_sbj_mid_imm_prs,wimoka,wim.ˈok.a,auxiliary-form: 3rd subjunctive middle immediate (present)
aux_3_sbj_mid_imm_fut,wimoko,wim.ˈok.o,auxiliary-form: 3rd subjunctive middle immediate (future)
aux_3_sbj_mid_hab_pst,wimome,wim.ˈom.e,auxiliary-form: 3rd subjunctive middle habitual (past)
aux_3_sbj_mid_hab_prs,wimoma,wim.ˈom.a,auxiliary-form: 3rd subjunctive middle habitual (present)
aux_3_sbj_mid_hab_fut,wimomo,wim.ˈom.o,auxiliary-form: 3rd subjunctive middle habitual (future)
aux_3_sbj_mid_pro_pst,wimose,wim.ˈos.e,auxiliary-form: 3rd subjunctive middle progressive (past)
aux_3_sbj_mid_pro_prs,wimosa,wim.ˈos.a,auxiliary-form: 3rd subjunctive middle progressive (present)
aux_3_sbj_mid_pro_fut,wimoso,wim.ˈos.o,auxiliary-form: 3rd subjunctive middle progressive (future)
aux_3_sbj_mid_cnt_pst,wimoshe,wim.ˈoʃ.e,auxiliary-form: 3rd subjunctive middle continuous (past)
aux_3_sbj_mid_cnt_prs,wimosha,wim.ˈoʃ.a,auxiliary-form: 3rd subjunctive middle continuous (present)
aux_3_sbj_mid_cnt_fut,wimosho,wim.ˈoʃ.o,auxiliary-form: 3rd subjunctive middle continuous (future)
aux_3_sbj_mid_itr_pst,wimone,wim.ˈon.e,auxiliary-form: 3rd subjunctive middle iterative (past)
aux_3_sbj_mid_itr_prs,wimona,wim.ˈon.a,auxiliary-form: 3rd subjunctive middle iterative (present)
aux_3_sbj_mid_itr_fut,wimono,wim.ˈon.o,auxiliary-form: 3rd subjunctive middle iterative (future)
aux_3_sbj_mid_inc_pst,wimoye,wim.ˈoj.e,auxiliary-form: 3rd subjunctive middle inceptive (past)
aux_3_sbj_mid_inc_prs,wimoya,wim.ˈoj.a,auxiliary-form: 3rd subjunctive middle inceptive (present)
aux_3_sbj_mid_inc_fut,wimoyo,wim.ˈoj.o,auxiliary-form: 3rd subjunctive middle inceptive (future)
aux_3_sbj_mid_ces_pst,wimope,wim.ˈop.e,auxiliary-form: 3rd subjunctive middle cessative (past)
aux_3_sbj_mid_ces_prs,wimopa,wim.ˈop.a,auxiliary-form: 3rd subjunctive middle cessative (present)
aux_3_sbj_mid_ces_fut,wimopo,wim.ˈop.o,auxiliary-form: 3rd subjunctive middle cessative (future)
aux_3_sbj_mid_rem_pst,wimohe,wim.ˈoh.e,auxiliary-form: 3rd subjunctive middle remote (past)
aux_3_sbj_mid_rem_prs,wimoha,wim.ˈoh.a,auxiliary-form: 3rd subjunctive middle remote (present)
aux_3_sbj_mid_rem_fut,wimoho,wim.ˈoh.o,auxiliary-form: 3rd subjunctive middle remote (future)
aux_3_sbj_cau_sim_pst,wikefe,wik.ˈef.e,auxiliary-form: 3rd subjunctive causative simple (past)
aux_3_sbj_cau_sim_prs,wikefa,wik.ˈef.a,auxiliary-form: 3rd subjunctive causative simple (present)
aux_3_sbj_cau_sim_fut,wikefo,wik.ˈef.o,auxiliary-form: 3rd subjunctive causative simple (future)
aux_3_sbj_cau_ipf_pst,wikethe,wik.ˈeθ.e,auxiliary-form: 3rd subjunctive causative imperfective (past)
aux_3_sbj_cau_ipf_prs,wiketha,wik.ˈeθ.a,auxiliary-form: 3rd subjunctive causative imperfective (present)
aux_3_sbj_cau_ipf_fut,wiketho,wik.ˈeθ.o,auxiliary-form: 3rd subjunctive causative imperfective (future)
aux_3_sbj_cau_prf_pst,wikelhe,wik.ˈeɬ.e,auxiliary-form: 3rd subjunctive causative perfect (past)
aux_3_sbj_cau_prf_prs,wikelha,wik.ˈeɬ.a,auxiliary-form: 3rd subjunctive causative perfect (present)
aux_3_sbj_cau_prf_fut,wikelho,wik.ˈeɬ.o,auxiliary-form: 3rd subjunctive causative perfect (future)
aux_3_sbj_cau_nea_pst,wiketle,wik.ˈeƛ.e,auxiliary-form: 3rd subjunctive causative near (past)
aux_3_sbj_cau_nea_prs,wiketla,wik.ˈeƛ.a,auxiliary-form: 3rd subjunctive causative near (present)
aux_3_sbj_cau_nea_fut,wiketlo,wik.ˈeƛ.o,auxiliary-form: 3rd subjunctive causative near (future)
aux_3_sbj_cau_imm_pst,wikeke,wik.ˈek.e,auxiliary-form: 3rd subjunctive causative immediate (past)
aux_3_sbj_cau_imm_prs,wikeka,wik.ˈek.a,auxiliary-form: 3rd subjunctive causative immediate (present)
aux_3_sbj_cau_imm_fut,wikeko,wik.ˈek.o,auxiliary-form: 3rd subjunctive causative immediate (future)
aux_3_sbj_cau_hab_pst,wikeme,wik.ˈem.e,auxiliary-form: 3rd subjunctive causative habitual (past)
aux_3_sbj_cau_hab_prs,wikema,wik.ˈem.a,auxiliary-form: 3rd subjunctive causative habitual (present)
aux_3_sbj_cau_hab_fut,wikemo,wik.ˈem.o,auxiliary-form: 3rd subjunctive causative habitual (future)
aux_3_sbj_cau_pro_pst,wikese,wik.ˈes.e,auxiliary-form: 3rd subjunctive causative progressive (past)
aux_3_sbj_cau_pro_prs,wikesa,wik.ˈes.a,auxiliary-form: 3rd subjunctive causative progressive (present)
aux_3_sbj_cau_pro_fut,wikeso,wik.ˈes.o,auxiliary-form: 3rd subjunctive causative progressive (future)
aux_3_sbj_cau_cnt_pst,wikeshe,wik.ˈeʃ.e,auxiliary-form: 3rd subjunctive causative continuous (past)
aux_3_sbj_cau_cnt_prs,wikesha,wik.ˈeʃ.a,auxiliary-form: 3rd subjunctive causative continuous (present)
aux_3_sbj_cau_cnt_fut,wikesho,wik.ˈeʃ.o,auxiliary-form: 3rd subjunctive causative continuous (future)
aux_3_sbj_cau_itr_pst,wikene,wik.ˈen.e,auxiliary-form: 3rd subjunctive causative iterative (past)
aux_3_sbj_cau_itr_prs,wikena,wik.ˈen.a,auxiliary-form: 3rd subjunctive causative iterative (present)
aux_3_sbj_cau_itr_fut,wikeno,wik.ˈen.o,auxiliary-form: 3rd subjunctive causative iterative (future)
aux_3_sbj_cau_inc_pst,wikeye,wik.ˈej.e,auxiliary-form: 3rd subjunctive causative inceptive (past)
aux_3_sbj_cau_inc_prs,wikeya,wik.ˈej.a,auxiliary-form: 3rd subjunctive causative inceptive (present)
aux_3_sbj_cau_inc_fut,wikeyo,wik.ˈej.o,auxiliary-form: 3rd subjunctive causative inceptive (future)
aux_3_sbj_cau_ces_pst,wikepe,wik.ˈep.e,auxiliary-form: 3rd subjunctive causative cessative (past)
aux_3_sbj_cau_ces_prs,wikepa,wik.ˈep.a,auxiliary-form: 3rd subjunctive causative cessative (present)
aux_3_sbj_cau_ces_fut,wikepo,wik.ˈep.o,auxiliary-form: 3rd subjunctive causative cessative (future)
aux_3_sbj_cau_rem_pst,wikehe,wik.ˈeh.e,auxiliary-form: 3rd subjunctive causative remote (past)
aux_3_sbj_cau_rem_prs,wikeha,wik.ˈeh.a,auxiliary-form: 3rd subjunctive causative remote (present)
aux_3_sbj_cau_rem_fut,wikeho,wik.ˈeh.o,auxiliary-form: 3rd subjunctive causative remote (future)
aux_3_sbj_rec_sim_pst,wirafe,wir.ˈaf.e,auxiliary-form: 3rd subjunctive reciprocal simple (past)
aux_3_sbj_rec_sim_prs,wirafa,wir.ˈaf.a,auxiliary-form: 3rd subjunctive reciprocal simple (present)
aux_3_sbj_rec_sim_fut,wirafo,wir.ˈaf.o,auxiliary-form: 3rd subjunctive reciprocal simple (future)
aux_3_sbj_rec_ipf_pst,wirathe,wir.ˈaθ.e,auxiliary-form: 3rd subjunctive reciprocal imperfective (past)
aux_3_sbj_rec_ipf_prs,wiratha,wir.ˈaθ.a,auxiliary-form: 3rd subjunctive reciprocal imperfective (present)
aux_3_sbj_rec_ipf_fut,wiratho,wir.ˈaθ.o,auxiliary-form: 3rd subjunctive reciprocal imperfective (future)
aux_3_sbj_rec_prf_pst,wiralhe,wir.ˈaɬ.e,auxiliary-form: 3rd subjunctive reciprocal perfect (past)
aux_3_sbj_rec_prf_prs,wiralha,wir.ˈaɬ.a,auxiliary-form: 3rd subjunctive reciprocal perfect (present)
aux_3_sbj_rec_prf_fut,wiralho,wir.ˈaɬ.o,auxiliary-form: 3rd subjunctive reciprocal perfect (future)
aux_3_sbj_rec_nea_pst,wiratle,wir.ˈaƛ.e,auxiliary-form: 3rd subjunctive reciprocal near (past)
aux_3_sbj_rec_nea_prs,wiratla,wir.ˈaƛ.a,auxiliary-form: 3rd subjunctive reciprocal near (present)
aux_3_sbj_rec_nea_fut,wiratlo,wir.ˈaƛ.o,auxiliary-form: 3rd subjunctive reciprocal near (future)
aux_3_sbj_rec_imm_pst,wirake,wir.ˈak.e,auxiliary-form: 3rd subjunctive reciprocal immediate (past)
aux_3_sbj_rec_imm_prs,wiraka,wir.ˈak.a,auxiliary-form: 3rd subjunctive reciprocal immediate (present)
aux_3_sbj_rec_imm_fut,wirako,wir.ˈak.o,auxiliary-form: 3rd subjunctive reciprocal immediate (future)
aux_3_sbj_rec_hab_pst,wirame,wir.ˈam.e,auxiliary-form: 3rd subjunctive reciprocal habitual (past)
aux_3_sbj_rec_hab_prs,wirama,wir.ˈam.a,auxiliary-form: 3rd subjunctive reciprocal habitual (present)
aux_3_sbj_rec_hab_fut,wiramo,wir.ˈam.o,auxiliary-form: 3rd subjunctive reciprocal habitual (future)
aux_3_sbj_rec_pro_pst,wirase,wir.ˈas.e,auxiliary-form: 3rd subjunctive reciprocal progressive (past)
aux_3_sbj_rec_pro_prs,wirasa,wir.ˈas.a,auxiliary-form: 3rd subjunctive reciprocal progressive (present)
aux_3_sbj_rec_pro_fut,wiraso,wir.ˈas.o,auxiliary-form: 3rd subjunctive reciprocal progressive (future)
aux_3_sbj_rec_cnt_pst,wirashe,wir.ˈaʃ.e,auxiliary-form: 3rd subjunctive reciprocal continuous (past)
aux_3_sbj_rec_cnt_prs,wirasha,wir.ˈaʃ.a,auxiliary-form: 3rd subjunctive reciprocal continuous (present)
aux_3_sbj_rec_cnt_fut,wirasho,wir.ˈaʃ.o,auxiliary-form: 3rd subjunctive reciprocal continuous (future)
aux_3_sbj_rec_itr_pst,wirane,wir.ˈan.e,auxiliary-form: 3rd subjunctive reciprocal iterative (past)
aux_3_sbj_rec_itr_prs,wirana,wir.ˈan.a,auxiliary-form: 3rd subjunctive reciprocal iterative (present)
aux_3_sbj_rec_itr_fut,wirano,wir.ˈan.o,auxiliary-form: 3rd subjunctive reciprocal iterative (future)
aux_3_sbj_rec_inc_pst,wiraye,wir.ˈaj.e,auxiliary-form: 3rd subjunctive reciprocal inceptive (past)
aux_3_sbj_rec_inc_prs,wiraya,wir.ˈaj.a,auxiliary-form: 3rd subjunctive reciprocal inceptive (present)
aux_3_sbj_rec_inc_fut,wirayo,wir.ˈaj.o,auxiliary-form: 3rd subjunctive reciprocal inceptive (future)
aux_3_sbj_rec_ces_pst,wirape,wir.ˈap.e,auxiliary-form: 3rd subjunctive reciprocal cessative (past)
aux_3_sbj_rec_ces_prs,wirapa,wir.ˈap.a,auxiliary-form: 3rd subjunctive reciprocal cessative (present)
aux_3_sbj_rec_ces_fut,wirapo,wir.ˈap.o,auxiliary-form: 3rd subjunctive reciprocal cessative (future)
aux_3_sbj_rec_rem_pst,wirahe,wir.ˈah.e,auxiliary-form: 3rd subjunctive reciprocal remote (past)
aux_3_sbj_rec_rem_prs,wiraha,wir.ˈah.a,auxiliary-form: 3rd subjunctive reciprocal remote (present)
aux_3_sbj_rec_rem_fut,wiraho,wir.ˈah.o,auxiliary-form: 3rd subjunctive reciprocal remote (future)
aux_3_imp_sim_pst,sefe,sˈef.e,auxiliary-form: 3rd imperative simple (past)
aux_3_imp_sim_prs,sefa,sˈef.a,auxiliary-form: 3rd imperative simple (present)
aux_3_imp_sim_fut,sefo,sˈef.o,auxiliary-form: 3rd imperative simple (future)
aux_3_imp_ipf_pst,sethe,sˈeθ.e,auxiliary-form: 3rd imperative imperfective (past)
aux_3_imp_ipf_prs,setha,sˈeθ.a,auxiliary-form: 3rd imperative imperfective (present)
aux_3_imp_ipf_fut,setho,sˈeθ.o,auxiliary-form: 3rd imperative imperfective (future)
aux_3_imp_prf_pst,selhe,sˈeɬ.e,auxiliary-form: 3rd imperative perfect (past)
aux_3_imp_prf_prs,selha,sˈeɬ.a,auxiliary-form: 3rd imperative perfect (present)
aux_3_imp_prf_fut,selho,sˈeɬ.o,auxiliary-form: 3rd imperative perfect (future)
aux_3_imp_nea_pst,setle,sˈeƛ.e,auxiliary-form: 3rd imperative near (past)
aux_3_imp_nea_prs,setla,sˈeƛ.a,auxiliary-form: 3rd imperative near (present)
aux_3_imp_nea_fut,setlo,sˈeƛ.o,auxiliary-form: 3rd imperative near (future)
aux_3_imp_imm_pst,seke,sˈek.e,auxiliary-form: 3rd imperative immediate (past)
aux_3_imp_imm_prs,seka,sˈek.a,auxiliary-form: 3rd imperative immediate (present)
aux_3_imp_imm_fut,seko,sˈek.o,auxiliary-form: 3rd imperative immediate (future)
aux_3_imp_hab_pst,seme,sˈem.e,auxiliary-form: 3rd imperative habitual (past)
aux_3_imp_hab_prs,sema,sˈem.a,auxiliary-form: 3rd imperative habitual (present)
aux_3_imp_hab_fut,semo,sˈem.o,auxiliary-form: 3rd imperative habitual (future)
aux_3_imp_pro_pst,sese,sˈes.e,auxiliary-form: 3rd imperative progressive (past)
aux_3_imp_pro_prs,sesa,sˈes.a,auxiliary-form: 3rd imperative progressive (present)
aux_3_imp_pro_fut,seso,sˈes.o,auxiliary-form: 3rd imperative progressive (future)
aux_3_imp_cnt_pst,seshe,sˈeʃ.e,auxiliary-form: 3rd imperative continuous (past)
aux_3_imp_cnt_prs,sesha,sˈeʃ.a,auxiliary-form: 3rd imperative continuous (present)
aux_3_imp_cnt_fut,sesho,sˈeʃ.o,auxiliary-form: 3rd imperative continuous (future)
aux_3_imp_itr_pst,sene,sˈen.e,auxiliary-form: 3rd imperative iterative (past)
aux_3_imp_itr_prs,sena,sˈen.a,auxiliary-form: 3rd imperative iterative (present)
aux_3_imp_itr_fut,seno,sˈen.o,auxiliary-form: 3rd imperative iterative (future)
aux_3_imp_inc_pst,seye,sˈej.e,auxiliary-form: 3rd imperative inceptive (past)
aux_3_imp_inc_prs,seya,sˈej.a,auxiliary-form: 3rd imperative inceptive (present)
aux_3_imp_inc_fut,seyo,sˈej.o,auxiliary-form: 3rd imperative inceptive (future)
aux_3_imp_ces_pst,sepe,sˈep.e,auxiliary-form: 3rd imperative cessative (past)
aux_3_imp_ces_prs,sepa,sˈep.a,auxiliary-form: 3rd imperative cessative (present)
aux_3_imp_ces_fut,sepo,sˈep.o,auxiliary-form: 3rd imperative cessative (future)
aux_3_imp_rem_pst,sehe,sˈeh.e,auxiliary-form: 3rd imperative remote (past)
aux_3_imp_rem_prs,seha,sˈeh.a,auxiliary-form: 3rd imperative remote (present)
aux_3_imp_rem_fut,seho,sˈeh.o,auxiliary-form: 3rd imperative remote (future)
aux_3_imp_ref_sim_pst,setefe,set.ˈef.e,auxiliary-form: 3rd imperative reflexive simple (past)
aux_3_imp_ref_sim_prs,setefa,set.ˈef.a,auxiliary-form: 3rd imperative reflexive simple (present)
aux_3_imp_ref_sim_fut,setefo,set.ˈef.o,auxiliary-form: 3rd imperative reflexive simple (future)
aux_3_imp_ref_ipf_pst,setethe,set.ˈeθ.e,auxiliary-form: 3rd imperative reflexive imperfective (past)
aux_3_imp_ref_ipf_prs,setetha,set.ˈeθ.a,auxiliary-form: 3rd imperative reflexive imperfective (present)
aux_3_imp_ref_ipf_fut,setetho,set.ˈeθ.o,auxiliary-form: 3rd imperative reflexive imperfective (future)
aux_3_imp_ref_prf_pst,setelhe,set.ˈeɬ.e,auxiliary-form: 3rd imperative reflexive perfect (past)
aux_3_imp_ref_prf_prs,setelha,set.ˈeɬ.a,auxiliary-form: 3rd imperative reflexive perfect (present)
aux_3_imp_ref_prf_fut,setelho,set.ˈeɬ.o,auxiliary-form: 3rd imperative reflexive perfect (future)
aux_3_imp_ref_nea_pst,setetle,set.ˈeƛ.e,auxiliary-form: 3rd imperative reflexive near (past)
aux_3_imp_ref_nea_prs,setetla,set.ˈeƛ.a,auxiliary-form: 3rd imperative reflexive near (present)
aux_3_imp_ref_nea_fut,setetlo,set.ˈeƛ.o,auxiliary-form: 3rd imperative reflexive near (future)
aux_3_imp_ref_imm_pst,seteke,set.ˈek.e,auxiliary-form: 3rd imperative reflexive immediate (past)
aux_3_imp_ref_imm_prs,seteka,set.ˈek.a,auxiliary-form: 3rd imperative reflexive immediate (present)
aux_3_imp_ref_imm_fut,seteko,set.ˈek.o,auxiliary-form: 3rd imperative reflexive immediate (future)
aux_3_imp_ref_hab_pst,seteme,set.ˈem.e,auxiliary-form: 3rd imperative reflexive habitual (past)
aux_3_imp_ref_hab_prs,setema,set.ˈem.a,auxiliary-form: 3rd imperative reflexive habitual (present)
aux_3_imp_ref_hab_fut,setemo,set.ˈem.o,auxiliary-form: 3rd imperative reflexive habitual (future)
aux_3_imp_ref_pro_pst,setese,set.ˈes.e,auxiliary-form: 3rd imperative reflexive progressive (past)
aux_3_imp_ref_pro_prs,setesa,set.ˈes.a,auxiliary-form: 3rd imperative reflexive progressive (present)
aux_3_imp_ref_pro_fut,seteso,set.ˈes.o,auxiliary-form: 3rd imperative reflexive progressive (future)
aux_3_imp_ref_cnt_pst,seteshe,set.ˈeʃ.e,auxiliary-form: 3rd imperative reflexive continuous (past)
aux_3_imp_ref_cnt_prs,setesha,set.ˈeʃ.a,auxiliary-form: 3rd imperative reflexive continuous (present)
aux_3_imp_ref_cnt_fut,setesho,set.ˈeʃ.o,auxiliary-form: 3rd imperative reflexive continuous (future)
aux_3_imp_ref_itr_pst,setene,set.ˈen.e,auxiliary-form: 3rd imperative reflexive iterative (past)
aux_3_imp_ref_itr_prs,setena,set.ˈen.a,auxiliary-form: 3rd imperative reflexive iterative (present)
aux_3_imp_ref_itr_fut,seteno,set.ˈen.o,auxiliary-form: 3rd imperative reflexive iterative (future)
aux_3_imp_ref_inc_pst,seteye,set.ˈej.e,auxiliary-form: 3rd imperative reflexive inceptive (past)
aux_3_imp_ref_inc_prs,seteya,set.ˈej.a,auxiliary-form: 3rd imperative reflexive inceptive (present)
aux_3_imp_ref_inc_fut,seteyo,set.ˈej.o,auxiliary-form: 3rd imperative reflexive inceptive (future)
aux_3_imp_ref_ces_pst,setepe,set.ˈep.e,auxiliary-form: 3rd imperative reflexive cessative (past)
aux_3_imp_ref_ces_prs,setepa,set.ˈep.a,auxiliary-form: 3rd imperative reflexive cessative (present)
aux_3_imp_ref_ces_fut,setepo,set.ˈep.o,auxiliary-form: 3rd imperative reflexive cessative (future)
aux_3_imp_ref_rem_pst,setehe,set.ˈeh.e,auxiliary-form: 3rd imperative reflexive remote (past)
aux_3_imp_ref_rem_prs,seteha,set.ˈeh.a,auxiliary-form: 3rd imperative reflexive remote (present)
aux_3_imp_ref_rem_fut,seteho,set.ˈeh.o,auxiliary-form: 3rd imperative reflexive remote (future)
aux_3_imp_pas_sim_pst,sepafe,sep.ˈaf.e,auxiliary-form: 3rd imperative passive simple (past)
aux_3_imp_pas_sim_prs,sepafa,sep.ˈaf.a,auxiliary-form: 3rd imperative passive simple (present)
aux_3_imp_pas_sim_fut,sepafo,sep.ˈaf.o,auxiliary-form: 3rd imperative passive simple (future)
aux_3_imp_pas_ipf_pst,sepathe,sep.ˈaθ.e,auxiliary-form: 3rd imperative passive imperfective (past)
aux_3_imp_pas_ipf_prs,sepatha,sep.ˈaθ.a,auxiliary-form: 3rd imperative passive imperfective (present)
aux_3_imp_pas_ipf_fut,sepatho,sep.ˈaθ.o,auxiliary-form: 3rd imperative passive imperfective (future)
aux_3_imp_pas_prf_pst,sepalhe,sep.ˈaɬ.e,auxiliary-form: 3rd imperative passive perfect (past)
aux_3_imp_pas_prf_prs,sepalha,sep.ˈaɬ.a,auxiliary-form: 3rd imperative passive perfect (present)
aux_3_imp_pas_prf_fut,sepalho,sep.ˈaɬ.o,auxiliary-form: 3rd imperative passive perfect (future)
aux_3_imp_pas_nea_pst,sepatle,sep.ˈaƛ.e,auxiliary-form: 3rd imperative passive near (past)
aux_3_imp_pas_nea_prs,sepatla,sep.ˈaƛ.a,auxiliary-form: 3rd imperative passive near (present)
aux_3_imp_pas_nea_fut,sepatlo,sep.ˈaƛ.o,auxiliary-form: 3rd imperative passive near (future)
aux_3_imp_pas_imm_pst,sepake,sep.ˈak.e,auxiliary-form: 3rd imperative passive immediate (past)
aux_3_imp_pas_imm_prs,sepaka,sep.ˈak.a,auxiliary-form: 3rd imperative passive immediate (present)
aux_3_imp_pas_imm_fut,sepako,sep.ˈak.o,auxiliary-form: 3rd imperative passive immediate (future)
aux_3_imp_pas_hab_pst,sepame,sep.ˈam.e,auxiliary-form: 3rd imperative passive habitual (past)
aux_3_imp_pas_hab_prs,sepama,sep.ˈam.a,auxiliary-form: 3rd imperative passive habitual (present)
aux_3_imp_pas_hab_fut,sepamo,sep.ˈam.o,auxiliary-form: 3rd imperative passive habitual (future)
aux_3_imp_pas_pro_pst,sepase,sep.ˈas.e,auxiliary-form: 3rd imperative passive progressive (past)
aux_3_imp_pas_pro_prs,sepasa,sep.ˈas.a,auxiliary-form: 3rd imperative passive progressive (present)
aux_3_imp_pas_pro_fut,sepaso,sep.ˈas.o,auxiliary-form: 3rd imperative passive progressive (future)
aux_3_imp_pas_cnt_pst,sepashe,sep.ˈaʃ.e,auxiliary-form: 3rd imperative passive continuous (past)
aux_3_imp_pas_cnt_prs,sepasha,sep.ˈaʃ.a,auxiliary-form: 3rd imperative passive continuous (present)
aux_3_imp_pas_cnt_fut,sepasho,sep.ˈaʃ.o,auxiliary-form: 3rd imperative passive continuous (future)
aux_3_imp_pas_itr_pst,sepane,sep.ˈan.e,auxiliary-form: 3rd imperative passive iterative (past)
aux_3_imp_pas_itr_prs,sepana,sep.ˈan.a,auxiliary-form: 3rd imperative passive iterative (present)
aux_3_imp_pas_itr_fut,sepano,sep.ˈan.o,auxiliary-form: 3rd imperative passive iterative (future)
aux_3_imp_pas_inc_pst,sepaye,sep.ˈaj.e,auxiliary-form: 3rd imperative passive inceptive (past)
aux_3_imp_pas_inc_prs,sepaya,sep.ˈaj.a,auxiliary-form: 3rd imperative passive inceptive (present)
aux_3_imp_pas_inc_fut,sepayo,sep.ˈaj.o,auxiliary-form: 3rd imperative passive inceptive (future)
aux_3_imp_pas_ces_pst,sepape,sep.ˈap.e,auxiliary-form: 3rd imperative passive cessative (past)
aux_3_imp_pas_ces_prs,sepapa,sep.ˈap.a,auxiliary-form: 3rd imperative passive cessative (present)
aux_3_imp_pas_ces_fut,sepapo,sep.ˈap.o,auxiliary-form: 3rd imperative passive cessative (future)
aux_3_imp_pas_rem_pst,sepahe,sep.ˈah.e,auxiliary-form: 3rd imperative passive remote (past)
aux_3_imp_pas_rem_prs,sepaha,sep.ˈah.a,auxiliary-form: 3rd imperative passive remote (present)
aux_3_imp_pas_rem_fut,sepaho,sep.ˈah.o,auxiliary-form: 3rd imperative passive remote (future)
aux_3_imp_mid_sim_pst,semofe,sem.ˈof.e,auxiliary-form: 3rd imperative middle simple (past)
aux_3_imp_mid_sim_prs,semofa,sem.ˈof.a,auxiliary-form: 3rd imperative middle simple (present)
aux_3_imp_mid_sim_fut,semofo,sem.ˈof.o,auxiliary-form: 3rd imperative middle simple (future)
aux_3_imp_mid_ipf_pst,semothe,sem.ˈoθ.e,auxiliary-form: 3rd imperative middle imperfective (past)
aux_3_imp_mid_ipf_prs,semotha,sem.ˈoθ.a,auxiliary-form: 3rd imperative middle imperfective (present)
aux_3_imp_mid_ipf_fut,semotho,sem.ˈoθ.o,auxiliary-form: 3rd imperative middle imperfective (future)
aux_3_imp_mid_prf_pst,semolhe,sem.ˈoɬ.e,auxiliary-form: 3rd imperative middle perfect (past)
aux_3_imp_mid_prf_prs,semolha,sem.ˈoɬ.a,auxiliary-form: 3rd imperative middle perfect (present)
aux_3_imp_mid_prf_fut,semolho,sem.ˈoɬ.o,auxiliary-form: 3rd imperative middle perfect (future)
aux_3_imp_mid_nea_pst,semotle,sem.ˈoƛ.e,auxiliary-form: 3rd imperative middle near (past)
aux_3_imp_mid_nea_prs,semotla,sem.ˈoƛ.a,auxiliary-form: 3rd imperative middle near (present)
aux_3_imp_mid_nea_fut,semotlo,sem.ˈoƛ.o,auxiliary-form: 3rd imperative middle near (future)
aux_3_imp_mid_imm_pst,semoke,sem.ˈok.e,auxiliary-form: 3rd imperative middle immediate (past)
aux_3_imp_mid_imm_prs,semoka,sem.ˈok.a,auxiliary-form: 3rd imperative middle immediate (present)
aux_3_imp_mid_imm_fut,semoko,sem.ˈok.o,auxiliary-form: 3rd imperative middle immediate (future)
aux_3_imp_mid_hab_pst,semome,sem.ˈom.e,auxiliary-form: 3rd imperative middle habitual (past)
aux_3_imp_mid_hab_prs,semoma,sem.ˈom.a,auxiliary-form: 3rd imperative middle habitual (present)
aux_3_imp_mid_hab_fut,semomo,sem.ˈom.o,auxiliary-form: 3rd imperative middle habitual (future)
aux_3_imp_mid_pro_pst,semose,sem.ˈos.e,auxiliary-form: 3rd imperative middle progressive (past)
aux_3_imp_mid_pro_prs,semosa,sem.ˈos.a,auxiliary-form: 3rd imperative middle progressive (present)
aux_3_imp_mid_pro_fut,semoso,sem.ˈos.o,auxiliary-form: 3rd imperative middle progressive (future)
aux_3_imp_mid_cnt_pst,semoshe,sem.ˈoʃ.e,auxiliary-form: 3rd imperative middle continuous (past)
aux_3_imp_mid_cnt_prs,semosha,sem.ˈoʃ.a,auxiliary-form: 3rd imperative middle continuous (present)
aux_3_imp_mid_cnt_fut,semosho,sem.ˈoʃ.o,auxiliary-form: 3rd imperative middle continuous (future)
aux_3_imp_mid_itr_pst,semone,sem.ˈon.e,auxiliary-form: 3rd imperative middle iterative (past)
aux_3_imp_mid_itr_prs,semona,sem.ˈon.a,auxiliary-form: 3rd imperative middle iterative (present)
aux_3_imp_mid_itr_fut,semono,sem.ˈon.o,auxiliary-form: 3rd imperative middle iterative (future)
aux_3_imp_mid_inc_pst,semoye,sem.ˈoj.e,auxiliary-form: 3rd imperative middle inceptive (past)
aux_3_imp_mid_inc_prs,semoya,sem.ˈoj.a,auxiliary-form: 3rd imperative middle inceptive (present)
aux_3_imp_mid_inc_fut,semoyo,sem.ˈoj.o,auxiliary-form: 3rd imperative middle inceptive (future)
aux_3_imp_mid_ces_pst,semope,sem.ˈop.e,auxiliary-form: 3rd imperative middle cessative (past)
aux_3_imp_mid_ces_prs,semopa,sem.ˈop.a,auxiliary-form: 3rd imperative middle cessative (present)
aux_3_imp_mid_ces_fut,semopo,sem.ˈop.o,auxiliary-form: 3rd imperative middle cessative (future)
aux_3_imp_mid_rem_pst,semohe,sem.ˈoh.e,auxiliary-form: 3rd imperative middle remote (past)
aux_3_imp_mid_rem_prs,semoha,sem.ˈoh.a,auxiliary-form: 3rd imperative middle remote (present)
aux_3_imp_mid_rem_fut,semoho,sem.ˈoh.o,auxiliary-form: 3rd imperative middle remote (future)
aux_3_imp_cau_sim_pst,sekefe,sek.ˈef.e,auxiliary-form: 3rd imperative causative simple (past)
aux_3_imp_cau_sim_prs,sekefa,sek.ˈef.a,auxiliary-form: 3rd imperative causative simple (present)
aux_3_imp_cau_sim_fut,sekefo,sek.ˈef.o,auxiliary-form: 3rd imperative causative simple (future)
aux_3_imp_cau_ipf_pst,sekethe,sek.ˈeθ.e,auxiliary-form: 3rd imperative causative imperfective (past)
aux_3_imp_cau_ipf_prs,seketha,sek.ˈeθ.a,auxiliary-form: 3rd imperative causative imperfective (present)
aux_3_imp_cau_ipf_fut,seketho,sek.ˈeθ.o,auxiliary-form: 3rd imperative causative imperfective (future)
aux_3_imp_cau_prf_pst,sekelhe,sek.ˈeɬ.e,auxiliary-form: 3rd imperative causative perfect (past)
aux_3_imp_cau_prf_prs,sekelha,sek.ˈeɬ.a,auxiliary-form: 3rd imperative causative perfect (present)
aux_3_imp_cau_prf_fut,sekelho,sek.ˈeɬ.o,auxiliary-form: 3rd imperative causative perfect (future)
aux_3_imp_cau_nea_pst,seketle,sek.ˈeƛ.e,auxiliary-form: 3rd imperative causative near (past)
aux_3_imp_cau_nea_prs,seketla,sek.ˈeƛ.a,auxiliary-form: 3rd imperative causative near (present)
aux_3_imp_cau_nea_fut,seketlo,sek.ˈeƛ.o,auxiliary-form: 3rd imperative causative near (future)
aux_3_imp_cau_imm_pst,sekeke,sek.ˈek.e,auxiliary-form: 3rd imperative causative immediate (past)
aux_3_imp_cau_imm_prs,sekeka,sek.ˈek.a,auxiliary-form: 3rd imperative causative immediate (present)
aux_3_imp_cau_imm_fut,sekeko,sek.ˈek.o,auxiliary-form: 3rd imperative causative immediate (future)
aux_3_imp_cau_hab_pst,sekeme,sek.ˈem.e,auxiliary-form: 3rd imperative causative habitual (past)
aux_3_imp_cau_hab_prs,sekema,sek.ˈem.a,auxiliary-form: 3rd imperative causative habitual (present)
aux_3_imp_cau_hab_fut,sekemo,sek.ˈem.o,auxiliary-form: 3rd imperative causative habitual (future)
aux_3_imp_cau_pro_pst,sekese,sek.ˈes.e,auxiliary-form: 3rd imperative causative progressive (past)
aux_3_imp_cau_pro_prs,sekesa,sek.ˈes.a,auxiliary-form: 3rd imperative causative progressive (present)
aux_3_imp_cau_pro_fut,sekeso,sek.ˈes.o,auxiliary-form: 3rd imperative causative progressive (future)
aux_3_imp_cau_cnt_pst,sekeshe,sek.ˈeʃ.e,auxiliary-form: 3rd imperative causative continuous (past)
aux_3_imp_cau_cnt_prs,sekesha,sek.ˈeʃ.a,auxiliary-form: 3rd imperative causative continuous (present)
aux_3_imp_cau_cnt_fut,sekesho,sek.ˈeʃ.o,auxiliary-form: 3rd imperative causative continuous (future)
aux_3_imp_cau_itr_pst,sekene,sek.ˈen.e,auxiliary-form: 3rd imperative causative iterative (past)
aux_3_imp_cau_itr_prs,sekena,sek.ˈen.a,auxiliary-form: 3rd imperative causative iterative (present)
aux_3_imp_cau_itr_fut,sekeno,sek.ˈen.o,auxiliary-form: 3rd imperative causative iterative (future)
aux_3_imp_cau_inc_pst,sekeye,sek.ˈej.e,auxiliary-form: 3rd imperative causative inceptive (past)
aux_3_imp_cau_inc_prs,sekeya,sek.ˈej.a,auxiliary-form: 3rd imperative causative inceptive (present)
aux_3_imp_cau_inc_fut,sekeyo,sek.ˈej.o,auxiliary-form: 3rd imperative causative inceptive (future)
aux_3_imp_cau_ces_pst,sekepe,sek.ˈep.e,auxiliary-form: 3rd imperative causative cessative (past)
aux_3_imp_cau_ces_prs,sekepa,sek.ˈep.a,auxiliary-form: 3rd imperative causative cessative (present)
aux_3_imp_cau_ces_fut,sekepo,sek.ˈep.o,auxiliary-form: 3rd imperative causative cessative (future)
aux_3_imp_cau_rem_pst,sekehe,sek.ˈeh.e,auxiliary-form: 3rd imperative causative remote (past)
aux_3_imp_cau_rem_prs,sekeha,sek.ˈeh.a,auxiliary-form: 3rd imperative causative remote (present)
aux_3_imp_cau_rem_fut,sekeho,sek.ˈeh.o,auxiliary-form: 3rd imperative causative remote (future)
aux_3_imp_rec_sim_pst,serafe,ser.ˈaf.e,auxiliary-form: 3rd imperative reciprocal simple (past)
aux_3_imp_rec_sim_prs,serafa,ser.ˈaf.a,auxiliary-form: 3rd imperative reciprocal simple (present)
aux_3_imp_rec_sim_fut,serafo,ser.ˈaf.o,auxiliary-form: 3rd imperative reciprocal simple (future)
aux_3_imp_rec_ipf_pst,serathe,ser.ˈaθ.e,auxiliary-form: 3rd imperative reciprocal imperfective (past)
aux_3_imp_rec_ipf_prs,seratha,ser.ˈaθ.a,auxiliary-form: 3rd imperative reciprocal imperfective (present)
aux_3_imp_rec_ipf_fut,seratho,ser.ˈaθ.o,auxiliary-form: 3rd imperative reciprocal imperfective (future)
aux_3_imp_rec_prf_pst,seralhe,ser.ˈaɬ.e,auxiliary-form: 3rd imperative reciprocal perfect (past)
aux_3_imp_rec_prf_prs,seralha,ser.ˈaɬ.a,auxiliary-form: 3rd imperative reciprocal perfect (present)
aux_3_imp_rec_prf_fut,seralho,ser.ˈaɬ.o,auxiliary-form: 3rd imperative reciprocal perfect (future)
aux_3_imp_rec_nea_pst,seratle,ser.ˈaƛ.e,auxiliary-form: 3rd imperative reciprocal near (past)
aux_3_imp_rec_nea_prs,seratla,ser.ˈaƛ.a,auxiliary-form: 3rd imperative reciprocal near (present)
aux_3_imp_rec_nea_fut,seratlo,ser.ˈaƛ.o,auxiliary-form: 3rd imperative reciprocal near (future)
aux_3_imp_rec_imm_pst,serake,ser.ˈak.e,auxiliary-form: 3rd imperative reciprocal immediate (past)
aux_3_imp_rec_imm_prs,seraka,ser.ˈak.a,auxiliary-form: 3rd imperative reciprocal immediate (present)
aux_3_imp_rec_imm_fut,serako,ser.ˈak.o,auxiliary-form: 3rd imperative reciprocal immediate (future)
aux_3_imp_rec_hab_pst,serame,ser.ˈam.e,auxiliary-form: 3rd imperative reciprocal habitual (past)
aux_3_imp_rec_hab_prs,serama,ser.ˈam.a,auxiliary-form: 3rd imperative reciprocal habitual (present)
aux_3_imp_rec_hab_fut,seramo,ser.ˈam.o,auxiliary-form: 3rd imperative reciprocal habitual (future)
aux_3_imp_rec_pro_pst,serase,ser.ˈas.e,auxiliary-form: 3rd imperative reciprocal progressive (past)
aux_3_imp_rec_pro_prs,serasa,ser.ˈas.a,auxiliary-form: 3rd imperative reciprocal progressive (present)
aux_3_imp_rec_pro_fut,seraso,ser.ˈas.o,auxiliary-form: 3rd imperative reciprocal progressive (future)
aux_3_imp_rec_cnt_pst,serashe,ser.ˈaʃ.e,auxiliary-form: 3rd imperative reciprocal continuous (past)
aux_3_imp_rec_cnt_prs,serasha,ser.ˈaʃ.a,auxiliary-form: 3rd imperative reciprocal continuous (present)
aux_3_imp_rec_cnt_fut,serasho,ser.ˈaʃ.o,auxiliary-form: 3rd imperative reciprocal continuous (future)
aux_3_imp_rec_itr_pst,serane,ser.ˈan.e,auxiliary-form: 3rd imperative reciprocal iterative (past)
aux_3_imp_rec_itr_prs,serana,ser.ˈan.a,auxiliary-form: 3rd imperative reciprocal iterative (present)
aux_3_imp_rec_itr_fut,serano,ser.ˈan.o,auxiliary-form: 3rd imperative reciprocal iterative (future)
aux_3_imp_rec_inc_pst,seraye,ser.ˈaj.e,auxiliary-form: 3rd imperative reciprocal inceptive (past)
aux_3_imp_rec_inc_prs,seraya,ser.ˈaj.a,auxiliary-form: 3rd imperative reciprocal inceptive (present)
aux_3_imp_rec_inc_fut,serayo,ser.ˈaj.o,auxiliary-form: 3rd imperative reciprocal inceptive (future)
aux_3_imp_rec_ces_pst,serape,ser.ˈap.e,auxiliary-form: 3rd imperative reciprocal cessative (past)
aux_3_imp_rec_ces_prs,serapa,ser.ˈap.a,auxiliary-form: 3rd imperative reciprocal cessative (present)
aux_3_imp_rec_ces_fut,serapo,ser.ˈap.o,auxiliary-form: 3rd imperative reciprocal cessative (future)
aux_3_imp_rec_rem_pst,serahe,ser.ˈah.e,auxiliary-form: 3rd imperative reciprocal remote (past)
aux_3_imp_rec_rem_prs,seraha,ser.ˈah.a,auxiliary-form: 3rd imperative reciprocal remote (present)
aux_3_imp_rec_rem_fut,seraho,ser.ˈah.o,auxiliary-form: 3rd imperative reciprocal remote (future)
aux_3_con_sim_pst,kofe,kˈof.e,auxiliary-form: 3rd conditional simple (past)
aux_3_con_sim_prs,kofa,kˈof.a,auxiliary-form: 3rd conditional simple (present)
aux_3_con_sim_fut,kofo,kˈof.o,auxiliary-form: 3rd conditional simple (future)
aux_3_con_ipf_pst,kothe,kˈoθ.e,auxiliary-form: 3rd conditional imperfective (past)
aux_3_con_ipf_prs,kotha,kˈoθ.a,auxiliary-form: 3rd conditional imperfective (present)
aux_3_con_ipf_fut,kotho,kˈoθ.o,auxiliary-form: 3rd conditional imperfective (future)
aux_3_con_prf_pst,kolhe,kˈoɬ.e,auxiliary-form: 3rd conditional perfect (past)
aux_3_con_prf_prs,kolha,kˈoɬ.a,auxiliary-form: 3rd conditional perfect (present)
aux_3_con_prf_fut,kolho,kˈoɬ.o,auxiliary-form: 3rd conditional perfect (future)
aux_3_con_nea_pst,kotle,kˈoƛ.e,auxiliary-form: 3rd conditional near (past)
aux_3_con_nea_prs,kotla,kˈoƛ.a,auxiliary-form: 3rd conditional near (present)
aux_3_con_nea_fut,kotlo,kˈoƛ.o,auxiliary-form: 3rd conditional near (future)
aux_3_con_imm_pst,koke,kˈok.e,auxiliary-form: 3rd conditional immediate (past)
aux_3_con_imm_prs,koka,kˈok.a,auxiliary-form: 3rd conditional immediate (present)
aux_3_con_imm_fut,koko,kˈok.o,auxiliary-form: 3rd conditional immediate (future)
aux_3_con_hab_pst,kome,kˈom.e,auxiliary-form: 3rd conditional habitual (past)
aux_3_con_hab_prs,koma,kˈom.a,auxiliary-form: 3rd conditional habitual (present)
aux_3_con_hab_fut,komo,kˈom.o,auxiliary-form: 3rd conditional habitual (future)
aux_3_con_pro_pst,kose,kˈos.e,auxiliary-form: 3rd conditional progressive (past)
aux_3_con_pro_prs,kosa,kˈos.a,auxiliary-form: 3rd conditional progressive (present)
aux_3_con_pro_fut,koso,kˈos.o,auxiliary-form: 3rd conditional progressive (future)
aux_3_con_cnt_pst,koshe,kˈoʃ.e,auxiliary-form: 3rd conditional continuous (past)
aux_3_con_cnt_prs,kosha,kˈoʃ.a,auxiliary-form: 3rd conditional continuous (present)
aux_3_con_cnt_fut,kosho,kˈoʃ.o,auxiliary-form: 3rd conditional continuous (future)
aux_3_con_itr_pst,kone,kˈon.e,auxiliary-form: 3rd conditional iterative (past)
aux_3_con_itr_prs,kona,kˈon.a,auxiliary-form: 3rd conditional iterative (present)
aux_3_con_itr_fut,kono,kˈon.o,auxiliary-form: 3rd conditional iterative (future)
aux_3_con_inc_pst,koye,kˈoj.e,auxiliary-form: 3rd conditional inceptive (past)
aux_3_con_inc_prs,koya,kˈoj.a,auxiliary-form: 3rd conditional inceptive (present)
aux_3_con_inc_fut,koyo,kˈoj.o,auxiliary-form: 3rd conditional inceptive (future)
aux_3_con_ces_pst,kope,kˈop.e,auxiliary-form: 3rd conditional cessative (past)
aux_3_con_ces_prs,kopa,kˈop.a,auxiliary-form: 3rd conditional cessative (present)
aux_3_con_ces_fut,kopo,kˈop.o,auxiliary-form: 3rd conditional cessative (future)
aux_3_con_rem_pst,kohe,kˈoh.e,auxiliary-form: 3rd conditional remote (past)
aux_3_con_rem_prs,koha,kˈoh.a,auxiliary-form: 3rd conditional remote (present)
aux_3_con_rem_fut,koho,kˈoh.o,auxiliary-form: 3rd conditional remote (future)
aux_3_con_ref_sim_pst,kotefe,kot.ˈef.e,auxiliary-form: 3rd conditional reflexive simple (past)
aux_3_con_ref_sim_prs,kotefa,kot.ˈef.a,auxiliary-form: 3rd conditional reflexive simple (present)
aux_3_con_ref_sim_fut,kotefo,kot.ˈef.o,auxiliary-form: 3rd conditional reflexive simple (future)
aux_3_con_ref_ipf_pst,kotethe,kot.ˈeθ.e,auxiliary-form: 3rd conditional reflexive imperfective (past)
aux_3_con_ref_ipf_prs,kotetha,kot.ˈeθ.a,auxiliary-form: 3rd conditional reflexive imperfective (present)
aux_3_con_ref_ipf_fut,kotetho,kot.ˈeθ.o,auxiliary-form: 3rd conditional reflexive imperfective (future)
aux_3_con_ref_prf_pst,kotelhe,kot.ˈeɬ.e,auxiliary-form: 3rd conditional reflexive perfect (past)
aux_3_con_ref_prf_prs,kotelha,kot.ˈeɬ.a,auxiliary-form: 3rd conditional reflexive perfect (present)
aux_3_con_ref_prf_fut,kotelho,kot.ˈeɬ.o,auxiliary-form: 3rd conditional reflexive perfect (future)
aux_3_con_ref_nea_pst,kotetle,kot.ˈeƛ.e,auxiliary-form: 3rd conditional reflexive near (past)
aux_3_con_ref_nea_prs,kotetla,kot.ˈeƛ.a,auxiliary-form: 3rd conditional reflexive near (present)
aux_3_con_ref_nea_fut,kotetlo,kot.ˈeƛ.o,auxiliary-form: 3rd conditional reflexive near (future)
aux_3_con_ref_imm_pst,koteke,kot.ˈek.e,auxiliary-form: 3rd conditional reflexive immediate (past)
aux_3_con_ref_imm_prs,koteka,kot.ˈek.a,auxiliary-form: 3rd conditional reflexive immediate (present)
aux_3_con_ref_imm_fut,koteko,kot.ˈek.o,auxiliary-form: 3rd conditional reflexive immediate (future)
aux_3_con_ref_hab_pst,koteme,kot.ˈem.e,auxiliary-form: 3rd conditional reflexive habitual (past)
aux_3_con_ref_hab_prs,kotema,kot.ˈem.a,auxiliary-form: 3rd conditional reflexive habitual (present)
aux_3_con_ref_hab_fut,kotemo,kot.ˈem.o,auxiliary-form: 3rd conditional reflexive habitual (future)
aux_3_con_ref_pro_pst,kotese,kot.ˈes.e,auxiliary-form: 3rd conditional reflexive progressive (past)
aux_3_con_ref_pro_prs,kotesa,kot.ˈes.a,auxiliary-form: 3rd conditional reflexive progressive (present)
aux_3_con_ref_pro_fut,koteso,kot.ˈes.o,auxiliary-form: 3rd conditional reflexive progressive (future)
aux_3_con_ref_cnt_pst,koteshe,kot.ˈeʃ.e,auxiliary-form: 3rd conditional reflexive continuous (past)
aux_3_con_ref_cnt_prs,kotesha,kot.ˈeʃ.a,auxiliary-form: 3rd conditional reflexive continuous (present)
aux_3_con_ref_cnt_fut,kotesho,kot.ˈeʃ.o,auxiliary-form: 3rd conditional reflexive continuous (future)
aux_3_con_ref_itr_pst,kotene,kot.ˈen.e,auxiliary-form: 3rd conditional reflexive iterative (past)
aux_3_con_ref_itr_prs,kotena,kot.ˈen.a,auxiliary-form: 3rd conditional reflexive iterative (present)
aux_3_con_ref_itr_fut,koteno,kot.ˈen.o,auxiliary-form: 3rd conditional reflexive iterative (future)
aux_3_con_ref_inc_pst,koteye,kot.ˈej.e,auxiliary-form: 3rd conditional reflexive inceptive (past)
aux_3_con_ref_inc_prs,koteya,kot.ˈej.a,auxiliary-form: 3rd conditional reflexive inceptive (present)
aux_3_con_ref_inc_fut,koteyo,kot.ˈej.o,auxiliary-form: 3rd conditional reflexive inceptive (future)
aux_3_con_ref_ces_pst,kotepe,kot.ˈep.e,auxiliary-form: 3rd conditional reflexive cessative (past)
aux_3_con_ref_ces_prs,kotepa,kot.ˈep.a,auxiliary-form: 3rd conditional reflexive cessative (present)
aux_3_con_ref_ces_fut,kotepo,kot.ˈep.o,auxiliary-form: 3rd conditional reflexive cessative (future)
aux_3_con_ref_rem_pst,kotehe,kot.ˈeh.e,auxiliary-form: 3rd conditional reflexive remote (past)
aux_3_con_ref_rem_prs,koteha,kot.ˈeh.a,auxiliary-form: 3rd conditional reflexive remote (present)
aux_3_con_ref_rem_fut,koteho,kot.ˈeh.o,auxiliary-form: 3rd conditional reflexive remote (future)
aux_3_con_pas_sim_pst,kopafe,kop.ˈaf.e,auxiliary-form: 3rd conditional passive simple (past)
aux_3_con_pas_sim_prs,kopafa,kop.ˈaf.a,auxiliary-form: 3rd conditional passive simple (present)
aux_3_con_pas_sim_fut,kopafo,kop.ˈaf.o,auxiliary-form: 3rd conditional passive simple (future)
aux_3_con_pas_ipf_pst,kopathe,kop.ˈaθ.e,auxiliary-form: 3rd conditional passive imperfective (past)
aux_3_con_pas_ipf_prs,kopatha,kop.ˈaθ.a,auxiliary-form: 3rd conditional passive imperfective (present)
aux_3_con_pas_ipf_fut,kopatho,kop.ˈaθ.o,auxiliary-form: 3rd conditional passive imperfective (future)
aux_3_con_pas_prf_pst,kopalhe,kop.ˈaɬ.e,auxiliary-form: 3rd conditional passive perfect (past)
aux_3_con_pas_prf_prs,kopalha,kop.ˈaɬ.a,auxiliary-form: 3rd conditional passive perfect (present)
aux_3_con_pas_prf_fut,kopalho,kop.ˈaɬ.o,auxiliary-form: 3rd conditional passive perfect (future)
aux_3_con_pas_nea_pst,kopatle,kop.ˈaƛ.e,auxiliary-form: 3rd conditional passive near (past)
aux_3_con_pas_nea_prs,kopatla,kop.ˈaƛ.a,auxiliary-form: 3rd conditional passive near (present)
aux_3_con_pas_nea_fut,kopatlo,kop.ˈaƛ.o,auxiliary-form: 3rd conditional passive near (future)
aux_3_con_pas_imm_pst,kopake,kop.ˈak.e,auxiliary-form: 3rd conditional passive immediate (past)
aux_3_con_pas_imm_prs,kopaka,kop.ˈak.a,auxiliary-form: 3rd conditional passive immediate (present)
aux_3_con_pas_imm_fut,kopako,kop.ˈak.o,auxiliary-form: 3rd conditional passive immediate (future)
aux_3_con_pas_hab_pst,kopame,kop.ˈam.e,auxiliary-form: 3rd conditional passive habitual (past)
aux_3_con_pas_hab_prs,kopama,kop.ˈam.a,auxiliary-form: 3rd conditional passive habitual (present)
aux_3_con_pas_hab_fut,kopamo,kop.ˈam.o,auxiliary-form: 3rd conditional passive habitual (future)
aux_3_con_pas_pro_pst,kopase,kop.ˈas.e,auxiliary-form: 3rd conditional passive progressive (past)
aux_3_con_pas_pro_prs,kopasa,kop.ˈas.a,auxiliary-form: 3rd conditional passive progressive (present)
aux_3_con_pas_pro_fut,kopaso,kop.ˈas.o,auxiliary-form: 3rd conditional passive progressive (future)
aux_3_con_pas_cnt_pst,kopashe,kop.ˈaʃ.e,auxiliary-form: 3rd conditional passive continuous (past)
aux_3_con_pas_cnt_prs,kopasha,kop.ˈaʃ.a,auxiliary-form: 3rd conditional passive continuous (present)
aux_3_con_pas_cnt_fut,kopasho,kop.ˈaʃ.o,auxiliary-form: 3rd conditional passive continuous (future)
aux_3_con_pas_itr_pst,kopane,kop.ˈan.e,auxiliary-form: 3rd conditional passive iterative (past)
aux_3_con_pas_itr_prs,kopana,kop.ˈan.a,auxiliary-form: 3rd conditional passive iterative (present)
aux_3_con_pas_itr_fut,kopano,kop.ˈan.o,auxiliary-form: 3rd conditional passive iterative (future)
aux_3_con_pas_inc_pst,kopaye,kop.ˈaj.e,auxiliary-form: 3rd conditional passive inceptive (past)
aux_3_con_pas_inc_prs,kopaya,kop.ˈaj.a,auxiliary-form: 3rd conditional passive inceptive (present)
aux_3_con_pas_inc_fut,kopayo,kop.ˈaj.o,auxiliary-form: 3rd conditional passive inceptive (future)
aux_3_con_pas_ces_pst,kopape,kop.ˈap.e,auxiliary-form: 3rd conditional passive cessative (past)
aux_3_con_pas_ces_prs,kopapa,kop.ˈap.a,auxiliary-form: 3rd conditional passive cessative (present)
aux_3_con_pas_ces_fut,kopapo,kop.ˈap.o,auxiliary-form: 3rd conditional passive cessative (future)
aux_3_con_pas_rem_pst,kopahe,kop.ˈah.e,auxiliary-form: 3rd conditional passive remote (past)
aux_3_con_pas_rem_prs,kopaha,kop.ˈah.a,auxiliary-form: 3rd conditional passive remote (present)
aux_3_con_pas_rem_fut,kopaho,kop.ˈah.o,auxiliary-form: 3rd conditional passive remote (future)
aux_3_con_mid_sim_pst,komofe,kom.ˈof.e,auxiliary-form: 3rd conditional middle simple (past)
aux_3_con_mid_sim_prs,komofa,kom.ˈof.a,auxiliary-form: 3rd conditional middle simple (present)
aux_3_con_mid_sim_fut,komofo,kom.ˈof.o,auxiliary-form: 3rd conditional middle simple (future)
aux_3_con_mid_ipf_pst,komothe,kom.ˈoθ.e,auxiliary-form: 3rd conditional middle imperfective (past)
aux_3_con_mid_ipf_prs,komotha,kom.ˈoθ.a,auxiliary-form: 3rd conditional middle imperfective (present)
aux_3_con_mid_ipf_fut,komotho,kom.ˈoθ.o,auxiliary-form: 3rd conditional middle imperfective (future)
aux_3_con_mid_prf_pst,komolhe,kom.ˈoɬ.e,auxiliary-form: 3rd conditional middle perfect (past)
aux_3_con_mid_prf_prs,komolha,kom.ˈoɬ.a,auxiliary-form: 3rd conditional middle perfect (present)
aux_3_con_mid_prf_fut,komolho,kom.ˈoɬ.o,auxiliary-form: 3rd conditional middle perfect (future)
aux_3_con_mid_nea_pst,komotle,kom.ˈoƛ.e,auxiliary-form: 3rd conditional middle near (past)
aux_3_con_mid_nea_prs,komotla,kom.ˈoƛ.a,auxiliary-form: 3rd conditional middle near (present)
aux_3_con_mid_nea_fut,komotlo,kom.ˈoƛ.o,auxiliary-form: 3rd conditional middle near (future)
aux_3_con_mid_imm_pst,komoke,kom.ˈok.e,auxiliary-form: 3rd conditional middle immediate (past)
aux_3_con_mid_imm_prs,komoka,kom.ˈok.a,auxiliary-form: 3rd conditional middle immediate (present)
aux_3_con_mid_imm_fut,komoko,kom.ˈok.o,auxiliary-form: 3rd conditional middle immediate (future)
aux_3_con_mid_hab_pst,komome,kom.ˈom.e,auxiliary-form: 3rd conditional middle habitual (past)
aux_3_con_mid_hab_prs,komoma,kom.ˈom.a,auxiliary-form: 3rd conditional middle habitual (present)
aux_3_con_mid_hab_fut,komomo,kom.ˈom.o,auxiliary-form: 3rd conditional middle habitual (future)
aux_3_con_mid_pro_pst,komose,kom.ˈos.e,auxiliary-form: 3rd conditional middle progressive (past)
aux_3_con_mid_pro_prs,komosa,kom.ˈos.a,auxiliary-form: 3rd conditional middle progressive (present)
aux_3_con_mid_pro_fut,komoso,kom.ˈos.o,auxiliary-form: 3rd conditional middle progressive (future)
aux_3_con_mid_cnt_pst,komoshe,kom.ˈoʃ.e,auxiliary-form: 3rd conditional middle continuous (past)
aux_3_con_mid_cnt_prs,komosha,kom.ˈoʃ.a,auxiliary-form: 3rd conditional middle continuous (present)
aux_3_con_mid_cnt_fut,komosho,kom.ˈoʃ.o,auxiliary-form: 3rd conditional middle continuous (future)
aux_3_con_mid_itr_pst,komone,kom.ˈon.e,auxiliary-form: 3rd conditional middle iterative (past)
aux_3_con_mid_itr_prs,komona,kom.ˈon.a,auxiliary-form: 3rd conditional middle iterative (present)
aux_3_con_mid_itr_fut,komono,kom.ˈon.o,auxiliary-form: 3rd conditional middle iterative (future)
aux_3_con_mid_inc_pst,komoye,kom.ˈoj.e,auxiliary-form: 3rd conditional middle inceptive (past)
aux_3_con_mid_inc_prs,komoya,kom.ˈoj.a,auxiliary-form: 3rd conditional middle inceptive (present)
aux_3_con_mid_inc_fut,komoyo,kom.ˈoj.o,auxiliary-form: 3rd conditional middle inceptive (future)
aux_3_con_mid_ces_pst,komope,kom.ˈop.e,auxiliary-form: 3rd conditional middle cessative (past)
aux_3_con_mid_ces_prs,komopa,kom.ˈop.a,auxiliary-form: 3rd conditional middle cessative (present)
aux_3_con_mid_ces_fut,komopo,kom.ˈop.o,auxiliary-form: 3rd conditional middle cessative (future)
aux_3_con_mid_rem_pst,komohe,kom.ˈoh.e,auxiliary-form: 3rd conditional middle remote (past)
aux_3_con_mid_rem_prs,komoha,kom.ˈoh.a,auxiliary-form: 3rd conditional middle remote (present)
aux_3_con_mid_rem_fut,komoho,kom.ˈoh.o,auxiliary-form: 3rd conditional middle remote (future)
aux_3_con_cau_sim_pst,kokefe,kok.ˈef.e,auxiliary-form: 3rd conditional causative simple (past)
aux_3_con_cau_sim_prs,kokefa,kok.ˈef.a,auxiliary-form: 3rd conditional causative simple (present)
aux_3_con_cau_sim_fut,kokefo,kok.ˈef.o,auxiliary-form: 3rd conditional causative simple (future)
aux_3_con_cau_ipf_pst,kokethe,kok.ˈeθ.e,auxiliary-form: 3rd conditional causative imperfective (past)
aux_3_con_cau_ipf_prs,koketha,kok.ˈeθ.a,auxiliary-form: 3rd conditional causative imperfective (present)
aux_3_con_cau_ipf_fut,koketho,kok.ˈeθ.o,auxiliary-form: 3rd conditional causative imperfective (future)
aux_3_con_cau_prf_pst,kokelhe,kok.ˈeɬ.e,auxiliary-form: 3rd conditional causative perfect (past)
aux_3_con_cau_prf_prs,kokelha,kok.ˈeɬ.a,auxiliary-form: 3rd conditional causative perfect (present)
aux_3_con_cau_prf_fut,kokelho,kok.ˈeɬ.o,auxiliary-form: 3rd conditional causative perfect (future)
aux_3_con_cau_nea_pst,koketle,kok.ˈeƛ.e,auxiliary-form: 3rd conditional causative near (past)
aux_3_con_cau_nea_prs,koketla,kok.ˈeƛ.a,auxiliary-form: 3rd conditional causative near (present)
aux_3_con_cau_nea_fut,koketlo,kok.ˈeƛ.o,auxiliary-form: 3rd conditional causative near (future)
aux_3_con_cau_imm_pst,kokeke,kok.ˈek.e,auxiliary-form: 3rd conditional causative immediate (past)
aux_3_con_cau_imm_prs,kokeka,kok.ˈek.a,auxiliary-form: 3rd conditional causative immediate (present)
aux_3_con_cau_imm_fut,kokeko,kok.ˈek.o,auxiliary-form: 3rd conditional causative immediate (future)
aux_3_con_cau_hab_pst,kokeme,kok.ˈem.e,auxiliary-form: 3rd conditional causative habitual (past)
aux_3_con_cau_hab_prs,kokema,kok.ˈem.a,auxiliary-form: 3rd conditional causative habitual (present)
aux_3_con_cau_hab_fut,kokemo,kok.ˈem.o,auxiliary-form: 3rd conditional causative habitual (future)
aux_3_con_cau_pro_pst,kokese,kok.ˈes.e,auxiliary-form: 3rd conditional causative progressive (past)
aux_3_con_cau_pro_prs,kokesa,kok.ˈes.a,auxiliary-form: 3rd conditional causative progressive (present)
aux_3_con_cau_pro_fut,kokeso,kok.ˈes.o,auxiliary-form: 3rd conditional causative progressive (future)
aux_3_con_cau_cnt_pst,kokeshe,kok.ˈeʃ.e,auxiliary-form: 3rd conditional causative continuous (past)
aux_3_con_cau_cnt_prs,kokesha,kok.ˈeʃ.a,auxiliary-form: 3rd conditional causative continuous (present)
aux_3_con_cau_cnt_fut,kokesho,kok.ˈeʃ.o,auxiliary-form: 3rd conditional causative continuous (future)
aux_3_con_cau_itr_pst,kokene,kok.ˈen.e,auxiliary-form: 3rd conditional causative iterative (past)
aux_3_con_cau_itr_prs,kokena,kok.ˈen.a,auxiliary-form: 3rd conditional causative iterative (present)
aux_3_con_cau_itr_fut,kokeno,kok.ˈen.o,auxiliary-form: 3rd conditional causative iterative (future)
aux_3_con_cau_inc_pst,kokeye,kok.ˈej.e,auxiliary-form: 3rd conditional causative inceptive (past)
aux_3_con_cau_inc_prs,kokeya,kok.ˈej.a,auxiliary-form: 3rd conditional causative inceptive (present)
aux_3_con_cau_inc_fut,kokeyo,kok.ˈej.o,auxiliary-form: 3rd conditional causative inceptive (future)
aux_3_con_cau_ces_pst,kokepe,kok.ˈep.e,auxiliary-form: 3rd conditional causative cessative (past)
aux_3_con_cau_ces_prs,kokepa,kok.ˈep.a,auxiliary-form: 3rd conditional causative cessative (present)
aux_3_con_cau_ces_fut,kokepo,kok.ˈep.o,auxiliary-form: 3rd conditional causative cessative (future)
aux_3_con_cau_rem_pst,kokehe,kok.ˈeh.e,auxiliary-form: 3rd conditional causative remote (past)
aux_3_con_cau_rem_prs,kokeha,kok.ˈeh.a,auxiliary-form: 3rd conditional causative remote (present)
aux_3_con_cau_rem_fut,kokeho,kok.ˈeh.o,auxiliary-form: 3rd conditional causative remote (future)
aux_3_con_rec_sim_pst,korafe,kor.ˈaf.e,auxiliary-form: 3rd conditional reciprocal simple (past)
aux_3_con_rec_sim_prs,korafa,kor.ˈaf.a,auxiliary-form: 3rd conditional reciprocal simple (present)
aux_3_con_rec_sim_fut,korafo,kor.ˈaf.o,auxiliary-form: 3rd conditional reciprocal simple (future)
aux_3_con_rec_ipf_pst,korathe,kor.ˈaθ.e,auxiliary-form: 3rd conditional reciprocal imperfective (past)
aux_3_con_rec_ipf_prs,koratha,kor.ˈaθ.a,auxiliary-form: 3rd conditional reciprocal imperfective (present)
aux_3_con_rec_ipf_fut,koratho,kor.ˈaθ.o,auxiliary-form: 3rd conditional reciprocal imperfective (future)
aux_3_con_rec_prf_pst,koralhe,kor.ˈaɬ.e,auxiliary-form: 3rd conditional reciprocal perfect (past)
aux_3_con_rec_prf_prs,koralha,kor.ˈaɬ.a,auxiliary-form: 3rd conditional reciprocal perfect (present)
aux_3_con_rec_prf_fut,koralho,kor.ˈaɬ.o,auxiliary-form: 3rd conditional reciprocal perfect (future)
aux_3_con_rec_nea_pst,koratle,kor.ˈaƛ.e,auxiliary-form: 3rd conditional reciprocal near (past)
aux_3_con_rec_nea_prs,koratla,kor.ˈaƛ.a,auxiliary-form: 3rd conditional reciprocal near (present)
aux_3_con_rec_nea_fut,koratlo,kor.ˈaƛ.o,auxiliary-form: 3rd conditional reciprocal near (future)
aux_3_con_rec_imm_pst,korake,kor.ˈak.e,auxiliary-form: 3rd conditional reciprocal immediate (past)
aux_3_con_rec_imm_prs,koraka,kor.ˈak.a,auxiliary-form: 3rd conditional reciprocal immediate (present)
aux_3_con_rec_imm_fut,korako,kor.ˈak.o,auxiliary-form: 3rd conditional reciprocal immediate (future)
aux_3_con_rec_hab_pst,korame,kor.ˈam.e,auxiliary-form: 3rd conditional reciprocal habitual (past)
aux_3_con_rec_hab_prs,korama,kor.ˈam.a,auxiliary-form: 3rd conditional reciprocal habitual (present)
aux_3_con_rec_hab_fut,koramo,kor.ˈam.o,auxiliary-form: 3rd conditional reciprocal habitual (future)
aux_3_con_rec_pro_pst,korase,kor.ˈas.e,auxiliary-form: 3rd conditional reciprocal progressive (past)
aux_3_con_rec_pro_prs,korasa,kor.ˈas.a,auxiliary-form: 3rd conditional reciprocal progressive (present)
aux_3_con_rec_pro_fut,koraso,kor.ˈas.o,auxiliary-form: 3rd conditional reciprocal progressive (future)
aux_3_con_rec_cnt_pst,korashe,kor.ˈaʃ.e,auxiliary-form: 3rd conditional reciprocal continuous (past)
aux_3_con_rec_cnt_prs,korasha,kor.ˈaʃ.a,auxiliary-form: 3rd conditional reciprocal continuous (present)
aux_3_con_rec_cnt_fut,korasho,kor.ˈaʃ.o,auxiliary-form: 3rd conditional reciprocal continuous (future)
aux_3_con_rec_itr_pst,korane,kor.ˈan.e,auxiliary-form: 3rd conditional reciprocal iterative (past)
aux_3_con_rec_itr_prs,korana,kor.ˈan.a,auxiliary-form: 3rd conditional reciprocal iterative (present)
aux_3_con_rec_itr_fut,korano,kor.ˈan.o,auxiliary-form: 3rd conditional reciprocal iterative (future)
aux_3_con_rec_inc_pst,koraye,kor.ˈaj.e,auxiliary-form: 3rd conditional reciprocal inceptive (past)
aux_3_con_rec_inc_prs,koraya,kor.ˈaj.a,auxiliary-form: 3rd conditional reciprocal inceptive (present)
aux_3_con_rec_inc_fut,korayo,kor.ˈaj.o,auxiliary-form: 3rd conditional reciprocal inceptive (future)
aux_3_con_rec_ces_pst,korape,kor.ˈap.e,auxiliary-form: 3rd conditional reciprocal cessative (past)
aux_3_con_rec_ces_prs,korapa,kor.ˈap.a,auxiliary-form: 3rd conditional reciprocal cessative (present)
aux_3_con_rec_ces_fut,korapo,kor.ˈap.o,auxiliary-form: 3rd conditional reciprocal cessative (future)
aux_3_con_rec_rem_pst,korahe,kor.ˈah.e,auxiliary-form: 3rd conditional reciprocal remote (past)
aux_3_con_rec_rem_prs,koraha,kor.ˈah.a,auxiliary-form: 3rd conditional reciprocal remote (present)
aux_3_con_rec_rem_fut,koraho,kor.ˈah.o,auxiliary-form: 3rd conditional reciprocal remote (future)
aux_3_ctr_sim_pst,ksofe,ksˈof.e,auxiliary-form: 3rd counterfactual simple (past)
aux_3_ctr_sim_prs,ksofa,ksˈof.a,auxiliary-form: 3rd counterfactual simple (present)
aux_3_ctr_sim_fut,ksofo,ksˈof.o,auxiliary-form: 3rd counterfactual simple (future)
aux_3_ctr_ipf_pst,ksothe,ksˈoθ.e,auxiliary-form: 3rd counterfactual imperfective (past)
aux_3_ctr_ipf_prs,ksotha,ksˈoθ.a,auxiliary-form: 3rd counterfactual imperfective (present)
aux_3_ctr_ipf_fut,ksotho,ksˈoθ.o,auxiliary-form: 3rd counterfactual imperfective (future)
aux_3_ctr_prf_pst,ksolhe,ksˈoɬ.e,auxiliary-form: 3rd counterfactual perfect (past)
aux_3_ctr_prf_prs,ksolha,ksˈoɬ.a,auxiliary-form: 3rd counterfactual perfect (present)
aux_3_ctr_prf_fut,ksolho,ksˈoɬ.o,auxiliary-form: 3rd counterfactual perfect (future)
aux_3_ctr_nea_pst,ksotle,ksˈoƛ.e,auxiliary-form: 3rd counterfactual near (past)
aux_3_ctr_nea_prs,ksotla,ksˈoƛ.a,auxiliary-form: 3rd counterfactual near (present)
aux_3_ctr_nea_fut,ksotlo,ksˈoƛ.o,auxiliary-form: 3rd counterfactual near (future)
aux_3_ctr_imm_pst,ksoke,ksˈok.e,auxiliary-form: 3rd counterfactual immediate (past)
aux_3_ctr_imm_prs,ksoka,ksˈok.a,auxiliary-form: 3rd counterfactual immediate (present)
aux_3_ctr_imm_fut,ksoko,ksˈok.o,auxiliary-form: 3rd counterfactual immediate (future)
aux_3_ctr_hab_pst,ksome,ksˈom.e,auxiliary-form: 3rd counterfactual habitual (past)
aux_3_ctr_hab_prs,ksoma,ksˈom.a,auxiliary-form: 3rd counterfactual habitual (present)
aux_3_ctr_hab_fut,ksomo,ksˈom.o,auxiliary-form: 3rd counterfactual habitual (future)
aux_3_ctr_pro_pst,ksose,ksˈos.e,auxiliary-form: 3rd counterfactual progressive (past)
aux_3_ctr_pro_prs,ksosa,ksˈos.a,auxiliary-form: 3rd counterfactual progressive (present)
aux_3_ctr_pro_fut,ksoso,ksˈos.o,auxiliary-form: 3rd counterfactual progressive (future)
aux_3_ctr_cnt_pst,ksoshe,ksˈoʃ.e,auxiliary-form: 3rd counterfactual continuous (past)
aux_3_ctr_cnt_prs,ksosha,ksˈoʃ.a,auxiliary-form: 3rd counterfactual continuous (present)
aux_3_ctr_cnt_fut,ksosho,ksˈoʃ.o,auxiliary-form: 3rd counterfactual continuous (future)
aux_3_ctr_itr_pst,ksone,ksˈon.e,auxiliary-form: 3rd counterfactual iterative (past)
aux_3_ctr_itr_prs,ksona,ksˈon.a,auxiliary-form: 3rd counterfactual iterative (present)
aux_3_ctr_itr_fut,ksono,ksˈon.o,auxiliary-form: 3rd counterfactual iterative (future)
aux_3_ctr_inc_pst,ksoye,ksˈoj.e,auxiliary-form: 3rd counterfactual inceptive (past)
aux_3_ctr_inc_prs,ksoya,ksˈoj.a,auxiliary-form: 3rd counterfactual inceptive (present)
aux_3_ctr_inc_fut,ksoyo,ksˈoj.o,auxiliary-form: 3rd counterfactual inceptive (future)
aux_3_ctr_ces_pst,ksope,ksˈop.e,auxiliary-form: 3rd counterfactual cessative (past)
aux_3_ctr_ces_prs,ksopa,ksˈop.a,auxiliary-form: 3rd counterfactual cessative (present)
aux_3_ctr_ces_fut,ksopo,ksˈop.o,auxiliary-form: 3rd counterfactual cessative (future)
aux_3_ctr_rem_pst,ksohe,ksˈoh.e,auxiliary-form: 3rd counterfactual remote (past)
aux_3_ctr_rem_prs,ksoha,ksˈoh.a,auxiliary-form: 3rd counterfactual remote (present)
aux_3_ctr_rem_fut,ksoho,ksˈoh.o,auxiliary-form: 3rd counterfactual remote (future)
aux_3_ctr_ref_sim_pst,ksotefe,ksot.ˈef.e,auxiliary-form: 3rd counterfactual reflexive simple (past)
aux_3_ctr_ref_sim_prs,ksotefa,ksot.ˈef.a,auxiliary-form: 3rd counterfactual reflexive simple (present)
aux_3_ctr_ref_sim_fut,ksotefo,ksot.ˈef.o,auxiliary-form: 3rd counterfactual reflexive simple (future)
aux_3_ctr_ref_ipf_pst,ksotethe,ksot.ˈeθ.e,auxiliary-form: 3rd counterfactual reflexive imperfective (past)
aux_3_ctr_ref_ipf_prs,ksotetha,ksot.ˈeθ.a,auxiliary-form: 3rd counterfactual reflexive imperfective (present)
aux_3_ctr_ref_ipf_fut,ksotetho,ksot.ˈeθ.o,auxiliary-form: 3rd counterfactual reflexive imperfective (future)
aux_3_ctr_ref_prf_pst,ksotelhe,ksot.ˈeɬ.e,auxiliary-form: 3rd counterfactual reflexive perfect (past)
aux_3_ctr_ref_prf_prs,ksotelha,ksot.ˈeɬ.a,auxiliary-form: 3rd counterfactual reflexive perfect (present)
aux_3_ctr_ref_prf_fut,ksotelho,ksot.ˈeɬ.o,auxiliary-form: 3rd counterfactual reflexive perfect (future)
aux_3_ctr_ref_nea_pst,ksotetle,ksot.ˈeƛ.e,auxiliary-form: 3rd counterfactual reflexive near (past)
aux_3_ctr_ref_nea_prs,ksotetla,ksot.ˈeƛ.a,auxiliary-form: 3rd counterfactual reflexive near (present)
aux_3_ctr_ref_nea_fut,ksotetlo,ksot.ˈeƛ.o,auxiliary-form: 3rd counterfactual reflexive near (future)
aux_3_ctr_ref_imm_pst,ksoteke,ksot.ˈek.e,auxiliary-form: 3rd counterfactual reflexive immediate (past)
aux_3_ctr_ref_imm_prs,ksoteka,ksot.ˈek.a,auxiliary-form: 3rd counterfactual reflexive immediate (present)
aux_3_ctr_ref_imm_fut,ksoteko,ksot.ˈek.o,auxiliary-form: 3rd counterfactual reflexive immediate (future)
aux_3_ctr_ref_hab_pst,ksoteme,ksot.ˈem.e,auxiliary-form: 3rd counterfactual reflexive habitual (past)
aux_3_ctr_ref_hab_prs,ksotema,ksot.ˈem.a,auxiliary-form: 3rd counterfactual reflexive habitual (present)
aux_3_ctr_ref_hab_fut,ksotemo,ksot.ˈem.o,auxiliary-form: 3rd counterfactual reflexive habitual (future)
aux_3_ctr_ref_pro_pst,ksotese,ksot.ˈes.e,auxiliary-form: 3rd counterfactual reflexive progressive (past)
aux_3_ctr_ref_pro_prs,ksotesa,ksot.ˈes.a,auxiliary-form: 3rd counterfactual reflexive progressive (present)
aux_3_ctr_ref_pro_fut,ksoteso,ksot.ˈes.o,auxiliary-form: 3rd counterfactual reflexive progressive (future)
aux_3_ctr_ref_cnt_pst,ksoteshe,ksot.ˈeʃ.e,auxiliary-form: 3rd counterfactual reflexive continuous (past)
aux_3_ctr_ref_cnt_prs,ksotesha,ksot.ˈeʃ.a,auxiliary-form: 3rd counterfactual reflexive continuous (present)
aux_3_ctr_ref_cnt_fut,ksotesho,ksot.ˈeʃ.o,auxiliary-form: 3rd counterfactual reflexive continuous (future)
aux_3_ctr_ref_itr_pst,ksotene,ksot.ˈen.e,auxiliary-form: 3rd counterfactual reflexive iterative (past)
aux_3_ctr_ref_itr_prs,ksotena,ksot.ˈen.a,auxiliary-form: 3rd counterfactual reflexive iterative (present)
aux_3_ctr_ref_itr_fut,ksoteno,ksot.ˈen.o,auxiliary-form: 3rd counterfactual reflexive iterative (future)
aux_3_ctr_ref_inc_pst,ksoteye,ksot.ˈej.e,auxiliary-form: 3rd counterfactual reflexive inceptive (past)
aux_3_ctr_ref_inc_prs,ksoteya,ksot.ˈej.a,auxiliary-form: 3rd counterfactual reflexive inceptive (present)
aux_3_ctr_ref_inc_fut,ksoteyo,ksot.ˈej.o,auxiliary-form: 3rd counterfactual reflexive inceptive (future)
aux_3_ctr_ref_ces_pst,ksotepe,ksot.ˈep.e,auxiliary-form: 3rd counterfactual reflexive cessative (past)
aux_3_ctr_ref_ces_prs,ksotepa,ksot.ˈep.a,auxiliary-form: 3rd counterfactual reflexive cessative (present)
aux_3_ctr_ref_ces_fut,ksotepo,ksot.ˈep.o,auxiliary-form: 3rd counterfactual reflexive cessative (future)
aux_3_ctr_ref_rem_pst,ksotehe,ksot.ˈeh.e,auxiliary-form: 3rd counterfactual reflexive remote (past)
aux_3_ctr_ref_rem_prs,ksoteha,ksot.ˈeh.a,auxiliary-form: 3rd counterfactual reflexive remote (present)
aux_3_ctr_ref_rem_fut,ksoteho,ksot.ˈeh.o,auxiliary-form: 3rd counterfactual reflexive remote (future)
aux_3_ctr_pas_sim_pst,ksopafe,ksop.ˈaf.e,auxiliary-form: 3rd counterfactual passive simple (past)
aux_3_ctr_pas_sim_prs,ksopafa,ksop.ˈaf.a,auxiliary-form: 3rd counterfactual passive simple (present)
aux_3_ctr_pas_sim_fut,ksopafo,ksop.ˈaf.o,auxiliary-form: 3rd counterfactual passive simple (future)
aux_3_ctr_pas_ipf_pst,ksopathe,ksop.ˈaθ.e,auxiliary-form: 3rd counterfactual passive imperfective (past)
aux_3_ctr_pas_ipf_prs,ksopatha,ksop.ˈaθ.a,auxiliary-form: 3rd counterfactual passive imperfective (present)
aux_3_ctr_pas_ipf_fut,ksopatho,ksop.ˈaθ.o,auxiliary-form: 3rd counterfactual passive imperfective (future)
aux_3_ctr_pas_prf_pst,ksopalhe,ksop.ˈaɬ.e,auxiliary-form: 3rd counterfactual passive perfect (past)
aux_3_ctr_pas_prf_prs,ksopalha,ksop.ˈaɬ.a,auxiliary-form: 3rd counterfactual passive perfect (present)
aux_3_ctr_pas_prf_fut,ksopalho,ksop.ˈaɬ.o,auxiliary-form: 3rd counterfactual passive perfect (future)
aux_3_ctr_pas_nea_pst,ksopatle,ksop.ˈaƛ.e,auxiliary-form: 3rd counterfactual passive near (past)
aux_3_ctr_pas_nea_prs,ksopatla,ksop.ˈaƛ.a,auxiliary-form: 3rd counterfactual passive near (present)
aux_3_ctr_pas_nea_fut,ksopatlo,ksop.ˈaƛ.o,auxiliary-form: 3rd counterfactual passive near (future)
aux_3_ctr_pas_imm_pst,ksopake,ksop.ˈak.e,auxiliary-form: 3rd counterfactual passive immediate (past)
aux_3_ctr_pas_imm_prs,ksopaka,ksop.ˈak.a,auxiliary-form: 3rd counterfactual passive immediate (present)
aux_3_ctr_pas_imm_fut,ksopako,ksop.ˈak.o,auxiliary-form: 3rd counterfactual passive immediate (future)
aux_3_ctr_pas_hab_pst,ksopame,ksop.ˈam.e,auxiliary-form: 3rd counterfactual passive habitual (past)
aux_3_ctr_pas_hab_prs,ksopama,ksop.ˈam.a,auxiliary-form: 3rd counterfactual passive habitual (present)
aux_3_ctr_pas_hab_fut,ksopamo,ksop.ˈam.o,auxiliary-form: 3rd counterfactual passive habitual (future)
aux_3_ctr_pas_pro_pst,ksopase,ksop.ˈas.e,auxiliary-form: 3rd counterfactual passive progressive (past)
aux_3_ctr_pas_pro_prs,ksopasa,ksop.ˈas.a,auxiliary-form: 3rd counterfactual passive progressive (present)
aux_3_ctr_pas_pro_fut,ksopaso,ksop.ˈas.o,auxiliary-form: 3rd counterfactual passive progressive (future)
aux_3_ctr_pas_cnt_pst,ksopashe,ksop.ˈaʃ.e,auxiliary-form: 3rd counterfactual passive continuous (past)
aux_3_ctr_pas_cnt_prs,ksopasha,ksop.ˈaʃ.a,auxiliary-form: 3rd counterfactual passive continuous (present)
aux_3_ctr_pas_cnt_fut,ksopasho,ksop.ˈaʃ.o,auxiliary-form: 3rd counterfactual passive continuous (future)
aux_3_ctr_pas_itr_pst,ksopane,ksop.ˈan.e,auxiliary-form: 3rd counterfactual passive iterative (past)
aux_3_ctr_pas_itr_prs,ksopana,ksop.ˈan.a,auxiliary-form: 3rd counterfactual passive iterative (present)
aux_3_ctr_pas_itr_fut,ksopano,ksop.ˈan.o,auxiliary-form: 3rd counterfactual passive iterative (future)
aux_3_ctr_pas_inc_pst,ksopaye,ksop.ˈaj.e,auxiliary-form: 3rd counterfactual passive inceptive (past)
aux_3_ctr_pas_inc_prs,ksopaya,ksop.ˈaj.a,auxiliary-form: 3rd counterfactual passive inceptive (present)
aux_3_ctr_pas_inc_fut,ksopayo,ksop.ˈaj.o,auxiliary-form: 3rd counterfactual passive inceptive (future)
aux_3_ctr_pas_ces_pst,ksopape,ksop.ˈap.e,auxiliary-form: 3rd counterfactual passive cessative (past)
aux_3_ctr_pas_ces_prs,ksopapa,ksop.ˈap.a,auxiliary-form: 3rd counterfactual passive cessative (present)
aux_3_ctr_pas_ces_fut,ksopapo,ksop.ˈap.o,auxiliary-form: 3rd counterfactual passive cessative (future)
aux_3_ctr_pas_rem_pst,ksopahe,ksop.ˈah.e,auxiliary-form: 3rd counterfactual passive remote (past)
aux_3_ctr_pas_rem_prs,ksopaha,ksop.ˈah.a,auxiliary-form: 3rd counterfactual passive remote (present)
aux_3_ctr_pas_rem_fut,ksopaho,ksop.ˈah.o,auxiliary-form: 3rd counterfactual passive remote (future)
aux_3_ctr_mid_sim_pst,ksomofe,ksom.ˈof.e,auxiliary-form: 3rd counterfactual middle simple (past)
aux_3_ctr_mid_sim_prs,ksomofa,ksom.ˈof.a,auxiliary-form: 3rd counterfactual middle simple (present)
aux_3_ctr_mid_sim_fut,ksomofo,ksom.ˈof.o,auxiliary-form: 3rd counterfactual middle simple (future)
aux_3_ctr_mid_ipf_pst,ksomothe,ksom.ˈoθ.e,auxiliary-form: 3rd counterfactual middle imperfective (past)
aux_3_ctr_mid_ipf_prs,ksomotha,ksom.ˈoθ.a,auxiliary-form: 3rd counterfactual middle imperfective (present)
aux_3_ctr_mid_ipf_fut,ksomotho,ksom.ˈoθ.o,auxiliary-form: 3rd counterfactual middle imperfective (future)
aux_3_ctr_mid_prf_pst,ksomolhe,ksom.ˈoɬ.e,auxiliary-form: 3rd counterfactual middle perfect (past)
aux_3_ctr_mid_prf_prs,ksomolha,ksom.ˈoɬ.a,auxiliary-form: 3rd counterfactual middle perfect (present)
aux_3_ctr_mid_prf_fut,ksomolho,ksom.ˈoɬ.o,auxiliary-form: 3rd counterfactual middle perfect (future)
aux_3_ctr_mid_nea_pst,ksomotle,ksom.ˈoƛ.e,auxiliary-form: 3rd counterfactual middle near (past)
aux_3_ctr_mid_nea_prs,ksomotla,ksom.ˈoƛ.a,auxiliary-form: 3rd counterfactual middle near (present)
aux_3_ctr_mid_nea_fut,ksomotlo,ksom.ˈoƛ.o,auxiliary-form: 3rd counterfactual middle near (future)
aux_3_ctr_mid_imm_pst,ksomoke,ksom.ˈok.e,auxiliary-form: 3rd counterfactual middle immediate (past)
aux_3_ctr_mid_imm_prs,ksomoka,ksom.ˈok.a,auxiliary-form: 3rd counterfactual middle immediate (present)
aux_3_ctr_mid_imm_fut,ksomoko,ksom.ˈok.o,auxiliary-form: 3rd counterfactual middle immediate (future)
aux_3_ctr_mid_hab_pst,ksomome,ksom.ˈom.e,auxiliary-form: 3rd counterfactual middle habitual (past)
aux_3_ctr_mid_hab_prs,ksomoma,ksom.ˈom.a,auxiliary-form: 3rd counterfactual middle habitual (present)
aux_3_ctr_mid_hab_fut,ksomomo,ksom.ˈom.o,auxiliary-form: 3rd counterfactual middle habitual (future)
aux_3_ctr_mid_pro_pst,ksomose,ksom.ˈos.e,auxiliary-form: 3rd counterfactual middle progressive (past)
aux_3_ctr_mid_pro_prs,ksomosa,ksom.ˈos.a,auxiliary-form: 3rd counterfactual middle progressive (present)
aux_3_ctr_mid_pro_fut,ksomoso,ksom.ˈos.o,auxiliary-form: 3rd counterfactual middle progressive (future)
aux_3_ctr_mid_cnt_pst,ksomoshe,ksom.ˈoʃ.e,auxiliary-form: 3rd counterfactual middle continuous (past)
aux_3_ctr_mid_cnt_prs,ksomosha,ksom.ˈoʃ.a,auxiliary-form: 3rd counterfactual middle continuous (present)
aux_3_ctr_mid_cnt_fut,ksomosho,ksom.ˈoʃ.o,auxiliary-form: 3rd counterfactual middle continuous (future)
aux_3_ctr_mid_itr_pst,ksomone,ksom.ˈon.e,auxiliary-form: 3rd counterfactual middle iterative (past)
aux_3_ctr_mid_itr_prs,ksomona,ksom.ˈon.a,auxiliary-form: 3rd counterfactual middle iterative (present)
aux_3_ctr_mid_itr_fut,ksomono,ksom.ˈon.o,auxiliary-form: 3rd counterfactual middle iterative (future)
aux_3_ctr_mid_inc_pst,ksomoye,ksom.ˈoj.e,auxiliary-form: 3rd counterfactual middle inceptive (past)
aux_3_ctr_mid_inc_prs,ksomoya,ksom.ˈoj.a,auxiliary-form: 3rd counterfactual middle inceptive (present)
aux_3_ctr_mid_inc_fut,ksomoyo,ksom.ˈoj.o,auxiliary-form: 3rd counterfactual middle inceptive (future)
aux_3_ctr_mid_ces_pst,ksomope,ksom.ˈop.e,auxiliary-form: 3rd counterfactual middle cessative (past)
aux_3_ctr_mid_ces_prs,ksomopa,ksom.ˈop.a,auxiliary-form: 3rd counterfactual middle cessative (present)
aux_3_ctr_mid_ces_fut,ksomopo,ksom.ˈop.o,auxiliary-form: 3rd counterfactual middle cessative (future)
aux_3_ctr_mid_rem_pst,ksomohe,ksom.ˈoh.e,auxiliary-form: 3rd counterfactual middle remote (past)
aux_3_ctr_mid_rem_prs,ksomoha,ksom.ˈoh.a,auxiliary-form: 3rd counterfactual middle remote (present)
aux_3_ctr_mid_rem_fut,ksomoho,ksom.ˈoh.o,auxiliary-form: 3rd counterfactual middle remote (future)
aux_3_ctr_cau_sim_pst,ksokefe,ksok.ˈef.e,auxiliary-form: 3rd counterfactual causative simple (past)
aux_3_ctr_cau_sim_prs,ksokefa,ksok.ˈef.a,auxiliary-form: 3rd counterfactual causative simple (present)
aux_3_ctr_cau_sim_fut,ksokefo,ksok.ˈef.o,auxiliary-form: 3rd counterfactual causative simple (future)
aux_3_ctr_cau_ipf_pst,ksokethe,ksok.ˈeθ.e,auxiliary-form: 3rd counterfactual causative imperfective (past)
aux_3_ctr_cau_ipf_prs,ksoketha,ksok.ˈeθ.a,auxiliary-form: 3rd counterfactual causative imperfective (present)
aux_3_ctr_cau_ipf_fut,ksoketho,ksok.ˈeθ.o,auxiliary-form: 3rd counterfactual causative imperfective (future)
aux_3_ctr_cau_prf_pst,ksokelhe,ksok.ˈeɬ.e,auxiliary-form: 3rd counterfactual causative perfect (past)
aux_3_ctr_cau_prf_prs,ksokelha,ksok.ˈeɬ.a,auxiliary-form: 3rd counterfactual causative perfect (present)
aux_3_ctr_cau_prf_fut,ksokelho,ksok.ˈeɬ.o,auxiliary-form: 3rd counterfactual causative perfect (future)
aux_3_ctr_cau_nea_pst,ksoketle,ksok.ˈeƛ.e,auxiliary-form: 3rd counterfactual causative near (past)
aux_3_ctr_cau_nea_prs,ksoketla,ksok.ˈeƛ.a,auxiliary-form: 3rd counterfactual causative near (present)
aux_3_ctr_cau_nea_fut,ksoketlo,ksok.ˈeƛ.o,auxiliary-form: 3rd counterfactual causative near (future)
aux_3_ctr_cau_imm_pst,ksokeke,ksok.ˈek.e,auxiliary-form: 3rd counterfactual causative immediate (past)
aux_3_ctr_cau_imm_prs,ksokeka,ksok.ˈek.a,auxiliary-form: 3rd counterfactual causative immediate (present)
aux_3_ctr_cau_imm_fut,ksokeko,ksok.ˈek.o,auxiliary-form: 3rd counterfactual causative immediate (future)
aux_3_ctr_cau_hab_pst,ksokeme,ksok.ˈem.e,auxiliary-form: 3rd counterfactual causative habitual (past)
aux_3_ctr_cau_hab_prs,ksokema,ksok.ˈem.a,auxiliary-form: 3rd counterfactual causative habitual (present)
aux_3_ctr_cau_hab_fut,ksokemo,ksok.ˈem.o,auxiliary-form: 3rd counterfactual causative habitual (future)
aux_3_ctr_cau_pro_pst,ksokese,ksok.ˈes.e,auxiliary-form: 3rd counterfactual causative progressive (past)
aux_3_ctr_cau_pro_prs,ksokesa,ksok.ˈes.a,auxiliary-form: 3rd counterfactual causative progressive (present)
aux_3_ctr_cau_pro_fut,ksokeso,ksok.ˈes.o,auxiliary-form: 3rd counterfactual causative progressive (future)
aux_3_ctr_cau_cnt_pst,ksokeshe,ksok.ˈeʃ.e,auxiliary-form: 3rd counterfactual causative continuous (past)
aux_3_ctr_cau_cnt_prs,ksokesha,ksok.ˈeʃ.a,auxiliary-form: 3rd counterfactual causative continuous (present)
aux_3_ctr_cau_cnt_fut,ksokesho,ksok.ˈeʃ.o,auxiliary-form: 3rd counterfactual causative continuous (future)
aux_3_ctr_cau_itr_pst,ksokene,ksok.ˈen.e,auxiliary-form: 3rd counterfactual causative iterative (past)
aux_3_ctr_cau_itr_prs,ksokena,ksok.ˈen.a,auxiliary-form: 3rd counterfactual causative iterative (present)
aux_3_ctr_cau_itr_fut,ksokeno,ksok.ˈen.o,auxiliary-form: 3rd counterfactual causative iterative (future)
aux_3_ctr_cau_inc_pst,ksokeye,ksok.ˈej.e,auxiliary-form: 3rd counterfactual causative inceptive (past)
aux_3_ctr_cau_inc_prs,ksokeya,ksok.ˈej.a,auxiliary-form: 3rd counterfactual causative inceptive (present)
aux_3_ctr_cau_inc_fut,ksokeyo,ksok.ˈej.o,auxiliary-form: 3rd counterfactual causative inceptive (future)
aux_3_ctr_cau_ces_pst,ksokepe,ksok.ˈep.e,auxiliary-form: 3rd counterfactual causative cessative (past)
aux_3_ctr_cau_ces_prs,ksokepa,ksok.ˈep.a,auxiliary-form: 3rd counterfactual causative cessative (present)
aux_3_ctr_cau_ces_fut,ksokepo,ksok.ˈep.o,auxiliary-form: 3rd counterfactual causative cessative (future)
aux_3_ctr_cau_rem_pst,ksokehe,ksok.ˈeh.e,auxiliary-form: 3rd counterfactual causative remote (past)
aux_3_ctr_cau_rem_prs,ksokeha,ksok.ˈeh.a,auxiliary-form: 3rd counterfactual causative remote (present)
aux_3_ctr_cau_rem_fut,ksokeho,ksok.ˈeh.o,auxiliary-form: 3rd counterfactual causative remote (future)
aux_3_ctr_rec_sim_pst,ksorafe,ksor.ˈaf.e,auxiliary-form: 3rd counterfactual reciprocal simple (past)
aux_3_ctr_rec_sim_prs,ksorafa,ksor.ˈaf.a,auxiliary-form: 3rd counterfactual reciprocal simple (present)
aux_3_ctr_rec_sim_fut,ksorafo,ksor.ˈaf.o,auxiliary-form: 3rd counterfactual reciprocal simple (future)
aux_3_ctr_rec_ipf_pst,ksorathe,ksor.ˈaθ.e,auxiliary-form: 3rd counterfactual reciprocal imperfective (past)
aux_3_ctr_rec_ipf_prs,ksoratha,ksor.ˈaθ.a,auxiliary-form: 3rd counterfactual reciprocal imperfective (present)
aux_3_ctr_rec_ipf_fut,ksoratho,ksor.ˈaθ.o,auxiliary-form: 3rd counterfactual reciprocal imperfective (future)
aux_3_ctr_rec_prf_pst,ksoralhe,ksor.ˈaɬ.e,auxiliary-form: 3rd counterfactual reciprocal perfect (past)
aux_3_ctr_rec_prf_prs,ksoralha,ksor.ˈaɬ.a,auxiliary-form: 3rd counterfactual reciprocal perfect (present)
aux_3_ctr_rec_prf_fut,ksoralho,ksor.ˈaɬ.o,auxiliary-form: 3rd counterfactual reciprocal perfect (future)
aux_3_ctr_rec_nea_pst,ksoratle,ksor.ˈaƛ.e,auxiliary-form: 3rd counterfactual reciprocal near (past)
aux_3_ctr_rec_nea_prs,ksoratla,ksor.ˈaƛ.a,auxiliary-form: 3rd counterfactual reciprocal near (present)
aux_3_ctr_rec_nea_fut,ksoratlo,ksor.ˈaƛ.o,auxiliary-form: 3rd counterfactual reciprocal near (future)
aux_3_ctr_rec_imm_pst,ksorake,ksor.ˈak.e,auxiliary-form: 3rd counterfactual reciprocal immediate (past)
aux_3_ctr_rec_imm_prs,ksoraka,ksor.ˈak.a,auxiliary-form: 3rd counterfactual reciprocal immediate (present)
aux_3_ctr_rec_imm_fut,ksorako,ksor.ˈak.o,auxiliary-form: 3rd counterfactual reciprocal immediate (future)
aux_3_ctr_rec_hab_pst,ksorame,ksor.ˈam.e,auxiliary-form: 3rd counterfactual reciprocal habitual (past)
aux_3_ctr_rec_hab_prs,ksorama,ksor.ˈam.a,auxiliary-form: 3rd counterfactual reciprocal habitual (present)
aux_3_ctr_rec_hab_fut,ksoramo,ksor.ˈam.o,auxiliary-form: 3rd counterfactual reciprocal habitual (future)
aux_3_ctr_rec_pro_pst,ksorase,ksor.ˈas.e,auxiliary-form: 3rd counterfactual reciprocal progressive (past)
aux_3_ctr_rec_pro_prs,ksorasa,ksor.ˈas.a,auxiliary-form: 3rd counterfactual reciprocal progressive (present)
aux_3_ctr_rec_pro_fut,ksoraso,ksor.ˈas.o,auxiliary-form: 3rd counterfactual reciprocal progressive (future)
aux_3_ctr_rec_cnt_pst,ksorashe,ksor.ˈaʃ.e,auxiliary-form: 3rd counterfactual reciprocal continuous (past)
aux_3_ctr_rec_cnt_prs,ksorasha,ksor.ˈaʃ.a,auxiliary-form: 3rd counterfactual reciprocal continuous (present)
aux_3_ctr_rec_cnt_fut,ksorasho,ksor.ˈaʃ.o,auxiliary-form: 3rd counterfactual reciprocal continuous (future)
aux_3_ctr_rec_itr_pst,ksorane,ksor.ˈan.e,auxiliary-form: 3rd counterfactual reciprocal iterative (past)
aux_3_ctr_rec_itr_prs,ksorana,ksor.ˈan.a,auxiliary-form: 3rd counterfactual reciprocal iterative (present)
aux_3_ctr_rec_itr_fut,ksorano,ksor.ˈan.o,auxiliary-form: 3rd counterfactual reciprocal iterative (future)
aux_3_ctr_rec_inc_pst,ksoraye,ksor.ˈaj.e,auxiliary-form: 3rd counterfactual reciprocal inceptive (past)
aux_3_ctr_rec_inc_prs,ksoraya,ksor.ˈaj.a,auxiliary-form: 3rd counterfactual reciprocal inceptive (present)
aux_3_ctr_rec_inc_fut,ksorayo,ksor.ˈaj.o,auxiliary-form: 3rd counterfactual reciprocal inceptive (future)
aux_3_ctr_rec_ces_pst,ksorape,ksor.ˈap.e,auxiliary-form: 3rd counterfactual reciprocal cessative (past)
aux_3_ctr_rec_ces_prs,ksorapa,ksor.ˈap.a,auxiliary-form: 3rd counterfactual reciprocal cessative (present)
aux_3_ctr_rec_ces_fut,ksorapo,ksor.ˈap.o,auxiliary-form: 3rd counterfactual reciprocal cessative (future)
aux_3_ctr_rec_rem_pst,ksorahe,ksor.ˈah.e,auxiliary-form: 3rd counterfactual reciprocal remote (past)
aux_3_ctr_rec_rem_prs,ksoraha,ksor.ˈah.a,auxiliary-form: 3rd counterfactual reciprocal remote (present)
aux_3_ctr_rec_rem_fut,ksoraho,ksor.ˈah.o,auxiliary-form: 3rd counterfactual reciprocal remote (future)
aux_3_opt_sim_pst,lhefe,ɬˈef.e,auxiliary-form: 3rd optative simple (past)
aux_3_opt_sim_prs,lhefa,ɬˈef.a,auxiliary-form: 3rd optative simple (present)
aux_3_opt_sim_fut,lhefo,ɬˈef.o,auxiliary-form: 3rd optative simple (future)
aux_3_opt_ipf_pst,lhethe,ɬˈeθ.e,auxiliary-form: 3rd optative imperfective (past)
aux_3_opt_ipf_prs,lhetha,ɬˈeθ.a,auxiliary-form: 3rd optative imperfective (present)
aux_3_opt_ipf_fut,lhetho,ɬˈeθ.o,auxiliary-form: 3rd optative imperfective (future)
aux_3_opt_prf_pst,lhelhe,ɬˈeɬ.e,auxiliary-form: 3rd optative perfect (past)
aux_3_opt_prf_prs,lhelha,ɬˈeɬ.a,auxiliary-form: 3rd optative perfect (present)
aux_3_opt_prf_fut,lhelho,ɬˈeɬ.o,auxiliary-form: 3rd optative perfect (future)
aux_3_opt_nea_pst,lhetle,ɬˈeƛ.e,auxiliary-form: 3rd optative near (past)
aux_3_opt_nea_prs,lhetla,ɬˈeƛ.a,auxiliary-form: 3rd optative near (present)
aux_3_opt_nea_fut,lhetlo,ɬˈeƛ.o,auxiliary-form: 3rd optative near (future)
aux_3_opt_imm_pst,lheke,ɬˈek.e,auxiliary-form: 3rd optative immediate (past)
aux_3_opt_imm_prs,lheka,ɬˈek.a,auxiliary-form: 3rd optative immediate (present)
aux_3_opt_imm_fut,lheko,ɬˈek.o,auxiliary-form: 3rd optative immediate (future)
aux_3_opt_hab_pst,lheme,ɬˈem.e,auxiliary-form: 3rd optative habitual (past)
aux_3_opt_hab_prs,lhema,ɬˈem.a,auxiliary-form: 3rd optative habitual (present)
aux_3_opt_hab_fut,lhemo,ɬˈem.o,auxiliary-form: 3rd optative habitual (future)
aux_3_opt_pro_pst,lhese,ɬˈes.e,auxiliary-form: 3rd optative progressive (past)
aux_3_opt_pro_prs,lhesa,ɬˈes.a,auxiliary-form: 3rd optative progressive (present)
aux_3_opt_pro_fut,lheso,ɬˈes.o,auxiliary-form: 3rd optative progressive (future)
aux_3_opt_cnt_pst,lheshe,ɬˈeʃ.e,auxiliary-form: 3rd optative continuous (past)
aux_3_opt_cnt_prs,lhesha,ɬˈeʃ.a,auxiliary-form: 3rd optative continuous (present)
aux_3_opt_cnt_fut,lhesho,ɬˈeʃ.o,auxiliary-form: 3rd optative continuous (future)
aux_3_opt_itr_pst,lhene,ɬˈen.e,auxiliary-form: 3rd optative iterative (past)
aux_3_opt_itr_prs,lhena,ɬˈen.a,auxiliary-form: 3rd optative iterative (present)
aux_3_opt_itr_fut,lheno,ɬˈen.o,auxiliary-form: 3rd optative iterative (future)
aux_3_opt_inc_pst,lheye,ɬˈej.e,auxiliary-form: 3rd optative inceptive (past)
aux_3_opt_inc_prs,lheya,ɬˈej.a,auxiliary-form: 3rd optative inceptive (present)
aux_3_opt_inc_fut,lheyo,ɬˈej.o,auxiliary-form: 3rd optative inceptive (future)
aux_3_opt_ces_pst,lhepe,ɬˈep.e,auxiliary-form: 3rd optative cessative (past)
aux_3_opt_ces_prs,lhepa,ɬˈep.a,auxiliary-form: 3rd optative cessative (present)
aux_3_opt_ces_fut,lhepo,ɬˈep.o,auxiliary-form: 3rd optative cessative (future)
aux_3_opt_rem_pst,lhehe,ɬˈeh.e,auxiliary-form: 3rd optative remote (past)
aux_3_opt_rem_prs,lheha,ɬˈeh.a,auxiliary-form: 3rd optative remote (present)
aux_3_opt_rem_fut,lheho,ɬˈeh.o,auxiliary-form: 3rd optative remote (future)
aux_3_opt_ref_sim_pst,lhetefe,ɬet.ˈef.e,auxiliary-form: 3rd optative reflexive simple (past)
aux_3_opt_ref_sim_prs,lhetefa,ɬet.ˈef.a,auxiliary-form: 3rd optative reflexive simple (present)
aux_3_opt_ref_sim_fut,lhetefo,ɬet.ˈef.o,auxiliary-form: 3rd optative reflexive simple (future)
aux_3_opt_ref_ipf_pst,lhetethe,ɬet.ˈeθ.e,auxiliary-form: 3rd optative reflexive imperfective (past)
aux_3_opt_ref_ipf_prs,lhetetha,ɬet.ˈeθ.a,auxiliary-form: 3rd optative reflexive imperfective (present)
aux_3_opt_ref_ipf_fut,lhetetho,ɬet.ˈeθ.o,auxiliary-form: 3rd optative reflexive imperfective (future)
aux_3_opt_ref_prf_pst,lhetelhe,ɬet.ˈeɬ.e,auxiliary-form: 3rd optative reflexive perfect (past)
aux_3_opt_ref_prf_prs,lhetelha,ɬet.ˈeɬ.a,auxiliary-form: 3rd optative reflexive perfect (present)
aux_3_opt_ref_prf_fut,lhetelho,ɬet.ˈeɬ.o,auxiliary-form: 3rd optative reflexive perfect (future)
aux_3_opt_ref_nea_pst,lhetetle,ɬet.ˈeƛ.e,auxiliary-form: 3rd optative reflexive near (past)
aux_3_opt_ref_nea_prs,lhetetla,ɬet.ˈeƛ.a,auxiliary-form: 3rd optative reflexive near (present)
aux_3_opt_ref_nea_fut,lhetetlo,ɬet.ˈeƛ.o,auxiliary-form: 3rd optative reflexive near (future)
aux_3_opt_ref_imm_pst,lheteke,ɬet.ˈek.e,auxiliary-form: 3rd optative reflexive immediate (past)
aux_3_opt_ref_imm_prs,lheteka,ɬet.ˈek.a,auxiliary-form: 3rd optative reflexive immediate (present)
aux_3_opt_ref_imm_fut,lheteko,ɬet.ˈek.o,auxiliary-form: 3rd optative reflexive immediate (future)
aux_3_opt_ref_hab_pst,lheteme,ɬet.ˈem.e,auxiliary-form: 3rd optative reflexive habitual (past)
aux_3_opt_ref_hab_prs,lhetema,ɬet.ˈem.a,auxiliary-form: 3rd optative reflexive habitual (present)
aux_3_opt_ref_hab_fut,lhetemo,ɬet.ˈem.o,auxiliary-form: 3rd optative reflexive habitual (future)
aux_3_opt_ref_pro_pst,lhetese,ɬet.ˈes.e,auxiliary-form: 3rd optative reflexive progressive (past)
aux_3_opt_ref_pro_prs,lhetesa,ɬet.ˈes.a,auxiliary-form: 3rd optative reflexive progressive (present)
aux_3_opt_ref_pro_fut,lheteso,ɬet.ˈes.o,auxiliary-form: 3rd optative reflexive progressive (future)
aux_3_opt_ref_cnt_pst,lheteshe,ɬet.ˈeʃ.e,auxiliary-form: 3rd optative reflexive continuous (past)
aux_3_opt_ref_cnt_prs,lhetesha,ɬet.ˈeʃ.a,auxiliary-form: 3rd optative reflexive continuous (present)
aux_3_opt_ref_cnt_fut,lhetesho,ɬet.ˈeʃ.o,auxiliary-form: 3rd optative reflexive continuous (future)
aux_3_opt_ref_itr_pst,lhetene,ɬet.ˈen.e,auxiliary-form: 3rd optative reflexive iterative (past)
aux_3_opt_ref_itr_prs,lhetena,ɬet.ˈen.a,auxiliary-form: 3rd optative reflexive iterative (present)
aux_3_opt_ref_itr_fut,lheteno,ɬet.ˈen.o,auxiliary-form: 3rd optative reflexive iterative (future)
aux_3_opt_ref_inc_pst,lheteye,ɬet.ˈej.e,auxiliary-form: 3rd optative reflexive inceptive (past)
aux_3_opt_ref_inc_prs,lheteya,ɬet.ˈej.a,auxiliary-form: 3rd optative reflexive inceptive (present)
aux_3_opt_ref_inc_fut,lheteyo,ɬet.ˈej.o,auxiliary-form: 3rd optative reflexive inceptive (future)
aux_3_opt_ref_ces_pst,lhetepe,ɬet.ˈep.e,auxiliary-form: 3rd optative reflexive cessative (past)
aux_3_opt_ref_ces_prs,lhetepa,ɬet.ˈep.a,auxiliary-form: 3rd optative reflexive cessative (present)
aux_3_opt_ref_ces_fut,lhetepo,ɬet.ˈep.o,auxiliary-form: 3rd optative reflexive cessative (future)
aux_3_opt_ref_rem_pst,lhetehe,ɬet.ˈeh.e,auxiliary-form: 3rd optative reflexive remote (past)
aux_3_opt_ref_rem_prs,lheteha,ɬet.ˈeh.a,auxiliary-form: 3rd optative reflexive remote (present)
aux_3_opt_ref_rem_fut,lheteho,ɬet.ˈeh.o,auxiliary-form: 3rd optative reflexive remote (future)
aux_3_opt_pas_sim_pst,lhepafe,ɬep.ˈaf.e,auxiliary-form: 3rd optative passive simple (past)
aux_3_opt_pas_sim_prs,lhepafa,ɬep.ˈaf.a,auxiliary-form: 3rd optative passive simple (present)
aux_3_opt_pas_sim_fut,lhepafo,ɬep.ˈaf.o,auxiliary-form: 3rd optative passive simple (future)
aux_3_opt_pas_ipf_pst,lhepathe,ɬep.ˈaθ.e,auxiliary-form: 3rd optative passive imperfective (past)
aux_3_opt_pas_ipf_prs,lhepatha,ɬep.ˈaθ.a,auxiliary-form: 3rd optative passive imperfective (present)
aux_3_opt_pas_ipf_fut,lhepatho,ɬep.ˈaθ.o,auxiliary-form: 3rd optative passive imperfective (future)
aux_3_opt_pas_prf_pst,lhepalhe,ɬep.ˈaɬ.e,auxiliary-form: 3rd optative passive perfect (past)
aux_3_opt_pas_prf_prs,lhepalha,ɬep.ˈaɬ.a,auxiliary-form: 3rd optative passive perfect (present)
aux_3_opt_pas_prf_fut,lhepalho,ɬep.ˈaɬ.o,auxiliary-form: 3rd optative passive perfect (future)
aux_3_opt_pas_nea_pst,lhepatle,ɬep.ˈaƛ.e,auxiliary-form: 3rd optative passive near (past)
aux_3_opt_pas_nea_prs,lhepatla,ɬep.ˈaƛ.a,auxiliary-form: 3rd optative passive near (present)
aux_3_opt_pas_nea_fut,lhepatlo,ɬep.ˈaƛ.o,auxiliary-form: 3rd optative passive near (future)
aux_3_opt_pas_imm_pst,lhepake,ɬep.ˈak.e,auxiliary-form: 3rd optative passive immediate (past)
aux_3_opt_pas_imm_prs,lhepaka,ɬep.ˈak.a,auxiliary-form: 3rd optative passive immediate (present)
aux_3_opt_pas_imm_fut,lhepako,ɬep.ˈak.o,auxiliary-form: 3rd optative passive immediate (future)
aux_3_opt_pas_hab_pst,lhepame,ɬep.ˈam.e,auxiliary-form: 3rd optative passive habitual (past)
aux_3_opt_pas_hab_prs,lhepama,ɬep.ˈam.a,auxiliary-form: 3rd optative passive habitual (present)
aux_3_opt_pas_hab_fut,lhepamo,ɬep.ˈam.o,auxiliary-form: 3rd optative passive habitual (future)
aux_3_opt_pas_pro_pst,lhepase,ɬep.ˈas.e,auxiliary-form: 3rd optative passive progressive (past)
aux_3_opt_pas_pro_prs,lhepasa,ɬep.ˈas.a,auxiliary-form: 3rd optative passive progressive (present)
aux_3_opt_pas_pro_fut,lhepaso,ɬep.ˈas.o,auxiliary-form: 3rd optative passive progressive (future)
aux_3_opt_pas_cnt_pst,lhepashe,ɬep.ˈaʃ.e,auxiliary-form: 3rd optative passive continuous (past)
aux_3_opt_pas_cnt_prs,lhepasha,ɬep.ˈaʃ.a,auxiliary-form: 3rd optative passive continuous (present)
aux_3_opt_pas_cnt_fut,lhepasho,ɬep.ˈaʃ.o,auxiliary-form: 3rd optative passive continuous (future)
aux_3_opt_pas_itr_pst,lhepane,ɬep.ˈan.e,auxiliary-form: 3rd optative passive iterative (past)
aux_3_opt_pas_itr_prs,lhepana,ɬep.ˈan.a,auxiliary-form: 3rd optative passive iterative (present)
aux_3_opt_pas_itr_fut,lhepano,ɬep.ˈan.o,auxiliary-form: 3rd optative passive iterative (future)
aux_3_opt_pas_inc_pst,lhepaye,ɬep.ˈaj.e,auxiliary-form: 3rd optative passive inceptive (past)
aux_3_opt_pas_inc_prs,lhepaya,ɬep.ˈaj.a,auxiliary-form: 3rd optative passive inceptive (present)
aux_3_opt_pas_inc_fut,lhepayo,ɬep.ˈaj.o,auxiliary-form: 3rd optative passive inceptive (future)
aux_3_opt_pas_ces_pst,lhepape,ɬep.ˈap.e,auxiliary-form: 3rd optative passive cessative (past)
aux_3_opt_pas_ces_prs,lhepapa,ɬep.ˈap.a,auxiliary-form: 3rd optative passive cessative (present)
aux_3_opt_pas_ces_fut,lhepapo,ɬep.ˈap.o,auxiliary-form: 3rd optative passive cessative (future)
aux_3_opt_pas_rem_pst,lhepahe,ɬep.ˈah.e,auxiliary-form: 3rd optative passive remote (past)
aux_3_opt_pas_rem_prs,lhepaha,ɬep.ˈah.a,auxiliary-form: 3rd optative passive remote (present)
aux_3_opt_pas_rem_fut,lhepaho,ɬep.ˈah.o,auxiliary-form: 3rd optative passive remote (future)
aux_3_opt_mid_sim_pst,lhemofe,ɬem.ˈof.e,auxiliary-form: 3rd optative middle simple (past)
aux_3_opt_mid_sim_prs,lhemofa,ɬem.ˈof.a,auxiliary-form: 3rd optative middle simple (present)
aux_3_opt_mid_sim_fut,lhemofo,ɬem.ˈof.o,auxiliary-form: 3rd optative middle simple (future)
aux_3_opt_mid_ipf_pst,lhemothe,ɬem.ˈoθ.e,auxiliary-form: 3rd optative middle imperfective (past)
aux_3_opt_mid_ipf_prs,lhemotha,ɬem.ˈoθ.a,auxiliary-form: 3rd optative middle imperfective (present)
aux_3_opt_mid_ipf_fut,lhemotho,ɬem.ˈoθ.o,auxiliary-form: 3rd optative middle imperfective (future)
aux_3_opt_mid_prf_pst,lhemolhe,ɬem.ˈoɬ.e,auxiliary-form: 3rd optative middle perfect (past)
aux_3_opt_mid_prf_prs,lhemolha,ɬem.ˈoɬ.a,auxiliary-form: 3rd optative middle perfect (present)
aux_3_opt_mid_prf_fut,lhemolho,ɬem.ˈoɬ.o,auxiliary-form: 3rd optative middle perfect (future)
aux_3_opt_mid_nea_pst,lhemotle,ɬem.ˈoƛ.e,auxiliary-form: 3rd optative middle near (past)
aux_3_opt_mid_nea_prs,lhemotla,ɬem.ˈoƛ.a,auxiliary-form: 3rd optative middle near (present)
aux_3_opt_mid_nea_fut,lhemotlo,ɬem.ˈoƛ.o,auxiliary-form: 3rd optative middle near (future)
aux_3_opt_mid_imm_pst,lhemoke,ɬem.ˈok.e,auxiliary-form: 3rd optative middle immediate (past)
aux_3_opt_mid_imm_prs,lhemoka,ɬem.ˈok.a,auxiliary-form: 3rd optative middle immediate (present)
aux_3_opt_mid_imm_fut,lhemoko,ɬem.ˈok.o,auxiliary-form: 3rd optative middle immediate (future)
aux_3_opt_mid_hab_pst,lhemome,ɬem.ˈom.e,auxiliary-form: 3rd optative middle habitual (past)
aux_3_opt_mid_hab_prs,lhemoma,ɬem.ˈom.a,auxiliary-form: 3rd optative middle habitual (present)
aux_3_opt_mid_hab_fut,lhemomo,ɬem.ˈom.o,auxiliary-form: 3rd optative middle habitual (future)
aux_3_opt_mid_pro_pst,lhemose,ɬem.ˈos.e,auxiliary-form: 3rd optative middle progressive (past)
aux_3_opt_mid_pro_prs,lhemosa,ɬem.ˈos.a,auxiliary-form: 3rd optative middle progressive (present)
aux_3_opt_mid_pro_fut,lhemoso,ɬem.ˈos.o,auxiliary-form: 3rd optative middle progressive (future)
aux_3_opt_mid_cnt_pst,lhemoshe,ɬem.ˈoʃ.e,auxiliary-form: 3rd optative middle continuous (past)
aux_3_opt_mid_cnt_prs,lhemosha,ɬem.ˈoʃ.a,auxiliary-form: 3rd optative middle continuous (present)
aux_3_opt_mid_cnt_fut,lhemosho,ɬem.ˈoʃ.o,auxiliary-form: 3rd optative middle continuous (future)
aux_3_opt_mid_itr_pst,lhemone,ɬem.ˈon.e,auxiliary-form: 3rd optative middle iterative (past)
aux_3_opt_mid_itr_prs,lhemona,ɬem.ˈon.a,auxiliary-form: 3rd optative middle iterative (present)
aux_3_opt_mid_itr_fut,lhemono,ɬem.ˈon.o,auxiliary-form: 3rd optative middle iterative (future)
aux_3_opt_mid_inc_pst,lhemoye,ɬem.ˈoj.e,auxiliary-form: 3rd optative middle inceptive (past)
aux_3_opt_mid_inc_prs,lhemoya,ɬem.ˈoj.a,auxiliary-form: 3rd optative middle inceptive (present)
aux_3_opt_mid_inc_fut,lhemoyo,ɬem.ˈoj.o,auxiliary-form: 3rd optative middle inceptive (future)
aux_3_opt_mid_ces_pst,lhemope,ɬem.ˈop.e,auxiliary-form: 3rd optative middle cessative (past)
aux_3_opt_mid_ces_prs,lhemopa,ɬem.ˈop.a,auxiliary-form: 3rd optative middle cessative (present)
aux_3_opt_mid_ces_fut,lhemopo,ɬem.ˈop.o,auxiliary-form: 3rd optative middle cessative (future)
aux_3_opt_mid_rem_pst,lhemohe,ɬem.ˈoh.e,auxiliary-form: 3rd optative middle remote (past)
aux_3_opt_mid_rem_prs,lhemoha,ɬem.ˈoh.a,auxiliary-form: 3rd optative middle remote (present)
aux_3_opt_mid_rem_fut,lhemoho,ɬem.ˈoh.o,auxiliary-form: 3rd optative middle remote (future)
aux_3_opt_cau_sim_pst,lhekefe,ɬek.ˈef.e,auxiliary-form: 3rd optative causative simple (past)
aux_3_opt_cau_sim_prs,lhekefa,ɬek.ˈef.a,auxiliary-form: 3rd optative causative simple (present)
aux_3_opt_cau_sim_fut,lhekefo,ɬek.ˈef.o,auxiliary-form: 3rd optative causative simple (future)
aux_3_opt_cau_ipf_pst,lhekethe,ɬek.ˈeθ.e,auxiliary-form: 3rd optative causative imperfective (past)
aux_3_opt_cau_ipf_prs,lheketha,ɬek.ˈeθ.a,auxiliary-form: 3rd optative causative imperfective (present)
aux_3_opt_cau_ipf_fut,lheketho,ɬek.ˈeθ.o,auxiliary-form: 3rd optative causative imperfective (future)
aux_3_opt_cau_prf_pst,lhekelhe,ɬek.ˈeɬ.e,auxiliary-form: 3rd optative causative perfect (past)
aux_3_opt_cau_prf_prs,lhekelha,ɬek.ˈeɬ.a,auxiliary-form: 3rd optative causative perfect (present)
aux_3_opt_cau_prf_fut,lhekelho,ɬek.ˈeɬ.o,auxiliary-form: 3rd optative causative perfect (future)
aux_3_opt_cau_nea_pst,lheketle,ɬek.ˈeƛ.e,auxiliary-form: 3rd optative causative near (past)
aux_3_opt_cau_nea_prs,lheketla,ɬek.ˈeƛ.a,auxiliary-form: 3rd optative causative near (present)
aux_3_opt_cau_nea_fut,lheketlo,ɬek.ˈeƛ.o,auxiliary-form: 3rd optative causative near (future)
aux_3_opt_cau_imm_pst,lhekeke,ɬek.ˈek.e,auxiliary-form: 3rd optative causative immediate (past)
aux_3_opt_cau_imm_prs,lhekeka,ɬek.ˈek.a,auxiliary-form: 3rd optative causative immediate (present)
aux_3_opt_cau_imm_fut,lhekeko,ɬek.ˈek.o,auxiliary-form: 3rd optative causative immediate (future)
aux_3_opt_cau_hab_pst,lhekeme,ɬek.ˈem.e,auxiliary-form: 3rd optative causative habitual (past)
aux_3_opt_cau_hab_prs,lhekema,ɬek.ˈem.a,auxiliary-form: 3rd optative causative habitual (present)
aux_3_opt_cau_hab_fut,lhekemo,ɬek.ˈem.o,auxiliary-form: 3rd optative causative habitual (future)
aux_3_opt_cau_pro_pst,lhekese,ɬek.ˈes.e,auxiliary-form: 3rd optative causative progressive (past)
aux_3_opt_cau_pro_prs,lhekesa,ɬek.ˈes.a,auxiliary-form: 3rd optative causative progressive (present)
aux_3_opt_cau_pro_fut,lhekeso,ɬek.ˈes.o,auxiliary-form: 3rd optative causative progressive (future)
aux_3_opt_cau_cnt_pst,lhekeshe,ɬek.ˈeʃ.e,auxiliary-form: 3rd optative causative continuous (past)
aux_3_opt_cau_cnt_prs,lhekesha,ɬek.ˈeʃ.a,auxiliary-form: 3rd optative causative continuous (present)
aux_3_opt_cau_cnt_fut,lhekesho,ɬek.ˈeʃ.o,auxiliary-form: 3rd optative causative continuous (future)
aux_3_opt_cau_itr_pst,lhekene,ɬek.ˈen.e,auxiliary-form: 3rd optative causative iterative (past)
aux_3_opt_cau_itr_prs,lhekena,ɬek.ˈen.a,auxiliary-form: 3rd optative causative iterative (present)
aux_3_opt_cau_itr_fut,lhekeno,ɬek.ˈen.o,auxiliary-form: 3rd optative causative iterative (future)
aux_3_opt_cau_inc_pst,lhekeye,ɬek.ˈej.e,auxiliary-form: 3rd optative causative inceptive (past)
aux_3_opt_cau_inc_prs,lhekeya,ɬek.ˈej.a,auxiliary-form: 3rd optative causative inceptive (present)
aux_3_opt_cau_inc_fut,lhekeyo,ɬek.ˈej.o,auxiliary-form: 3rd optative causative inceptive (future)
aux_3_opt_cau_ces_pst,lhekepe,ɬek.ˈep.e,auxiliary-form: 3rd optative causative cessative (past)
aux_3_opt_cau_ces_prs,lhekepa,ɬek.ˈep.a,auxiliary-form: 3rd optative causative cessative (present)
aux_3_opt_cau_ces_fut,lhekepo,ɬek.ˈep.o,auxiliary-form: 3rd optative causative cessative (future)
aux_3_opt_cau_rem_pst,lhekehe,ɬek.ˈeh.e,auxiliary-form: 3rd optative causative remote (past)
aux_3_opt_cau_rem_prs,lhekeha,ɬek.ˈeh.a,auxiliary-form: 3rd optative causative remote (present)
aux_3_opt_cau_rem_fut,lhekeho,ɬek.ˈeh.o,auxiliary-form: 3rd optative causative remote (future)
aux_3_opt_rec_sim_pst,lherafe,ɬer.ˈaf.e,auxiliary-form: 3rd optative reciprocal simple (past)
aux_3_opt_rec_sim_prs,lherafa,ɬer.ˈaf.a,auxiliary-form: 3rd optative reciprocal simple (present)
aux_3_opt_rec_sim_fut,lherafo,ɬer.ˈaf.o,auxiliary-form: 3rd optative reciprocal simple (future)
aux_3_opt_rec_ipf_pst,lherathe,ɬer.ˈaθ.e,auxiliary-form: 3rd optative reciprocal imperfective (past)
aux_3_opt_rec_ipf_prs,lheratha,ɬer.ˈaθ.a,auxiliary-form: 3rd optative reciprocal imperfective (present)
aux_3_opt_rec_ipf_fut,lheratho,ɬer.ˈaθ.o,auxiliary-form: 3rd optative reciprocal imperfective (future)
aux_3_opt_rec_prf_pst,lheralhe,ɬer.ˈaɬ.e,auxiliary-form: 3rd optative reciprocal perfect (past)
aux_3_opt_rec_prf_prs,lheralha,ɬer.ˈaɬ.a,auxiliary-form: 3rd optative reciprocal perfect (present)
aux_3_opt_rec_prf_fut,lheralho,ɬer.ˈaɬ.o,auxiliary-form: 3rd optative reciprocal perfect (future)
aux_3_opt_rec_nea_pst,lheratle,ɬer.ˈaƛ.e,auxiliary-form: 3rd optative reciprocal near (past)
aux_3_opt_rec_nea_prs,lheratla,ɬer.ˈaƛ.a,auxiliary-form: 3rd optative reciprocal near (present)
aux_3_opt_rec_nea_fut,lheratlo,ɬer.ˈaƛ.o,auxiliary-form: 3rd optative reciprocal near (future)
aux_3_opt_rec_imm_pst,lherake,ɬer.ˈak.e,auxiliary-form: 3rd optative reciprocal immediate (past)
aux_3_opt_rec_imm_prs,lheraka,ɬer.ˈak.a,auxiliary-form: 3rd optative reciprocal immediate (present)
aux_3_opt_rec_imm_fut,lherako,ɬer.ˈak.o,auxiliary-form: 3rd optative reciprocal immediate (future)
aux_3_opt_rec_hab_pst,lherame,ɬer.ˈam.e,auxiliary-form: 3rd optative reciprocal habitual (past)
aux_3_opt_rec_hab_prs,lherama,ɬer.ˈam.a,auxiliary-form: 3rd optative reciprocal habitual (present)
aux_3_opt_rec_hab_fut,lheramo,ɬer.ˈam.o,auxiliary-form: 3rd optative reciprocal habitual (future)
aux_3_opt_rec_pro_pst,lherase,ɬer.ˈas.e,auxiliary-form: 3rd optative reciprocal progressive (past)
aux_3_opt_rec_pro_prs,lherasa,ɬer.ˈas.a,auxiliary-form: 3rd optative reciprocal progressive (present)
aux_3_opt_rec_pro_fut,lheraso,ɬer.ˈas.o,auxiliary-form: 3rd optative reciprocal progressive (future)
aux_3_opt_rec_cnt_pst,lherashe,ɬer.ˈaʃ.e,auxiliary-form: 3rd optative reciprocal continuous (past)
aux_3_opt_rec_cnt_prs,lherasha,ɬer.ˈaʃ.a,auxiliary-form: 3rd optative reciprocal continuous (present)
aux_3_opt_rec_cnt_fut,lherasho,ɬer.ˈaʃ.o,auxiliary-form: 3rd optative reciprocal continuous (future)
aux_3_opt_rec_itr_pst,lherane,ɬer.ˈan.e,auxiliary-form: 3rd optative reciprocal iterative (past)
aux_3_opt_rec_itr_prs,lherana,ɬer.ˈan.a,auxiliary-form: 3rd optative reciprocal iterative (present)
aux_3_opt_rec_itr_fut,lherano,ɬer.ˈan.o,auxiliary-form: 3rd optative reciprocal iterative (future)
aux_3_opt_rec_inc_pst,lheraye,ɬer.ˈaj.e,auxiliary-form: 3rd optative reciprocal inceptive (past)
aux_3_opt_rec_inc_prs,lheraya,ɬer.ˈaj.a,auxiliary-form: 3rd optative reciprocal inceptive (present)
aux_3_opt_rec_inc_fut,lherayo,ɬer.ˈaj.o,auxiliary-form: 3rd optative reciprocal inceptive (future)
aux_3_opt_rec_ces_pst,lherape,ɬer.ˈap.e,auxiliary-form: 3rd optative reciprocal cessative (past)
aux_3_opt_rec_ces_prs,lherapa,ɬer.ˈap.a,auxiliary-form: 3rd optative reciprocal cessative (present)
aux_3_opt_rec_ces_fut,lherapo,ɬer.ˈap.o,auxiliary-form: 3rd optative reciprocal cessative (future)
aux_3_opt_rec_rem_pst,lherahe,ɬer.ˈah.e,auxiliary-form: 3rd optative reciprocal remote (past)
aux_3_opt_rec_rem_prs,lheraha,ɬer.ˈah.a,auxiliary-form: 3rd optative reciprocal remote (present)
aux_3_opt_rec_rem_fut,lheraho,ɬer.ˈah.o,auxiliary-form: 3rd optative reciprocal remote (future)
aux_3_obl_sim_pst,tlofe,ƛˈof.e,auxiliary-form: 3rd obligative simple (past)
aux_3_obl_sim_prs,tlofa,ƛˈof.a,auxiliary-form: 3rd obligative simple (present)
aux_3_obl_sim_fut,tlofo,ƛˈof.o,auxiliary-form: 3rd obligative simple (future)
aux_3_obl_ipf_pst,tlothe,ƛˈoθ.e,auxiliary-form: 3rd obligative imperfective (past)
aux_3_obl_ipf_prs,tlotha,ƛˈoθ.a,auxiliary-form: 3rd obligative imperfective (present)
aux_3_obl_ipf_fut,tlotho,ƛˈoθ.o,auxiliary-form: 3rd obligative imperfective (future)
aux_3_obl_prf_pst,tlolhe,ƛˈoɬ.e,auxiliary-form: 3rd obligative perfect (past)
aux_3_obl_prf_prs,tlolha,ƛˈoɬ.a,auxiliary-form: 3rd obligative perfect (present)
aux_3_obl_prf_fut,tlolho,ƛˈoɬ.o,auxiliary-form: 3rd obligative perfect (future)
aux_3_obl_nea_pst,tlotle,ƛˈoƛ.e,auxiliary-form: 3rd obligative near (past)
aux_3_obl_nea_prs,tlotla,ƛˈoƛ.a,auxiliary-form: 3rd obligative near (present)
aux_3_obl_nea_fut,tlotlo,ƛˈoƛ.o,auxiliary-form: 3rd obligative near (future)
aux_3_obl_imm_pst,tloke,ƛˈok.e,auxiliary-form: 3rd obligative immediate (past)
aux_3_obl_imm_prs,tloka,ƛˈok.a,auxiliary-form: 3rd obligative immediate (present)
aux_3_obl_imm_fut,tloko,ƛˈok.o,auxiliary-form: 3rd obligative immediate (future)
aux_3_obl_hab_pst,tlome,ƛˈom.e,auxiliary-form: 3rd obligative habitual (past)
aux_3_obl_hab_prs,tloma,ƛˈom.a,auxiliary-form: 3rd obligative habitual (present)
aux_3_obl_hab_fut,tlomo,ƛˈom.o,auxiliary-form: 3rd obligative habitual (future)
aux_3_obl_pro_pst,tlose,ƛˈos.e,auxiliary-form: 3rd obligative progressive (past)
aux_3_obl_pro_prs,tlosa,ƛˈos.a,auxiliary-form: 3rd obligative progressive (present)
aux_3_obl_pro_fut,tloso,ƛˈos.o,auxiliary-form: 3rd obligative progressive (future)
aux_3_obl_cnt_pst,tloshe,ƛˈoʃ.e,auxiliary-form: 3rd obligative continuous (past)
aux_3_obl_cnt_prs,tlosha,ƛˈoʃ.a,auxiliary-form: 3rd obligative continuous (present)
aux_3_obl_cnt_fut,tlosho,ƛˈoʃ.o,auxiliary-form: 3rd obligative continuous (future)
aux_3_obl_itr_pst,tlone,ƛˈon.e,auxiliary-form: 3rd obligative iterative (past)
aux_3_obl_itr_prs,tlona,ƛˈon.a,auxiliary-form: 3rd obligative iterative (present)
aux_3_obl_itr_fut,tlono,ƛˈon.o,auxiliary-form: 3rd obligative iterative (future)
aux_3_obl_inc_pst,tloye,ƛˈoj.e,auxiliary-form: 3rd obligative inceptive (past)
aux_3_obl_inc_prs,tloya,ƛˈoj.a,auxiliary-form: 3rd obligative inceptive (present)
aux_3_obl_inc_fut,tloyo,ƛˈoj.o,auxiliary-form: 3rd obligative inceptive (future)
aux_3_obl_ces_pst,tlope,ƛˈop.e,auxiliary-form: 3rd obligative cessative (past)
aux_3_obl_ces_prs,tlopa,ƛˈop.a,auxiliary-form: 3rd obligative cessative (present)
aux_3_obl_ces_fut,tlopo,ƛˈop.o,auxiliary-form: 3rd obligative cessative (future)
aux_3_obl_rem_pst,tlohe,ƛˈoh.e,auxiliary-form: 3rd obligative remote (past)
aux_3_obl_rem_prs,tloha,ƛˈoh.a,auxiliary-form: 3rd obligative remote (present)
aux_3_obl_rem_fut,tloho,ƛˈoh.o,auxiliary-form: 3rd obligative remote (future)
aux_3_obl_ref_sim_pst,tlotefe,ƛot.ˈef.e,auxiliary-form: 3rd obligative reflexive simple (past)
aux_3_obl_ref_sim_prs,tlotefa,ƛot.ˈef.a,auxiliary-form: 3rd obligative reflexive simple (present)
aux_3_obl_ref_sim_fut,tlotefo,ƛot.ˈef.o,auxiliary-form: 3rd obligative reflexive simple (future)
aux_3_obl_ref_ipf_pst,tlotethe,ƛot.ˈeθ.e,auxiliary-form: 3rd obligative reflexive imperfective (past)
aux_3_obl_ref_ipf_prs,tlotetha,ƛot.ˈeθ.a,auxiliary-form: 3rd obligative reflexive imperfective (present)
aux_3_obl_ref_ipf_fut,tlotetho,ƛot.ˈeθ.o,auxiliary-form: 3rd obligative reflexive imperfective (future)
aux_3_obl_ref_prf_pst,tlotelhe,ƛot.ˈeɬ.e,auxiliary-form: 3rd obligative reflexive perfect (past)
aux_3_obl_ref_prf_prs,tlotelha,ƛot.ˈeɬ.a,auxiliary-form: 3rd obligative reflexive perfect (present)
aux_3_obl_ref_prf_fut,tlotelho,ƛot.ˈeɬ.o,auxiliary-form: 3rd obligative reflexive perfect (future)
aux_3_obl_ref_nea_pst,tlotetle,ƛot.ˈeƛ.e,auxiliary-form: 3rd obligative reflexive near (past)
aux_3_obl_ref_nea_prs,tlotetla,ƛot.ˈeƛ.a,auxiliary-form: 3rd obligative reflexive near (present)
aux_3_obl_ref_nea_fut,tlotetlo,ƛot.ˈeƛ.o,auxiliary-form: 3rd obligative reflexive near (future)
aux_3_obl_ref_imm_pst,tloteke,ƛot.ˈek.e,auxiliary-form: 3rd obligative reflexive immediate (past)
aux_3_obl_ref_imm_prs,tloteka,ƛot.ˈek.a,auxiliary-form: 3rd obligative reflexive immediate (present)
aux_3_obl_ref_imm_fut,tloteko,ƛot.ˈek.o,auxiliary-form: 3rd obligative reflexive immediate (future)
aux_3_obl_ref_hab_pst,tloteme,ƛot.ˈem.e,auxiliary-form: 3rd obligative reflexive habitual (past)
aux_3_obl_ref_hab_prs,tlotema,ƛot.ˈem.a,auxiliary-form: 3rd obligative reflexive habitual (present)
aux_3_obl_ref_hab_fut,tlotemo,ƛot.ˈem.o,auxiliary-form: 3rd obligative reflexive habitual (future)
aux_3_obl_ref_pro_pst,tlotese,ƛot.ˈes.e,auxiliary-form: 3rd obligative reflexive progressive (past)
aux_3_obl_ref_pro_prs,tlotesa,ƛot.ˈes.a,auxiliary-form: 3rd obligative reflexive progressive (present)
aux_3_obl_ref_pro_fut,tloteso,ƛot.ˈes.o,auxiliary-form: 3rd obligative reflexive progressive (future)
aux_3_obl_ref_cnt_pst,tloteshe,ƛot.ˈeʃ.e,auxiliary-form: 3rd obligative reflexive continuous (past)
aux_3_obl_ref_cnt_prs,tlotesha,ƛot.ˈeʃ.a,auxiliary-form: 3rd obligative reflexive continuous (present)
aux_3_obl_ref_cnt_fut,tlotesho,ƛot.ˈeʃ.o,auxiliary-form: 3rd obligative reflexive continuous (future)
aux_3_obl_ref_itr_pst,tlotene,ƛot.ˈen.e,auxiliary-form: 3rd obligative reflexive iterative (past)
aux_3_obl_ref_itr_prs,tlotena,ƛot.ˈen.a,auxiliary-form: 3rd obligative reflexive iterative (present)
aux_3_obl_ref_itr_fut,tloteno,ƛot.ˈen.o,auxiliary-form: 3rd obligative reflexive iterative (future)
aux_3_obl_ref_inc_pst,tloteye,ƛot.ˈej.e,auxiliary-form: 3rd obligative reflexive inceptive (past)
aux_3_obl_ref_inc_prs,tloteya,ƛot.ˈej.a,auxiliary-form: 3rd obligative reflexive inceptive (present)
aux_3_obl_ref_inc_fut,tloteyo,ƛot.ˈej.o,auxiliary-form: 3rd obligative reflexive inceptive (future)
aux_3_obl_ref_ces_pst,tlotepe,ƛot.ˈep.e,auxiliary-form: 3rd obligative reflexive cessative (past)
aux_3_obl_ref_ces_prs,tlotepa,ƛot.ˈep.a,auxiliary-form: 3rd obligative reflexive cessative (present)
aux_3_obl_ref_ces_fut,tlotepo,ƛot.ˈep.o,auxiliary-form: 3rd obligative reflexive cessative (future)
aux_3_obl_ref_rem_pst,tlotehe,ƛot.ˈeh.e,auxiliary-form: 3rd obligative reflexive remote (past)
aux_3_obl_ref_rem_prs,tloteha,ƛot.ˈeh.a,auxiliary-form: 3rd obligative reflexive remote (present)
aux_3_obl_ref_rem_fut,tloteho,ƛot.ˈeh.o,auxiliary-form: 3rd obligative reflexive remote (future)
aux_3_obl_pas_sim_pst,tlopafe,ƛop.ˈaf.e,auxiliary-form: 3rd obligative passive simple (past)
aux_3_obl_pas_sim_prs,tlopafa,ƛop.ˈaf.a,auxiliary-form: 3rd obligative passive simple (present)
aux_3_obl_pas_sim_fut,tlopafo,ƛop.ˈaf.o,auxiliary-form: 3rd obligative passive simple (future)
aux_3_obl_pas_ipf_pst,tlopathe,ƛop.ˈaθ.e,auxiliary-form: 3rd obligative passive imperfective (past)
aux_3_obl_pas_ipf_prs,tlopatha,ƛop.ˈaθ.a,auxiliary-form: 3rd obligative passive imperfective (present)
aux_3_obl_pas_ipf_fut,tlopatho,ƛop.ˈaθ.o,auxiliary-form: 3rd obligative passive imperfective (future)
aux_3_obl_pas_prf_pst,tlopalhe,ƛop.ˈaɬ.e,auxiliary-form: 3rd obligative passive perfect (past)
aux_3_obl_pas_prf_prs,tlopalha,ƛop.ˈaɬ.a,auxiliary-form: 3rd obligative passive perfect (present)
aux_3_obl_pas_prf_fut,tlopalho,ƛop.ˈaɬ.o,auxiliary-form: 3rd obligative passive perfect (future)
aux_3_obl_pas_nea_pst,tlopatle,ƛop.ˈaƛ.e,auxiliary-form: 3rd obligative passive near (past)
aux_3_obl_pas_nea_prs,tlopatla,ƛop.ˈaƛ.a,auxiliary-form: 3rd obligative passive near (present)
aux_3_obl_pas_nea_fut,tlopatlo,ƛop.ˈaƛ.o,auxiliary-form: 3rd obligative passive near (future)
aux_3_obl_pas_imm_pst,tlopake,ƛop.ˈak.e,auxiliary-form: 3rd obligative passive immediate (past)
aux_3_obl_pas_imm_prs,tlopaka,ƛop.ˈak.a,auxiliary-form: 3rd obligative passive immediate (present)
aux_3_obl_pas_imm_fut,tlopako,ƛop.ˈak.o,auxiliary-form: 3rd obligative passive immediate (future)
aux_3_obl_pas_hab_pst,tlopame,ƛop.ˈam.e,auxiliary-form: 3rd obligative passive habitual (past)
aux_3_obl_pas_hab_prs,tlopama,ƛop.ˈam.a,auxiliary-form: 3rd obligative passive habitual (present)
aux_3_obl_pas_hab_fut,tlopamo,ƛop.ˈam.o,auxiliary-form: 3rd obligative passive habitual (future)
aux_3_obl_pas_pro_pst,tlopase,ƛop.ˈas.e,auxiliary-form: 3rd obligative passive progressive (past)
aux_3_obl_pas_pro_prs,tlopasa,ƛop.ˈas.a,auxiliary-form: 3rd obligative passive progressive (present)
aux_3_obl_pas_pro_fut,tlopaso,ƛop.ˈas.o,auxiliary-form: 3rd obligative passive progressive (future)
aux_3_obl_pas_cnt_pst,tlopashe,ƛop.ˈaʃ.e,auxiliary-form: 3rd obligative passive continuous (past)
aux_3_obl_pas_cnt_prs,tlopasha,ƛop.ˈaʃ.a,auxiliary-form: 3rd obligative passive continuous (present)
aux_3_obl_pas_cnt_fut,tlopasho,ƛop.ˈaʃ.o,auxiliary-form: 3rd obligative passive continuous (future)
aux_3_obl_pas_itr_pst,tlopane,ƛop.ˈan.e,auxiliary-form: 3rd obligative passive iterative (past)
aux_3_obl_pas_itr_prs,tlopana,ƛop.ˈan.a,auxiliary-form: 3rd obligative passive iterative (present)
aux_3_obl_pas_itr_fut,tlopano,ƛop.ˈan.o,auxiliary-form: 3rd obligative passive iterative (future)
aux_3_obl_pas_inc_pst,tlopaye,ƛop.ˈaj.e,auxiliary-form: 3rd obligative passive inceptive (past)
aux_3_obl_pas_inc_prs,tlopaya,ƛop.ˈaj.a,auxiliary-form: 3rd obligative passive inceptive (present)
aux_3_obl_pas_inc_fut,tlopayo,ƛop.ˈaj.o,auxiliary-form: 3rd obligative passive inceptive (future)
aux_3_obl_pas_ces_pst,tlopape,ƛop.ˈap.e,auxiliary-form: 3rd obligative passive cessative (past)
aux_3_obl_pas_ces_prs,tlopapa,ƛop.ˈap.a,auxiliary-form: 3rd obligative passive cessative (present)
aux_3_obl_pas_ces_fut,tlopapo,ƛop.ˈap.o,auxiliary-form: 3rd obligative passive cessative (future)
aux_3_obl_pas_rem_pst,tlopahe,ƛop.ˈah.e,auxiliary-form: 3rd obligative passive remote (past)
aux_3_obl_pas_rem_prs,tlopaha,ƛop.ˈah.a,auxiliary-form: 3rd obligative passive remote (present)
aux_3_obl_pas_rem_fut,tlopaho,ƛop.ˈah.o,auxiliary-form: 3rd obligative passive remote (future)
aux_3_obl_mid_sim_pst,tlomofe,ƛom.ˈof.e,auxiliary-form: 3rd obligative middle simple (past)
aux_3_obl_mid_sim_prs,tlomofa,ƛom.ˈof.a,auxiliary-form: 3rd obligative middle simple (present)
aux_3_obl_mid_sim_fut,tlomofo,ƛom.ˈof.o,auxiliary-form: 3rd obligative middle simple (future)
aux_3_obl_mid_ipf_pst,tlomothe,ƛom.ˈoθ.e,auxiliary-form: 3rd obligative middle imperfective (past)
aux_3_obl_mid_ipf_prs,tlomotha,ƛom.ˈoθ.a,auxiliary-form: 3rd obligative middle imperfective (present)
aux_3_obl_mid_ipf_fut,tlomotho,ƛom.ˈoθ.o,auxiliary-form: 3rd obligative middle imperfective (future)
aux_3_obl_mid_prf_pst,tlomolhe,ƛom.ˈoɬ.e,auxiliary-form: 3rd obligative middle perfect (past)
aux_3_obl_mid_prf_prs,tlomolha,ƛom.ˈoɬ.a,auxiliary-form: 3rd obligative middle perfect (present)
aux_3_obl_mid_prf_fut,tlomolho,ƛom.ˈoɬ.o,auxiliary-form: 3rd obligative middle perfect (future)
aux_3_obl_mid_nea_pst,tlomotle,ƛom.ˈoƛ.e,auxiliary-form: 3rd obligative middle near (past)
aux_3_obl_mid_nea_prs,tlomotla,ƛom.ˈoƛ.a,auxiliary-form: 3rd obligative middle near (present)
aux_3_obl_mid_nea_fut,tlomotlo,ƛom.ˈoƛ.o,auxiliary-form: 3rd obligative middle near (future)
aux_3_obl_mid_imm_pst,tlomoke,ƛom.ˈok.e,auxiliary-form: 3rd obligative middle immediate (past)
aux_3_obl_mid_imm_prs,tlomoka,ƛom.ˈok.a,auxiliary-form: 3rd obligative middle immediate (present)
aux_3_obl_mid_imm_fut,tlomoko,ƛom.ˈok.o,auxiliary-form: 3rd obligative middle immediate (future)
aux_3_obl_mid_hab_pst,tlomome,ƛom.ˈom.e,auxiliary-form: 3rd obligative middle habitual (past)
aux_3_obl_mid_hab_prs,tlomoma,ƛom.ˈom.a,auxiliary-form: 3rd obligative middle habitual (present)
aux_3_obl_mid_hab_fut,tlomomo,ƛom.ˈom.o,auxiliary-form: 3rd obligative middle habitual (future)
aux_3_obl_mid_pro_pst,tlomose,ƛom.ˈos.e,auxiliary-form: 3rd obligative middle progressive (past)
aux_3_obl_mid_pro_prs,tlomosa,ƛom.ˈos.a,auxiliary-form: 3rd obligative middle progressive (present)
aux_3_obl_mid_pro_fut,tlomoso,ƛom.ˈos.o,auxiliary-form: 3rd obligative middle progressive (future)
aux_3_obl_mid_cnt_pst,tlomoshe,ƛom.ˈoʃ.e,auxiliary-form: 3rd obligative middle continuous (past)
aux_3_obl_mid_cnt_prs,tlomosha,ƛom.ˈoʃ.a,auxiliary-form: 3rd obligative middle continuous (present)
aux_3_obl_mid_cnt_fut,tlomosho,ƛom.ˈoʃ.o,auxiliary-form: 3rd obligative middle continuous (future)
aux_3_obl_mid_itr_pst,tlomone,ƛom.ˈon.e,auxiliary-form: 3rd obligative middle iterative (past)
aux_3_obl_mid_itr_prs,tlomona,ƛom.ˈon.a,auxiliary-form: 3rd obligative middle iterative (present)
aux_3_obl_mid_itr_fut,tlomono,ƛom.ˈon.o,auxiliary-form: 3rd obligative middle iterative (future)
aux_3_obl_mid_inc_pst,tlomoye,ƛom.ˈoj.e,auxiliary-form: 3rd obligative middle inceptive (past)
aux_3_obl_mid_inc_prs,tlomoya,ƛom.ˈoj.a,auxiliary-form: 3rd obligative middle inceptive (present)
aux_3_obl_mid_inc_fut,tlomoyo,ƛom.ˈoj.o,auxiliary-form: 3rd obligative middle inceptive (future)
aux_3_obl_mid_ces_pst,tlomope,ƛom.ˈop.e,auxiliary-form: 3rd obligative middle cessative (past)
aux_3_obl_mid_ces_prs,tlomopa,ƛom.ˈop.a,auxiliary-form: 3rd obligative middle cessative (present)
aux_3_obl_mid_ces_fut,tlomopo,ƛom.ˈop.o,auxiliary-form: 3rd obligative middle cessative (future)
aux_3_obl_mid_rem_pst,tlomohe,ƛom.ˈoh.e,auxiliary-form: 3rd obligative middle remote (past)
aux_3_obl_mid_rem_prs,tlomoha,ƛom.ˈoh.a,auxiliary-form: 3rd obligative middle remote (present)
aux_3_obl_mid_rem_fut,tlomoho,ƛom.ˈoh.o,auxiliary-form: 3rd obligative middle remote (future)
aux_3_obl_cau_sim_pst,tlokefe,ƛok.ˈef.e,auxiliary-form: 3rd obligative causative simple (past)
aux_3_obl_cau_sim_prs,tlokefa,ƛok.ˈef.a,auxiliary-form: 3rd obligative causative simple (present)
aux_3_obl_cau_sim_fut,tlokefo,ƛok.ˈef.o,auxiliary-form: 3rd obligative causative simple (future)
aux_3_obl_cau_ipf_pst,tlokethe,ƛok.ˈeθ.e,auxiliary-form: 3rd obligative causative imperfective (past)
aux_3_obl_cau_ipf_prs,tloketha,ƛok.ˈeθ.a,auxiliary-form: 3rd obligative causative imperfective (present)
aux_3_obl_cau_ipf_fut,tloketho,ƛok.ˈeθ.o,auxiliary-form: 3rd obligative causative imperfective (future)
aux_3_obl_cau_prf_pst,tlokelhe,ƛok.ˈeɬ.e,auxiliary-form: 3rd obligative causative perfect (past)
aux_3_obl_cau_prf_prs,tlokelha,ƛok.ˈeɬ.a,auxiliary-form: 3rd obligative causative perfect (present)
aux_3_obl_cau_prf_fut,tlokelho,ƛok.ˈeɬ.o,auxiliary-form: 3rd obligative causative perfect (future)
aux_3_obl_cau_nea_pst,tloketle,ƛok.ˈeƛ.e,auxiliary-form: 3rd obligative causative near (past)
aux_3_obl_cau_nea_prs,tloketla,ƛok.ˈeƛ.a,auxiliary-form: 3rd obligative causative near (present)
aux_3_obl_cau_nea_fut,tloketlo,ƛok.ˈeƛ.o,auxiliary-form: 3rd obligative causative near (future)
aux_3_obl_cau_imm_pst,tlokeke,ƛok.ˈek.e,auxiliary-form: 3rd obligative causative immediate (past)
aux_3_obl_cau_imm_prs,tlokeka,ƛok.ˈek.a,auxiliary-form: 3rd obligative causative immediate (present)
aux_3_obl_cau_imm_fut,tlokeko,ƛok.ˈek.o,auxiliary-form: 3rd obligative causative immediate (future)
aux_3_obl_cau_hab_pst,tlokeme,ƛok.ˈem.e,auxiliary-form: 3rd obligative causative habitual (past)
aux_3_obl_cau_hab_prs,tlokema,ƛok.ˈem.a,auxiliary-form: 3rd obligative causative habitual (present)
aux_3_obl_cau_hab_fut,tlokemo,ƛok.ˈem.o,auxiliary-form: 3rd obligative causative habitual (future)
aux_3_obl_cau_pro_pst,tlokese,ƛok.ˈes.e,auxiliary-form: 3rd obligative causative progressive (past)
aux_3_obl_cau_pro_prs,tlokesa,ƛok.ˈes.a,auxiliary-form: 3rd obligative causative progressive (present)
aux_3_obl_cau_pro_fut,tlokeso,ƛok.ˈes.o,auxiliary-form: 3rd obligative causative progressive (future)
aux_3_obl_cau_cnt_pst,tlokeshe,ƛok.ˈeʃ.e,auxiliary-form: 3rd obligative causative continuous (past)
aux_3_obl_cau_cnt_prs,tlokesha,ƛok.ˈeʃ.a,auxiliary-form: 3rd obligative causative continuous (present)
aux_3_obl_cau_cnt_fut,tlokesho,ƛok.ˈeʃ.o,auxiliary-form: 3rd obligative causative continuous (future)
aux_3_obl_cau_itr_pst,tlokene,ƛok.ˈen.e,auxiliary-form: 3rd obligative causative iterative (past)
aux_3_obl_cau_itr_prs,tlokena,ƛok.ˈen.a,auxiliary-form: 3rd obligative causative iterative (present)
aux_3_obl_cau_itr_fut,tlokeno,ƛok.ˈen.o,auxiliary-form: 3rd obligative causative iterative (future)
aux_3_obl_cau_inc_pst,tlokeye,ƛok.ˈej.e,auxiliary-form: 3rd obligative causative inceptive (past)
aux_3_obl_cau_inc_prs,tlokeya,ƛok.ˈej.a,auxiliary-form: 3rd obligative causative inceptive (present)
aux_3_obl_cau_inc_fut,tlokeyo,ƛok.ˈej.o,auxiliary-form: 3rd obligative causative inceptive (future)
aux_3_obl_cau_ces_pst,tlokepe,ƛok.ˈep.e,auxiliary-form: 3rd obligative causative cessative (past)
aux_3_obl_cau_ces_prs,tlokepa,ƛok.ˈep.a,auxiliary-form: 3rd obligative causative cessative (present)
aux_3_obl_cau_ces_fut,tlokepo,ƛok.ˈep.o,auxiliary-form: 3rd obligative causative cessative (future)
aux_3_obl_cau_rem_pst,tlokehe,ƛok.ˈeh.e,auxiliary-form: 3rd obligative causative remote (past)
aux_3_obl_cau_rem_prs,tlokeha,ƛok.ˈeh.a,auxiliary-form: 3rd obligative causative remote (present)
aux_3_obl_cau_rem_fut,tlokeho,ƛok.ˈeh.o,auxiliary-form: 3rd obligative causative remote (future)
aux_3_obl_rec_sim_pst,tlorafe,ƛor.ˈaf.e,auxiliary-form: 3rd obligative reciprocal simple (past)
aux_3_obl_rec_sim_prs,tlorafa,ƛor.ˈaf.a,auxiliary-form: 3rd obligative reciprocal simple (present)
aux_3_obl_rec_sim_fut,tlorafo,ƛor.ˈaf.o,auxiliary-form: 3rd obligative reciprocal simple (future)
aux_3_obl_rec_ipf_pst,tlorathe,ƛor.ˈaθ.e,auxiliary-form: 3rd obligative reciprocal imperfective (past)
aux_3_obl_rec_ipf_prs,tloratha,ƛor.ˈaθ.a,auxiliary-form: 3rd obligative reciprocal imperfective (present)
aux_3_obl_rec_ipf_fut,tloratho,ƛor.ˈaθ.o,auxiliary-form: 3rd obligative reciprocal imperfective (future)
aux_3_obl_rec_prf_pst,tloralhe,ƛor.ˈaɬ.e,auxiliary-form: 3rd obligative reciprocal perfect (past)
aux_3_obl_rec_prf_prs,tloralha,ƛor.ˈaɬ.a,auxiliary-form: 3rd obligative reciprocal perfect (present)
aux_3_obl_rec_prf_fut,tloralho,ƛor.ˈaɬ.o,auxiliary-form: 3rd obligative reciprocal perfect (future)
aux_3_obl_rec_nea_pst,tloratle,ƛor.ˈaƛ.e,auxiliary-form: 3rd obligative reciprocal near (past)
aux_3_obl_rec_nea_prs,tloratla,ƛor.ˈaƛ.a,auxiliary-form: 3rd obligative reciprocal near (present)
aux_3_obl_rec_nea_fut,tloratlo,ƛor.ˈaƛ.o,auxiliary-form: 3rd obligative reciprocal near (future)
aux_3_obl_rec_imm_pst,tlorake,ƛor.ˈak.e,auxiliary-form: 3rd obligative reciprocal immediate (past)
aux_3_obl_rec_imm_prs,tloraka,ƛor.ˈak.a,auxiliary-form: 3rd obligative reciprocal immediate (present)
aux_3_obl_rec_imm_fut,tlorako,ƛor.ˈak.o,auxiliary-form: 3rd obligative reciprocal immediate (future)
aux_3_obl_rec_hab_pst,tlorame,ƛor.ˈam.e,auxiliary-form: 3rd obligative reciprocal habitual (past)
aux_3_obl_rec_hab_prs,tlorama,ƛor.ˈam.a,auxiliary-form: 3rd obligative reciprocal habitual (present)
aux_3_obl_rec_hab_fut,tloramo,ƛor.ˈam.o,auxiliary-form: 3rd obligative reciprocal habitual (future)
aux_3_obl_rec_pro_pst,tlorase,ƛor.ˈas.e,auxiliary-form: 3rd obligative reciprocal progressive (past)
aux_3_obl_rec_pro_prs,tlorasa,ƛor.ˈas.a,auxiliary-form: 3rd obligative reciprocal progressive (present)
aux_3_obl_rec_pro_fut,tloraso,ƛor.ˈas.o,auxiliary-form: 3rd obligative reciprocal progressive (future)
aux_3_obl_rec_cnt_pst,tlorashe,ƛor.ˈaʃ.e,auxiliary-form: 3rd obligative reciprocal continuous (past)
aux_3_obl_rec_cnt_prs,tlorasha,ƛor.ˈaʃ.a,auxiliary-form: 3rd obligative reciprocal continuous (present)
aux_3_obl_rec_cnt_fut,tlorasho,ƛor.ˈaʃ.o,auxiliary-form: 3rd obligative reciprocal continuous (future)
aux_3_obl_rec_itr_pst,tlorane,ƛor.ˈan.e,auxiliary-form: 3rd obligative reciprocal iterative (past)
aux_3_obl_rec_itr_prs,tlorana,ƛor.ˈan.a,auxiliary-form: 3rd obligative reciprocal iterative (present)
aux_3_obl_rec_itr_fut,tlorano,ƛor.ˈan.o,auxiliary-form: 3rd obligative reciprocal iterative (future)
aux_3_obl_rec_inc_pst,tloraye,ƛor.ˈaj.e,auxiliary-form: 3rd obligative reciprocal inceptive (past)
aux_3_obl_rec_inc_prs,tloraya,ƛor.ˈaj.a,auxiliary-form: 3rd obligative reciprocal inceptive (present)
aux_3_obl_rec_inc_fut,tlorayo,ƛor.ˈaj.o,auxiliary-form: 3rd obligative reciprocal inceptive (future)
aux_3_obl_rec_ces_pst,tlorape,ƛor.ˈap.e,auxiliary-form: 3rd obligative reciprocal cessative (past)
aux_3_obl_rec_ces_prs,tlorapa,ƛor.ˈap.a,auxiliary-form: 3rd obligative reciprocal cessative (present)
aux_3_obl_rec_ces_fut,tlorapo,ƛor.ˈap.o,auxiliary-form: 3rd obligative reciprocal cessative (future)
aux_3_obl_rec_rem_pst,tlorahe,ƛor.ˈah.e,auxiliary-form: 3rd obligative reciprocal remote (past)
aux_3_obl_rec_rem_prs,tloraha,ƛor.ˈah.a,auxiliary-form: 3rd obligative reciprocal remote (present)
aux_3_obl_rec_rem_fut,tloraho,ƛor.ˈah.o,auxiliary-form: 3rd obligative reciprocal remote (future)
aux_3_pot_sim_pst,shofe,ʃˈof.e,auxiliary-form: 3rd potential simple (past)
aux_3_pot_sim_prs,shofa,ʃˈof.a,auxiliary-form: 3rd potential simple (present)
aux_3_pot_sim_fut,shofo,ʃˈof.o,auxiliary-form: 3rd potential simple (future)
aux_3_pot_ipf_pst,shothe,ʃˈoθ.e,auxiliary-form: 3rd potential imperfective (past)
aux_3_pot_ipf_prs,shotha,ʃˈoθ.a,auxiliary-form: 3rd potential imperfective (present)
aux_3_pot_ipf_fut,shotho,ʃˈoθ.o,auxiliary-form: 3rd potential imperfective (future)
aux_3_pot_prf_pst,sholhe,ʃˈoɬ.e,auxiliary-form: 3rd potential perfect (past)
aux_3_pot_prf_prs,sholha,ʃˈoɬ.a,auxiliary-form: 3rd potential perfect (present)
aux_3_pot_prf_fut,sholho,ʃˈoɬ.o,auxiliary-form: 3rd potential perfect (future)
aux_3_pot_nea_pst,shotle,ʃˈoƛ.e,auxiliary-form: 3rd potential near (past)
aux_3_pot_nea_prs,shotla,ʃˈoƛ.a,auxiliary-form: 3rd potential near (present)
aux_3_pot_nea_fut,shotlo,ʃˈoƛ.o,auxiliary-form: 3rd potential near (future)
aux_3_pot_imm_pst,shoke,ʃˈok.e,auxiliary-form: 3rd potential immediate (past)
aux_3_pot_imm_prs,shoka,ʃˈok.a,auxiliary-form: 3rd potential immediate (present)
aux_3_pot_imm_fut,shoko,ʃˈok.o,auxiliary-form: 3rd potential immediate (future)
aux_3_pot_hab_pst,shome,ʃˈom.e,auxiliary-form: 3rd potential habitual (past)
aux_3_pot_hab_prs,shoma,ʃˈom.a,auxiliary-form: 3rd potential habitual (present)
aux_3_pot_hab_fut,shomo,ʃˈom.o,auxiliary-form: 3rd potential habitual (future)
aux_3_pot_pro_pst,shose,ʃˈos.e,auxiliary-form: 3rd potential progressive (past)
aux_3_pot_pro_prs,shosa,ʃˈos.a,auxiliary-form: 3rd potential progressive (present)
aux_3_pot_pro_fut,shoso,ʃˈos.o,auxiliary-form: 3rd potential progressive (future)
aux_3_pot_cnt_pst,shoshe,ʃˈoʃ.e,auxiliary-form: 3rd potential continuous (past)
aux_3_pot_cnt_prs,shosha,ʃˈoʃ.a,auxiliary-form: 3rd potential continuous (present)
aux_3_pot_cnt_fut,shosho,ʃˈoʃ.o,auxiliary-form: 3rd potential continuous (future)
aux_3_pot_itr_pst,shone,ʃˈon.e,auxiliary-form: 3rd potential iterative (past)
aux_3_pot_itr_prs,shona,ʃˈon.a,auxiliary-form: 3rd potential iterative (present)
aux_3_pot_itr_fut,shono,ʃˈon.o,auxiliary-form: 3rd potential iterative (future)
aux_3_pot_inc_pst,shoye,ʃˈoj.e,auxiliary-form: 3rd potential inceptive (past)
aux_3_pot_inc_prs,shoya,ʃˈoj.a,auxiliary-form: 3rd potential inceptive (present)
aux_3_pot_inc_fut,shoyo,ʃˈoj.o,auxiliary-form: 3rd potential inceptive (future)
aux_3_pot_ces_pst,shope,ʃˈop.e,auxiliary-form: 3rd potential cessative (past)
aux_3_pot_ces_prs,shopa,ʃˈop.a,auxiliary-form: 3rd potential cessative (present)
aux_3_pot_ces_fut,shopo,ʃˈop.o,auxiliary-form: 3rd potential cessative (future)
aux_3_pot_rem_pst,shohe,ʃˈoh.e,auxiliary-form: 3rd potential remote (past)
aux_3_pot_rem_prs,shoha,ʃˈoh.a,auxiliary-form: 3rd potential remote (present)
aux_3_pot_rem_fut,shoho,ʃˈoh.o,auxiliary-form: 3rd potential remote (future)
aux_3_pot_ref_sim_pst,shotefe,ʃot.ˈef.e,auxiliary-form: 3rd potential reflexive simple (past)
aux_3_pot_ref_sim_prs,shotefa,ʃot.ˈef.a,auxiliary-form: 3rd potential reflexive simple (present)
aux_3_pot_ref_sim_fut,shotefo,ʃot.ˈef.o,auxiliary-form: 3rd potential reflexive simple (future)
aux_3_pot_ref_ipf_pst,shotethe,ʃot.ˈeθ.e,auxiliary-form: 3rd potential reflexive imperfective (past)
aux_3_pot_ref_ipf_prs,shotetha,ʃot.ˈeθ.a,auxiliary-form: 3rd potential reflexive imperfective (present)
aux_3_pot_ref_ipf_fut,shotetho,ʃot.ˈeθ.o,auxiliary-form: 3rd potential reflexive imperfective (future)
aux_3_pot_ref_prf_pst,shotelhe,ʃot.ˈeɬ.e,auxiliary-form: 3rd potential reflexive perfect (past)
aux_3_pot_ref_prf_prs,shotelha,ʃot.ˈeɬ.a,auxiliary-form: 3rd potential reflexive perfect (present)
aux_3_pot_ref_prf_fut,shotelho,ʃot.ˈeɬ.o,auxiliary-form: 3rd potential reflexive perfect (future)
aux_3_pot_ref_nea_pst,shotetle,ʃot.ˈeƛ.e,auxiliary-form: 3rd potential reflexive near (past)
aux_3_pot_ref_nea_prs,shotetla,ʃot.ˈeƛ.a,auxiliary-form: 3rd potential reflexive near (present)
aux_3_pot_ref_nea_fut,shotetlo,ʃot.ˈeƛ.o,auxiliary-form: 3rd potential reflexive near (future)
aux_3_pot_ref_imm_pst,shoteke,ʃot.ˈek.e,auxiliary-form: 3rd potential reflexive immediate (past)
aux_3_pot_ref_imm_prs,shoteka,ʃot.ˈek.a,auxiliary-form: 3rd potential reflexive immediate (present)
aux_3_pot_ref_imm_fut,shoteko,ʃot.ˈek.o,auxiliary-form: 3rd potential reflexive immediate (future)
aux_3_pot_ref_hab_pst,shoteme,ʃot.ˈem.e,auxiliary-form: 3rd potential reflexive habitual (past)
aux_3_pot_ref_hab_prs,shotema,ʃot.ˈem.a,auxiliary-form: 3rd potential reflexive habitual (present)
aux_3_pot_ref_hab_fut,shotemo,ʃot.ˈem.o,auxiliary-form: 3rd potential reflexive habitual (future)
aux_3_pot_ref_pro_pst,shotese,ʃot.ˈes.e,auxiliary-form: 3rd potential reflexive progressive (past)
aux_3_pot_ref_pro_prs,shotesa,ʃot.ˈes.a,auxiliary-form: 3rd potential reflexive progressive (present)
aux_3_pot_ref_pro_fut,shoteso,ʃot.ˈes.o,auxiliary-form: 3rd potential reflexive progressive (future)
aux_3_pot_ref_cnt_pst,shoteshe,ʃot.ˈeʃ.e,auxiliary-form: 3rd potential reflexive continuous (past)
aux_3_pot_ref_cnt_prs,shotesha,ʃot.ˈeʃ.a,auxiliary-form: 3rd potential reflexive continuous (present)
aux_3_pot_ref_cnt_fut,shotesho,ʃot.ˈeʃ.o,auxiliary-form: 3rd potential reflexive continuous (future)
aux_3_pot_ref_itr_pst,shotene,ʃot.ˈen.e,auxiliary-form: 3rd potential reflexive iterative (past)
aux_3_pot_ref_itr_prs,shotena,ʃot.ˈen.a,auxiliary-form: 3rd potential reflexive iterative (present)
aux_3_pot_ref_itr_fut,shoteno,ʃot.ˈen.o,auxiliary-form: 3rd potential reflexive iterative (future)
aux_3_pot_ref_inc_pst,shoteye,ʃot.ˈej.e,auxiliary-form: 3rd potential reflexive inceptive (past)
aux_3_pot_ref_inc_prs,shoteya,ʃot.ˈej.a,auxiliary-form: 3rd potential reflexive inceptive (present)
aux_3_pot_ref_inc_fut,shoteyo,ʃot.ˈej.o,auxiliary-form: 3rd potential reflexive inceptive (future)
aux_3_pot_ref_ces_pst,shotepe,ʃot.ˈep.e,auxiliary-form: 3rd potential reflexive cessative (past)
aux_3_pot_ref_ces_prs,shotepa,ʃot.ˈep.a,auxiliary-form: 3rd potential reflexive cessative (present)
aux_3_pot_ref_ces_fut,shotepo,ʃot.ˈep.o,auxiliary-form: 3rd potential reflexive cessative (future)
aux_3_pot_ref_rem_pst,shotehe,ʃot.ˈeh.e,auxiliary-form: 3rd potential reflexive remote (past)
aux_3_pot_ref_rem_prs,shoteha,ʃot.ˈeh.a,auxiliary-form: 3rd potential reflexive remote (present)
aux_3_pot_ref_rem_fut,shoteho,ʃot.ˈeh.o,auxiliary-form: 3rd potential reflexive remote (future)
aux_3_pot_pas_sim_pst,shopafe,ʃop.ˈaf.e,auxiliary-form: 3rd potential passive simple (past)
aux_3_pot_pas_sim_prs,shopafa,ʃop.ˈaf.a,auxiliary-form: 3rd potential passive simple (present)
aux_3_pot_pas_sim_fut,shopafo,ʃop.ˈaf.o,auxiliary-form: 3rd potential passive simple (future)
aux_3_pot_pas_ipf_pst,shopathe,ʃop.ˈaθ.e,auxiliary-form: 3rd potential passive imperfective (past)
aux_3_pot_pas_ipf_prs,shopatha,ʃop.ˈaθ.a,auxiliary-form: 3rd potential passive imperfective (present)
aux_3_pot_pas_ipf_fut,shopatho,ʃop.ˈaθ.o,auxiliary-form: 3rd potential passive imperfective (future)
aux_3_pot_pas_prf_pst,shopalhe,ʃop.ˈaɬ.e,auxiliary-form: 3rd potential passive perfect (past)
aux_3_pot_pas_prf_prs,shopalha,ʃop.ˈaɬ.a,auxiliary-form: 3rd potential passive perfect (present)
aux_3_pot_pas_prf_fut,shopalho,ʃop.ˈaɬ.o,auxiliary-form: 3rd potential passive perfect (future)
aux_3_pot_pas_nea_pst,shopatle,ʃop.ˈaƛ.e,auxiliary-form: 3rd potential passive near (past)
aux_3_pot_pas_nea_prs,shopatla,ʃop.ˈaƛ.a,auxiliary-form: 3rd potential passive near (present)
aux_3_pot_pas_nea_fut,shopatlo,ʃop.ˈaƛ.o,auxiliary-form: 3rd potential passive near (future)
aux_3_pot_pas_imm_pst,shopake,ʃop.ˈak.e,auxiliary-form: 3rd potential passive immediate (past)
aux_3_pot_pas_imm_prs,shopaka,ʃop.ˈak.a,auxiliary-form: 3rd potential passive immediate (present)
aux_3_pot_pas_imm_fut,shopako,ʃop.ˈak.o,auxiliary-form: 3rd potential passive immediate (future)
aux_3_pot_pas_hab_pst,shopame,ʃop.ˈam.e,auxiliary-form: 3rd potential passive habitual (past)
aux_3_pot_pas_hab_prs,shopama,ʃop.ˈam.a,auxiliary-form: 3rd potential passive habitual (present)
aux_3_pot_pas_hab_fut,shopamo,ʃop.ˈam.o,auxiliary-form: 3rd potential passive habitual (future)
aux_3_pot_pas_pro_pst,shopase,ʃop.ˈas.e,auxiliary-form: 3rd potential passive progressive (past)
aux_3_pot_pas_pro_prs,shopasa,ʃop.ˈas.a,auxiliary-form: 3rd potential passive progressive (present)
aux_3_pot_pas_pro_fut,shopaso,ʃop.ˈas.o,auxiliary-form: 3rd potential passive progressive (future)
aux_3_pot_pas_cnt_pst,shopashe,ʃop.ˈaʃ.e,auxiliary-form: 3rd potential passive continuous (past)
aux_3_pot_pas_cnt_prs,shopasha,ʃop.ˈaʃ.a,auxiliary-form: 3rd potential passive continuous (present)
aux_3_pot_pas_cnt_fut,shopasho,ʃop.ˈaʃ.o,auxiliary-form: 3rd potential passive continuous (future)
aux_3_pot_pas_itr_pst,shopane,ʃop.ˈan.e,auxiliary-form: 3rd potential passive iterative (past)
aux_3_pot_pas_itr_prs,shopana,ʃop.ˈan.a,auxiliary-form: 3rd potential passive iterative (present)
aux_3_pot_pas_itr_fut,shopano,ʃop.ˈan.o,auxiliary-form: 3rd potential passive iterative (future)
aux_3_pot_pas_inc_pst,shopaye,ʃop.ˈaj.e,auxiliary-form: 3rd potential passive inceptive (past)
aux_3_pot_pas_inc_prs,shopaya,ʃop.ˈaj.a,auxiliary-form: 3rd potential passive inceptive (present)
aux_3_pot_pas_inc_fut,shopayo,ʃop.ˈaj.o,auxiliary-form: 3rd potential passive inceptive (future)
aux_3_pot_pas_ces_pst,shopape,ʃop.ˈap.e,auxiliary-form: 3rd potential passive cessative (past)
aux_3_pot_pas_ces_prs,shopapa,ʃop.ˈap.a,auxiliary-form: 3rd potential passive cessative (present)
aux_3_pot_pas_ces_fut,shopapo,ʃop.ˈap.o,auxiliary-form: 3rd potential passive cessative (future)
aux_3_pot_pas_rem_pst,shopahe,ʃop.ˈah.e,auxiliary-form: 3rd potential passive remote (past)
aux_3_pot_pas_rem_prs,shopaha,ʃop.ˈah.a,auxiliary-form: 3rd potential passive remote (present)
aux_3_pot_pas_rem_fut,shopaho,ʃop.ˈah.o,auxiliary-form: 3rd potential passive remote (future)
aux_3_pot_mid_sim_pst,shomofe,ʃom.ˈof.e,auxiliary-form: 3rd potential middle simple (past)
aux_3_pot_mid_sim_prs,shomofa,ʃom.ˈof.a,auxiliary-form: 3rd potential middle simple (present)
aux_3_pot_mid_sim_fut,shomofo,ʃom.ˈof.o,auxiliary-form: 3rd potential middle simple (future)
aux_3_pot_mid_ipf_pst,shomothe,ʃom.ˈoθ.e,auxiliary-form: 3rd potential middle imperfective (past)
aux_3_pot_mid_ipf_prs,shomotha,ʃom.ˈoθ.a,auxiliary-form: 3rd potential middle imperfective (present)
aux_3_pot_mid_ipf_fut,shomotho,ʃom.ˈoθ.o,auxiliary-form: 3rd potential middle imperfective (future)
aux_3_pot_mid_prf_pst,shomolhe,ʃom.ˈoɬ.e,auxiliary-form: 3rd potential middle perfect (past)
aux_3_pot_mid_prf_prs,shomolha,ʃom.ˈoɬ.a,auxiliary-form: 3rd potential middle perfect (present)
aux_3_pot_mid_prf_fut,shomolho,ʃom.ˈoɬ.o,auxiliary-form: 3rd potential middle perfect (future)
aux_3_pot_mid_nea_pst,shomotle,ʃom.ˈoƛ.e,auxiliary-form: 3rd potential middle near (past)
aux_3_pot_mid_nea_prs,shomotla,ʃom.ˈoƛ.a,auxiliary-form: 3rd potential middle near (present)
aux_3_pot_mid_nea_fut,shomotlo,ʃom.ˈoƛ.o,auxiliary-form: 3rd potential middle near (future)
aux_3_pot_mid_imm_pst,shomoke,ʃom.ˈok.e,auxiliary-form: 3rd potential middle immediate (past)
aux_3_pot_mid_imm_prs,shomoka,ʃom.ˈok.a,auxiliary-form: 3rd potential middle immediate (present)
aux_3_pot_mid_imm_fut,shomoko,ʃom.ˈok.o,auxiliary-form: 3rd potential middle immediate (future)
aux_3_pot_mid_hab_pst,shomome,ʃom.ˈom.e,auxiliary-form: 3rd potential middle habitual (past)
aux_3_pot_mid_hab_prs,shomoma,ʃom.ˈom.a,auxiliary-form: 3rd potential middle habitual (present)
aux_3_pot_mid_hab_fut,shomomo,ʃom.ˈom.o,auxiliary-form: 3rd potential middle habitual (future)
aux_3_pot_mid_pro_pst,shomose,ʃom.ˈos.e,auxiliary-form: 3rd potential middle progressive (past)
aux_3_pot_mid_pro_prs,shomosa,ʃom.ˈos.a,auxiliary-form: 3rd potential middle progressive (present)
aux_3_pot_mid_pro_fut,shomoso,ʃom.ˈos.o,auxiliary-form: 3rd potential middle progressive (future)
aux_3_pot_mid_cnt_pst,shomoshe,ʃom.ˈoʃ.e,auxiliary-form: 3rd potential middle continuous (past)
aux_3_pot_mid_cnt_prs,shomosha,ʃom.ˈoʃ.a,auxiliary-form: 3rd potential middle continuous (present)
aux_3_pot_mid_cnt_fut,shomosho,ʃom.ˈoʃ.o,auxiliary-form: 3rd potential middle continuous (future)
aux_3_pot_mid_itr_pst,shomone,ʃom.ˈon.e,auxiliary-form: 3rd potential middle iterative (past)
aux_3_pot_mid_itr_prs,shomona,ʃom.ˈon.a,auxiliary-form: 3rd potential middle iterative (present)
aux_3_pot_mid_itr_fut,shomono,ʃom.ˈon.o,auxiliary-form: 3rd potential middle iterative (future)
aux_3_pot_mid_inc_pst,shomoye,ʃom.ˈoj.e,auxiliary-form: 3rd potential middle inceptive (past)
aux_3_pot_mid_inc_prs,shomoya,ʃom.ˈoj.a,auxiliary-form: 3rd potential middle inceptive (present)
aux_3_pot_mid_inc_fut,shomoyo,ʃom.ˈoj.o,auxiliary-form: 3rd potential middle inceptive (future)
aux_3_pot_mid_ces_pst,shomope,ʃom.ˈop.e,auxiliary-form: 3rd potential middle cessative (past)
aux_3_pot_mid_ces_prs,shomopa,ʃom.ˈop.a,auxiliary-form: 3rd potential middle cessative (present)
aux_3_pot_mid_ces_fut,shomopo,ʃom.ˈop.o,auxiliary-form: 3rd potential middle cessative (future)
aux_3_pot_mid_rem_pst,shomohe,ʃom.ˈoh.e,auxiliary-form: 3rd potential middle remote (past)
aux_3_pot_mid_rem_prs,shomoha,ʃom.ˈoh.a,auxiliary-form: 3rd potential middle remote (present)
aux_3_pot_mid_rem_fut,shomoho,ʃom.ˈoh.o,auxiliary-form: 3rd potential middle remote (future)
aux_3_pot_cau_sim_pst,shokefe,ʃok.ˈef.e,auxiliary-form: 3rd potential causative simple (past)
aux_3_pot_cau_sim_prs,shokefa,ʃok.ˈef.a,auxiliary-form: 3rd potential causative simple (present)
aux_3_pot_cau_sim_fut,shokefo,ʃok.ˈef.o,auxiliary-form: 3rd potential causative simple (future)
aux_3_pot_cau_ipf_pst,shokethe,ʃok.ˈeθ.e,auxiliary-form: 3rd potential causative imperfective (past)
aux_3_pot_cau_ipf_prs,shoketha,ʃok.ˈeθ.a,auxiliary-form: 3rd potential causative imperfective (present)
aux_3_pot_cau_ipf_fut,shoketho,ʃok.ˈeθ.o,auxiliary-form: 3rd potential causative imperfective (future)
aux_3_pot_cau_prf_pst,shokelhe,ʃok.ˈeɬ.e,auxiliary-form: 3rd potential causative perfect (past)
aux_3_pot_cau_prf_prs,shokelha,ʃok.ˈeɬ.a,auxiliary-form: 3rd potential causative perfect (present)
aux_3_pot_cau_prf_fut,shokelho,ʃok.ˈeɬ.o,auxiliary-form: 3rd potential causative perfect (future)
aux_3_pot_cau_nea_pst,shoketle,ʃok.ˈeƛ.e,auxiliary-form: 3rd potential causative near (past)
aux_3_pot_cau_nea_prs,shoketla,ʃok.ˈeƛ.a,auxiliary-form: 3rd potential causative near (present)
aux_3_pot_cau_nea_fut,shoketlo,ʃok.ˈeƛ.o,auxiliary-form: 3rd potential causative near (future)
aux_3_pot_cau_imm_pst,shokeke,ʃok.ˈek.e,auxiliary-form: 3rd potential causative immediate (past)
aux_3_pot_cau_imm_prs,shokeka,ʃok.ˈek.a,auxiliary-form: 3rd potential causative immediate (present)
aux_3_pot_cau_imm_fut,shokeko,ʃok.ˈek.o,auxiliary-form: 3rd potential causative immediate (future)
aux_3_pot_cau_hab_pst,shokeme,ʃok.ˈem.e,auxiliary-form: 3rd potential causative habitual (past)
aux_3_pot_cau_hab_prs,shokema,ʃok.ˈem.a,auxiliary-form: 3rd potential causative habitual (present)
aux_3_pot_cau_hab_fut,shokemo,ʃok.ˈem.o,auxiliary-form: 3rd potential causative habitual (future)
aux_3_pot_cau_pro_pst,shokese,ʃok.ˈes.e,auxiliary-form: 3rd potential causative progressive (past)
aux_3_pot_cau_pro_prs,shokesa,ʃok.ˈes.a,auxiliary-form: 3rd potential causative progressive (present)
aux_3_pot_cau_pro_fut,shokeso,ʃok.ˈes.o,auxiliary-form: 3rd potential causative progressive (future)
aux_3_pot_cau_cnt_pst,shokeshe,ʃok.ˈeʃ.e,auxiliary-form: 3rd potential causative continuous (past)
aux_3_pot_cau_cnt_prs,shokesha,ʃok.ˈeʃ.a,auxiliary-form: 3rd potential causative continuous (present)
aux_3_pot_cau_cnt_fut,shokesho,ʃok.ˈeʃ.o,auxiliary-form: 3rd potential causative continuous (future)
aux_3_pot_cau_itr_pst,shokene,ʃok.ˈen.e,auxiliary-form: 3rd potential causative iterative (past)
aux_3_pot_cau_itr_prs,shokena,ʃok.ˈen.a,auxiliary-form: 3rd potential causative iterative (present)
aux_3_pot_cau_itr_fut,shokeno,ʃok.ˈen.o,auxiliary-form: 3rd potential causative iterative (future)
aux_3_pot_cau_inc_pst,shokeye,ʃok.ˈej.e,auxiliary-form: 3rd potential causative inceptive (past)
aux_3_pot_cau_inc_prs,shokeya,ʃok.ˈej.a,auxiliary-form: 3rd potential causative inceptive (present)
aux_3_pot_cau_inc_fut,shokeyo,ʃok.ˈej.o,auxiliary-form: 3rd potential causative inceptive (future)
aux_3_pot_cau_ces_pst,shokepe,ʃok.ˈep.e,auxiliary-form: 3rd potential causative cessative (past)
aux_3_pot_cau_ces_prs,shokepa,ʃok.ˈep.a,auxiliary-form: 3rd potential causative cessative (present)
aux_3_pot_cau_ces_fut,shokepo,ʃok.ˈep.o,auxiliary-form: 3rd potential causative cessative (future)
aux_3_pot_cau_rem_pst,shokehe,ʃok.ˈeh.e,auxiliary-form: 3rd potential causative remote (past)
aux_3_pot_cau_rem_prs,shokeha,ʃok.ˈeh.a,auxiliary-form: 3rd potential causative remote (present)
aux_3_pot_cau_rem_fut,shokeho,ʃok.ˈeh.o,auxiliary-form: 3rd potential causative remote (future)
aux_3_pot_rec_sim_pst,shorafe,ʃor.ˈaf.e,auxiliary-form: 3rd potential reciprocal simple (past)
aux_3_pot_rec_sim_prs,shorafa,ʃor.ˈaf.a,auxiliary-form: 3rd potential reciprocal simple (present)
aux_3_pot_rec_sim_fut,shorafo,ʃor.ˈaf.o,auxiliary-form: 3rd potential reciprocal simple (future)
aux_3_pot_rec_ipf_pst,shorathe,ʃor.ˈaθ.e,auxiliary-form: 3rd potential reciprocal imperfective (past)
aux_3_pot_rec_ipf_prs,shoratha,ʃor.ˈaθ.a,auxiliary-form: 3rd potential reciprocal imperfective (present)
aux_3_pot_rec_ipf_fut,shoratho,ʃor.ˈaθ.o,auxiliary-form: 3rd potential reciprocal imperfective (future)
aux_3_pot_rec_prf_pst,shoralhe,ʃor.ˈaɬ.e,auxiliary-form: 3rd potential reciprocal perfect (past)
aux_3_pot_rec_prf_prs,shoralha,ʃor.ˈaɬ.a,auxiliary-form: 3rd potential reciprocal perfect (present)
aux_3_pot_rec_prf_fut,shoralho,ʃor.ˈaɬ.o,auxiliary-form: 3rd potential reciprocal perfect (future)
aux_3_pot_rec_nea_pst,shoratle,ʃor.ˈaƛ.e,auxiliary-form: 3rd potential reciprocal near (past)
aux_3_pot_rec_nea_prs,shoratla,ʃor.ˈaƛ.a,auxiliary-form: 3rd potential reciprocal near (present)
aux_3_pot_rec_nea_fut,shoratlo,ʃor.ˈaƛ.o,auxiliary-form: 3rd potential reciprocal near (future)
aux_3_pot_rec_imm_pst,shorake,ʃor.ˈak.e,auxiliary-form: 3rd potential reciprocal immediate (past)
aux_3_pot_rec_imm_prs,shoraka,ʃor.ˈak.a,auxiliary-form: 3rd potential reciprocal immediate (present)
aux_3_pot_rec_imm_fut,shorako,ʃor.ˈak.o,auxiliary-form: 3rd potential reciprocal immediate (future)
aux_3_pot_rec_hab_pst,shorame,ʃor.ˈam.e,auxiliary-form: 3rd potential reciprocal habitual (past)
aux_3_pot_rec_hab_prs,shorama,ʃor.ˈam.a,auxiliary-form: 3rd potential reciprocal habitual (present)
aux_3_pot_rec_hab_fut,shoramo,ʃor.ˈam.o,auxiliary-form: 3rd potential reciprocal habitual (future)
aux_3_pot_rec_pro_pst,shorase,ʃor.ˈas.e,auxiliary-form: 3rd potential reciprocal progressive (past)
aux_3_pot_rec_pro_prs,shorasa,ʃor.ˈas.a,auxiliary-form: 3rd potential reciprocal progressive (present)
aux_3_pot_rec_pro_fut,shoraso,ʃor.ˈas.o,auxiliary-form: 3rd potential reciprocal progressive (future)
aux_3_pot_rec_cnt_pst,shorashe,ʃor.ˈaʃ.e,auxiliary-form: 3rd potential reciprocal continuous (past)
aux_3_pot_rec_cnt_prs,shorasha,ʃor.ˈaʃ.a,auxiliary-form: 3rd potential reciprocal continuous (present)
aux_3_pot_rec_cnt_fut,shorasho,ʃor.ˈaʃ.o,auxiliary-form: 3rd potential reciprocal continuous (future)
aux_3_pot_rec_itr_pst,shorane,ʃor.ˈan.e,auxiliary-form: 3rd potential reciprocal iterative (past)
aux_3_pot_rec_itr_prs,shorana,ʃor.ˈan.a,auxiliary-form: 3rd potential reciprocal iterative (present)
aux_3_pot_rec_itr_fut,shorano,ʃor.ˈan.o,auxiliary-form: 3rd potential reciprocal iterative (future)
aux_3_pot_rec_inc_pst,shoraye,ʃor.ˈaj.e,auxiliary-form: 3rd potential reciprocal inceptive (past)
aux_3_pot_rec_inc_prs,shoraya,ʃor.ˈaj.a,auxiliary-form: 3rd potential reciprocal inceptive (present)
aux_3_pot_rec_inc_fut,shorayo,ʃor.ˈaj.o,auxiliary-form: 3rd potential reciprocal inceptive (future)
aux_3_pot_rec_ces_pst,shorape,ʃor.ˈap.e,auxiliary-form: 3rd potential reciprocal cessative (past)
aux_3_pot_rec_ces_prs,shorapa,ʃor.ˈap.a,auxiliary-form: 3rd potential reciprocal cessative (present)
aux_3_pot_rec_ces_fut,shorapo,ʃor.ˈap.o,auxiliary-form: 3rd potential reciprocal cessative (future)
aux_3_pot_rec_rem_pst,shorahe,ʃor.ˈah.e,auxiliary-form: 3rd potential reciprocal remote (past)
aux_3_pot_rec_rem_prs,shoraha,ʃor.ˈah.a,auxiliary-form: 3rd potential reciprocal remote (present)
aux_3_pot_rec_rem_fut,shoraho,ʃor.ˈah.o,auxiliary-form: 3rd potential reciprocal remote (future)
aux_3X_sim_pst,afe,ˈaf.e,auxiliary-form: 3rd (explicit) simple (past)
aux_3X_sim_prs,afa,ˈaf.a,auxiliary-form: 3rd (explicit) simple (present)
aux_3X_sim_fut,afo,ˈaf.o,auxiliary-form: 3rd (explicit) simple (future)
aux_3X_ipf_pst,athe,ˈaθ.e,auxiliary-form: 3rd (explicit) imperfective (past)
aux_3X_ipf_prs,atha,ˈaθ.a,auxiliary-form: 3rd (explicit) imperfective (present)
aux_3X_ipf_fut,atho,ˈaθ.o,auxiliary-form: 3rd (explicit) imperfective (future)
aux_3X_prf_pst,alhe,ˈaɬ.e,auxiliary-form: 3rd (explicit) perfect (past)
aux_3X_prf_prs,alha,ˈaɬ.a,auxiliary-form: 3rd (explicit) perfect (present)
aux_3X_prf_fut,alho,ˈaɬ.o,auxiliary-form: 3rd (explicit) perfect (future)
aux_3X_nea_pst,atle,ˈaƛ.e,auxiliary-form: 3rd (explicit) near (past)
aux_3X_nea_prs,atla,ˈaƛ.a,auxiliary-form: 3rd (explicit) near (present)
aux_3X_nea_fut,atlo,ˈaƛ.o,auxiliary-form: 3rd (explicit) near (future)
aux_3X_imm_pst,ake,ˈak.e,auxiliary-form: 3rd (explicit) immediate (past)
aux_3X_imm_prs,aka,ˈak.a,auxiliary-form: 3rd (explicit) immediate (present)
aux_3X_imm_fut,ako,ˈak.o,auxiliary-form: 3rd (explicit) immediate (future)
aux_3X_hab_pst,ame,ˈam.e,auxiliary-form: 3rd (explicit) habitual (past)
aux_3X_hab_prs,ama,ˈam.a,auxiliary-form: 3rd (explicit) habitual (present)
aux_3X_hab_fut,amo,ˈam.o,auxiliary-form: 3rd (explicit) habitual (future)
aux_3X_pro_pst,ase,ˈas.e,auxiliary-form: 3rd (explicit) progressive (past)
aux_3X_pro_prs,asa,ˈas.a,auxiliary-form: 3rd (explicit) progressive (present)
aux_3X_pro_fut,aso,ˈas.o,auxiliary-form: 3rd (explicit) progressive (future)
aux_3X_cnt_pst,ashe,ˈaʃ.e,auxiliary-form: 3rd (explicit) continuous (past)
aux_3X_cnt_prs,asha,ˈaʃ.a,auxiliary-form: 3rd (explicit) continuous (present)
aux_3X_cnt_fut,asho,ˈaʃ.o,auxiliary-form: 3rd (explicit) continuous (future)
aux_3X_itr_pst,ane,ˈan.e,auxiliary-form: 3rd (explicit) iterative (past)
aux_3X_itr_prs,ana,ˈan.a,auxiliary-form: 3rd (explicit) iterative (present)
aux_3X_itr_fut,ano,ˈan.o,auxiliary-form: 3rd (explicit) iterative (future)
aux_3X_inc_pst,aye,ˈaj.e,auxiliary-form: 3rd (explicit) inceptive (past)
aux_3X_inc_prs,aya,ˈaj.a,auxiliary-form: 3rd (explicit) inceptive (present)
aux_3X_inc_fut,ayo,ˈaj.o,auxiliary-form: 3rd (explicit) inceptive (future)
aux_3X_ces_pst,ape,ˈap.e,auxiliary-form: 3rd (explicit) cessative (past)
aux_3X_ces_prs,apa,ˈap.a,auxiliary-form: 3rd (explicit) cessative (present)
aux_3X_ces_fut,apo,ˈap.o,auxiliary-form: 3rd (explicit) cessative (future)
aux_3X_rem_pst,ahe,ˈah.e,auxiliary-form: 3rd (explicit) remote (past)
aux_3X_rem_prs,aha,ˈah.a,auxiliary-form: 3rd (explicit) remote (present)
aux_3X_rem_fut,aho,ˈah.o,auxiliary-form: 3rd (explicit) remote (future)
aux_3X_ref_sim_pst,atefe,at.ˈef.e,auxiliary-form: 3rd (explicit) reflexive simple (past)
aux_3X_ref_sim_prs,atefa,at.ˈef.a,auxiliary-form: 3rd (explicit) reflexive simple (present)
aux_3X_ref_sim_fut,atefo,at.ˈef.o,auxiliary-form: 3rd (explicit) reflexive simple (future)
aux_3X_ref_ipf_pst,atethe,at.ˈeθ.e,auxiliary-form: 3rd (explicit) reflexive imperfective (past)
aux_3X_ref_ipf_prs,atetha,at.ˈeθ.a,auxiliary-form: 3rd (explicit) reflexive imperfective (present)
aux_3X_ref_ipf_fut,atetho,at.ˈeθ.o,auxiliary-form: 3rd (explicit) reflexive imperfective (future)
aux_3X_ref_prf_pst,atelhe,at.ˈeɬ.e,auxiliary-form: 3rd (explicit) reflexive perfect (past)
aux_3X_ref_prf_prs,atelha,at.ˈeɬ.a,auxiliary-form: 3rd (explicit) reflexive perfect (present)
aux_3X_ref_prf_fut,atelho,at.ˈeɬ.o,auxiliary-form: 3rd (explicit) reflexive perfect (future)
aux_3X_ref_nea_pst,atetle,at.ˈeƛ.e,auxiliary-form: 3rd (explicit) reflexive near (past)
aux_3X_ref_nea_prs,atetla,at.ˈeƛ.a,auxiliary-form: 3rd (explicit) reflexive near (present)
aux_3X_ref_nea_fut,atetlo,at.ˈeƛ.o,auxiliary-form: 3rd (explicit) reflexive near (future)
aux_3X_ref_imm_pst,ateke,at.ˈek.e,auxiliary-form: 3rd (explicit) reflexive immediate (past)
aux_3X_ref_imm_prs,ateka,at.ˈek.a,auxiliary-form: 3rd (explicit) reflexive immediate (present)
aux_3X_ref_imm_fut,ateko,at.ˈek.o,auxiliary-form: 3rd (explicit) reflexive immediate (future)
aux_3X_ref_hab_pst,ateme,at.ˈem.e,auxiliary-form: 3rd (explicit) reflexive habitual (past)
aux_3X_ref_hab_prs,atema,at.ˈem.a,auxiliary-form: 3rd (explicit) reflexive habitual (present)
aux_3X_ref_hab_fut,atemo,at.ˈem.o,auxiliary-form: 3rd (explicit) reflexive habitual (future)
aux_3X_ref_pro_pst,atese,at.ˈes.e,auxiliary-form: 3rd (explicit) reflexive progressive (past)
aux_3X_ref_pro_prs,atesa,at.ˈes.a,auxiliary-form: 3rd (explicit) reflexive progressive (present)
aux_3X_ref_pro_fut,ateso,at.ˈes.o,auxiliary-form: 3rd (explicit) reflexive progressive (future)
aux_3X_ref_cnt_pst,ateshe,at.ˈeʃ.e,auxiliary-form: 3rd (explicit) reflexive continuous (past)
aux_3X_ref_cnt_prs,atesha,at.ˈeʃ.a,auxiliary-form: 3rd (explicit) reflexive continuous (present)
aux_3X_ref_cnt_fut,atesho,at.ˈeʃ.o,auxiliary-form: 3rd (explicit) reflexive continuous (future)
aux_3X_ref_itr_pst,atene,at.ˈen.e,auxiliary-form: 3rd (explicit) reflexive iterative (past)
aux_3X_ref_itr_prs,atena,at.ˈen.a,auxiliary-form: 3rd (explicit) reflexive iterative (present)
aux_3X_ref_itr_fut,ateno,at.ˈen.o,auxiliary-form: 3rd (explicit) reflexive iterative (future)
aux_3X_ref_inc_pst,ateye,at.ˈej.e,auxiliary-form: 3rd (explicit) reflexive inceptive (past)
aux_3X_ref_inc_prs,ateya,at.ˈej.a,auxiliary-form: 3rd (explicit) reflexive inceptive (present)
aux_3X_ref_inc_fut,ateyo,at.ˈej.o,auxiliary-form: 3rd (explicit) reflexive inceptive (future)
aux_3X_ref_ces_pst,atepe,at.ˈep.e,auxiliary-form: 3rd (explicit) reflexive cessative (past)
aux_3X_ref_ces_prs,atepa,at.ˈep.a,auxiliary-form: 3rd (explicit) reflexive cessative (present)
aux_3X_ref_ces_fut,atepo,at.ˈep.o,auxiliary-form: 3rd (explicit) reflexive cessative (future)
aux_3X_ref_rem_pst,atehe,at.ˈeh.e,auxiliary-form: 3rd (explicit) reflexive remote (past)
aux_3X_ref_rem_prs,ateha,at.ˈeh.a,auxiliary-form: 3rd (explicit) reflexive remote (present)
aux_3X_ref_rem_fut,ateho,at.ˈeh.o,auxiliary-form: 3rd (explicit) reflexive remote (future)
aux_3X_pas_sim_pst,apafe,ap.ˈaf.e,auxiliary-form: 3rd (explicit) passive simple (past)
aux_3X_pas_sim_prs,apafa,ap.ˈaf.a,auxiliary-form: 3rd (explicit) passive simple (present)
aux_3X_pas_sim_fut,apafo,ap.ˈaf.o,auxiliary-form: 3rd (explicit) passive simple (future)
aux_3X_pas_ipf_pst,apathe,ap.ˈaθ.e,auxiliary-form: 3rd (explicit) passive imperfective (past)
aux_3X_pas_ipf_prs,apatha,ap.ˈaθ.a,auxiliary-form: 3rd (explicit) passive imperfective (present)
aux_3X_pas_ipf_fut,apatho,ap.ˈaθ.o,auxiliary-form: 3rd (explicit) passive imperfective (future)
aux_3X_pas_prf_pst,apalhe,ap.ˈaɬ.e,auxiliary-form: 3rd (explicit) passive perfect (past)
aux_3X_pas_prf_prs,apalha,ap.ˈaɬ.a,auxiliary-form: 3rd (explicit) passive perfect (present)
aux_3X_pas_prf_fut,apalho,ap.ˈaɬ.o,auxiliary-form: 3rd (explicit) passive perfect (future)
aux_3X_pas_nea_pst,apatle,ap.ˈaƛ.e,auxiliary-form: 3rd (explicit) passive near (past)
aux_3X_pas_nea_prs,apatla,ap.ˈaƛ.a,auxiliary-form: 3rd (explicit) passive near (present)
aux_3X_pas_nea_fut,apatlo,ap.ˈaƛ.o,auxiliary-form: 3rd (explicit) passive near (future)
aux_3X_pas_imm_pst,apake,ap.ˈak.e,auxiliary-form: 3rd (explicit) passive immediate (past)
aux_3X_pas_imm_prs,apaka,ap.ˈak.a,auxiliary-form: 3rd (explicit) passive immediate (present)
aux_3X_pas_imm_fut,apako,ap.ˈak.o,auxiliary-form: 3rd (explicit) passive immediate (future)
aux_3X_pas_hab_pst,apame,ap.ˈam.e,auxiliary-form: 3rd (explicit) passive habitual (past)
aux_3X_pas_hab_prs,apama,ap.ˈam.a,auxiliary-form: 3rd (explicit) passive habitual (present)
aux_3X_pas_hab_fut,apamo,ap.ˈam.o,auxiliary-form: 3rd (explicit) passive habitual (future)
aux_3X_pas_pro_pst,apase,ap.ˈas.e,auxiliary-form: 3rd (explicit) passive progressive (past)
aux_3X_pas_pro_prs,apasa,ap.ˈas.a,auxiliary-form: 3rd (explicit) passive progressive (present)
aux_3X_pas_pro_fut,apaso,ap.ˈas.o,auxiliary-form: 3rd (explicit) passive progressive (future)
aux_3X_pas_cnt_pst,apashe,ap.ˈaʃ.e,auxiliary-form: 3rd (explicit) passive continuous (past)
aux_3X_pas_cnt_prs,apasha,ap.ˈaʃ.a,auxiliary-form: 3rd (explicit) passive continuous (present)
aux_3X_pas_cnt_fut,apasho,ap.ˈaʃ.o,auxiliary-form: 3rd (explicit) passive continuous (future)
aux_3X_pas_itr_pst,apane,ap.ˈan.e,auxiliary-form: 3rd (explicit) passive iterative (past)
aux_3X_pas_itr_prs,apana,ap.ˈan.a,auxiliary-form: 3rd (explicit) passive iterative (present)
aux_3X_pas_itr_fut,apano,ap.ˈan.o,auxiliary-form: 3rd (explicit) passive iterative (future)
aux_3X_pas_inc_pst,apaye,ap.ˈaj.e,auxiliary-form: 3rd (explicit) passive inceptive (past)
aux_3X_pas_inc_prs,apaya,ap.ˈaj.a,auxiliary-form: 3rd (explicit) passive inceptive (present)
aux_3X_pas_inc_fut,apayo,ap.ˈaj.o,auxiliary-form: 3rd (explicit) passive inceptive (future)
aux_3X_pas_ces_pst,apape,ap.ˈap.e,auxiliary-form: 3rd (explicit) passive cessative (past)
aux_3X_pas_ces_prs,apapa,ap.ˈap.a,auxiliary-form: 3rd (explicit) passive cessative (present)
aux_3X_pas_ces_fut,apapo,ap.ˈap.o,auxiliary-form: 3rd (explicit) passive cessative (future)
aux_3X_pas_rem_pst,apahe,ap.ˈah.e,auxiliary-form: 3rd (explicit) passive remote (past)
aux_3X_pas_rem_prs,apaha,ap.ˈah.a,auxiliary-form: 3rd (explicit) passive remote (present)
aux_3X_pas_rem_fut,apaho,ap.ˈah.o,auxiliary-form: 3rd (explicit) passive remote (future)
aux_3X_mid_sim_pst,amofe,am.ˈof.e,auxiliary-form: 3rd (explicit) middle simple (past)
aux_3X_mid_sim_prs,amofa,am.ˈof.a,auxiliary-form: 3rd (explicit) middle simple (present)
aux_3X_mid_sim_fut,amofo,am.ˈof.o,auxiliary-form: 3rd (explicit) middle simple (future)
aux_3X_mid_ipf_pst,amothe,am.ˈoθ.e,auxiliary-form: 3rd (explicit) middle imperfective (past)
aux_3X_mid_ipf_prs,amotha,am.ˈoθ.a,auxiliary-form: 3rd (explicit) middle imperfective (present)
aux_3X_mid_ipf_fut,amotho,am.ˈoθ.o,auxiliary-form: 3rd (explicit) middle imperfective (future)
aux_3X_mid_prf_pst,amolhe,am.ˈoɬ.e,auxiliary-form: 3rd (explicit) middle perfect (past)
aux_3X_mid_prf_prs,amolha,am.ˈoɬ.a,auxiliary-form: 3rd (explicit) middle perfect (present)
aux_3X_mid_prf_fut,amolho,am.ˈoɬ.o,auxiliary-form: 3rd (explicit) middle perfect (future)
aux_3X_mid_nea_pst,amotle,am.ˈoƛ.e,auxiliary-form: 3rd (explicit) middle near (past)
aux_3X_mid_nea_prs,amotla,am.ˈoƛ.a,auxiliary-form: 3rd (explicit) middle near (present)
aux_3X_mid_nea_fut,amotlo,am.ˈoƛ.o,auxiliary-form: 3rd (explicit) middle near (future)
aux_3X_mid_imm_pst,amoke,am.ˈok.e,auxiliary-form: 3rd (explicit) middle immediate (past)
aux_3X_mid_imm_prs,amoka,am.ˈok.a,auxiliary-form: 3rd (explicit) middle immediate (present)
aux_3X_mid_imm_fut,amoko,am.ˈok.o,auxiliary-form: 3rd (explicit) middle immediate (future)
aux_3X_mid_hab_pst,amome,am.ˈom.e,auxiliary-form: 3rd (explicit) middle habitual (past)
aux_3X_mid_hab_prs,amoma,am.ˈom.a,auxiliary-form: 3rd (explicit) middle habitual (present)
aux_3X_mid_hab_fut,amomo,am.ˈom.o,auxiliary-form: 3rd (explicit) middle habitual (future)
aux_3X_mid_pro_pst,amose,am.ˈos.e,auxiliary-form: 3rd (explicit) middle progressive (past)
aux_3X_mid_pro_prs,amosa,am.ˈos.a,auxiliary-form: 3rd (explicit) middle progressive (present)
aux_3X_mid_pro_fut,amoso,am.ˈos.o,auxiliary-form: 3rd (explicit) middle progressive (future)
aux_3X_mid_cnt_pst,amoshe,am.ˈoʃ.e,auxiliary-form: 3rd (explicit) middle continuous (past)
aux_3X_mid_cnt_prs,amosha,am.ˈoʃ.a,auxiliary-form: 3rd (explicit) middle continuous (present)
aux_3X_mid_cnt_fut,amosho,am.ˈoʃ.o,auxiliary-form: 3rd (explicit) middle continuous (future)
aux_3X_mid_itr_pst,amone,am.ˈon.e,auxiliary-form: 3rd (explicit) middle iterative (past)
aux_3X_mid_itr_prs,amona,am.ˈon.a,auxiliary-form: 3rd (explicit) middle iterative (present)
aux_3X_mid_itr_fut,amono,am.ˈon.o,auxiliary-form: 3rd (explicit) middle iterative (future)
aux_3X_mid_inc_pst,amoye,am.ˈoj.e,auxiliary-form: 3rd (explicit) middle inceptive (past)
aux_3X_mid_inc_prs,amoya,am.ˈoj.a,auxiliary-form: 3rd (explicit) middle inceptive (present)
aux_3X_mid_inc_fut,amoyo,am.ˈoj.o,auxiliary-form: 3rd (explicit) middle inceptive (future)
aux_3X_mid_ces_pst,amope,am.ˈop.e,auxiliary-form: 3rd (explicit) middle cessative (past)
aux_3X_mid_ces_prs,amopa,am.ˈop.a,auxiliary-form: 3rd (explicit) middle cessative (present)
aux_3X_mid_ces_fut,amopo,am.ˈop.o,auxiliary-form: 3rd (explicit) middle cessative (future)
aux_3X_mid_rem_pst,amohe,am.ˈoh.e,auxiliary-form: 3rd (explicit) middle remote (past)
aux_3X_mid_rem_prs,amoha,am.ˈoh.a,auxiliary-form: 3rd (explicit) middle remote (present)
aux_3X_mid_rem_fut,amoho,am.ˈoh.o,auxiliary-form: 3rd (explicit) middle remote (future)
aux_3X_cau_sim_pst,akefe,ak.ˈef.e,auxiliary-form: 3rd (explicit) causative simple (past)
aux_3X_cau_sim_prs,akefa,ak.ˈef.a,auxiliary-form: 3rd (explicit) causative simple (present)
aux_3X_cau_sim_fut,akefo,ak.ˈef.o,auxiliary-form: 3rd (explicit) causative simple (future)
aux_3X_cau_ipf_pst,akethe,ak.ˈeθ.e,auxiliary-form: 3rd (explicit) causative imperfective (past)
aux_3X_cau_ipf_prs,aketha,ak.ˈeθ.a,auxiliary-form: 3rd (explicit) causative imperfective (present)
aux_3X_cau_ipf_fut,aketho,ak.ˈeθ.o,auxiliary-form: 3rd (explicit) causative imperfective (future)
aux_3X_cau_prf_pst,akelhe,ak.ˈeɬ.e,auxiliary-form: 3rd (explicit) causative perfect (past)
aux_3X_cau_prf_prs,akelha,ak.ˈeɬ.a,auxiliary-form: 3rd (explicit) causative perfect (present)
aux_3X_cau_prf_fut,akelho,ak.ˈeɬ.o,auxiliary-form: 3rd (explicit) causative perfect (future)
aux_3X_cau_nea_pst,aketle,ak.ˈeƛ.e,auxiliary-form: 3rd (explicit) causative near (past)
aux_3X_cau_nea_prs,aketla,ak.ˈeƛ.a,auxiliary-form: 3rd (explicit) causative near (present)
aux_3X_cau_nea_fut,aketlo,ak.ˈeƛ.o,auxiliary-form: 3rd (explicit) causative near (future)
aux_3X_cau_imm_pst,akeke,ak.ˈek.e,auxiliary-form: 3rd (explicit) causative immediate (past)
aux_3X_cau_imm_prs,akeka,ak.ˈek.a,auxiliary-form: 3rd (explicit) causative immediate (present)
aux_3X_cau_imm_fut,akeko,ak.ˈek.o,auxiliary-form: 3rd (explicit) causative immediate (future)
aux_3X_cau_hab_pst,akeme,ak.ˈem.e,auxiliary-form: 3rd (explicit) causative habitual (past)
aux_3X_cau_hab_prs,akema,ak.ˈem.a,auxiliary-form: 3rd (explicit) causative habitual (present)
aux_3X_cau_hab_fut,akemo,ak.ˈem.o,auxiliary-form: 3rd (explicit) causative habitual (future)
aux_3X_cau_pro_pst,akese,ak.ˈes.e,auxiliary-form: 3rd (explicit) causative progressive (past)
aux_3X_cau_pro_prs,akesa,ak.ˈes.a,auxiliary-form: 3rd (explicit) causative progressive (present)
aux_3X_cau_pro_fut,akeso,ak.ˈes.o,auxiliary-form: 3rd (explicit) causative progressive (future)
aux_3X_cau_cnt_pst,akeshe,ak.ˈeʃ.e,auxiliary-form: 3rd (explicit) causative continuous (past)
aux_3X_cau_cnt_prs,akesha,ak.ˈeʃ.a,auxiliary-form: 3rd (explicit) causative continuous (present)
aux_3X_cau_cnt_fut,akesho,ak.ˈeʃ.o,auxiliary-form: 3rd (explicit) causative continuous (future)
aux_3X_cau_itr_pst,akene,ak.ˈen.e,auxiliary-form: 3rd (explicit) causative iterative (past)
aux_3X_cau_itr_prs,akena,ak.ˈen.a,auxiliary-form: 3rd (explicit) causative iterative (present)
aux_3X_cau_itr_fut,akeno,ak.ˈen.o,auxiliary-form: 3rd (explicit) causative iterative (future)
aux_3X_cau_inc_pst,akeye,ak.ˈej.e,auxiliary-form: 3rd (explicit) causative inceptive (past)
aux_3X_cau_inc_prs,akeya,ak.ˈej.a,auxiliary-form: 3rd (explicit) causative inceptive (present)
aux_3X_cau_inc_fut,akeyo,ak.ˈej.o,auxiliary-form: 3rd (explicit) causative inceptive (future)
aux_3X_cau_ces_pst,akepe,ak.ˈep.e,auxiliary-form: 3rd (explicit) causative cessative (past)
aux_3X_cau_ces_prs,akepa,ak.ˈep.a,auxiliary-form: 3rd (explicit) causative cessative (present)
aux_3X_cau_ces_fut,akepo,ak.ˈep.o,auxiliary-form: 3rd (explicit) causative cessative (future)
aux_3X_cau_rem_pst,akehe,ak.ˈeh.e,auxiliary-form: 3rd (explicit) causative remote (past)
aux_3X_cau_rem_prs,akeha,ak.ˈeh.a,auxiliary-form: 3rd (explicit) causative remote (present)
aux_3X_cau_rem_fut,akeho,ak.ˈeh.o,auxiliary-form: 3rd (explicit) causative remote (future)
aux_3X_rec_sim_pst,arafe,ar.ˈaf.e,auxiliary-form: 3rd (explicit) reciprocal simple (past)
aux_3X_rec_sim_prs,arafa,ar.ˈaf.a,auxiliary-form: 3rd (explicit) reciprocal simple (present)
aux_3X_rec_sim_fut,arafo,ar.ˈaf.o,auxiliary-form: 3rd (explicit) reciprocal simple (future)
aux_3X_rec_ipf_pst,arathe,ar.ˈaθ.e,auxiliary-form: 3rd (explicit) reciprocal imperfective (past)
aux_3X_rec_ipf_prs,aratha,ar.ˈaθ.a,auxiliary-form: 3rd (explicit) reciprocal imperfective (present)
aux_3X_rec_ipf_fut,aratho,ar.ˈaθ.o,auxiliary-form: 3rd (explicit) reciprocal imperfective (future)
aux_3X_rec_prf_pst,aralhe,ar.ˈaɬ.e,auxiliary-form: 3rd (explicit) reciprocal perfect (past)
aux_3X_rec_prf_prs,aralha,ar.ˈaɬ.a,auxiliary-form: 3rd (explicit) reciprocal perfect (present)
aux_3X_rec_prf_fut,aralho,ar.ˈaɬ.o,auxiliary-form: 3rd (explicit) reciprocal perfect (future)
aux_3X_rec_nea_pst,aratle,ar.ˈaƛ.e,auxiliary-form: 3rd (explicit) reciprocal near (past)
aux_3X_rec_nea_prs,aratla,ar.ˈaƛ.a,auxiliary-form: 3rd (explicit) reciprocal near (present)
aux_3X_rec_nea_fut,aratlo,ar.ˈaƛ.o,auxiliary-form: 3rd (explicit) reciprocal near (future)
aux_3X_rec_imm_pst,arake,ar.ˈak.e,auxiliary-form: 3rd (explicit) reciprocal immediate (past)
aux_3X_rec_imm_prs,araka,ar.ˈak.a,auxiliary-form: 3rd (explicit) reciprocal immediate (present)
aux_3X_rec_imm_fut,arako,ar.ˈak.o,auxiliary-form: 3rd (explicit) reciprocal immediate (future)
aux_3X_rec_hab_pst,arame,ar.ˈam.e,auxiliary-form: 3rd (explicit) reciprocal habitual (past)
aux_3X_rec_hab_prs,arama,ar.ˈam.a,auxiliary-form: 3rd (explicit) reciprocal habitual (present)
aux_3X_rec_hab_fut,aramo,ar.ˈam.o,auxiliary-form: 3rd (explicit) reciprocal habitual (future)
aux_3X_rec_pro_pst,arase,ar.ˈas.e,auxiliary-form: 3rd (explicit) reciprocal progressive (past)
aux_3X_rec_pro_prs,arasa,ar.ˈas.a,auxiliary-form: 3rd (explicit) reciprocal progressive (present)
aux_3X_rec_pro_fut,araso,ar.ˈas.o,auxiliary-form: 3rd (explicit) reciprocal progressive (future)
aux_3X_rec_cnt_pst,arashe,ar.ˈaʃ.e,auxiliary-form: 3rd (explicit) reciprocal continuous (past)
aux_3X_rec_cnt_prs,arasha,ar.ˈaʃ.a,auxiliary-form: 3rd (explicit) reciprocal continuous (present)
aux_3X_rec_cnt_fut,arasho,ar.ˈaʃ.o,auxiliary-form: 3rd (explicit) reciprocal continuous (future)
aux_3X_rec_itr_pst,arane,ar.ˈan.e,auxiliary-form: 3rd (explicit) reciprocal iterative (past)
aux_3X_rec_itr_prs,arana,ar.ˈan.a,auxiliary-form: 3rd (explicit) reciprocal iterative (present)
aux_3X_rec_itr_fut,arano,ar.ˈan.o,auxiliary-form: 3rd (explicit) reciprocal iterative (future)
aux_3X_rec_inc_pst,araye,ar.ˈaj.e,auxiliary-form: 3rd (explicit) reciprocal inceptive (past)
aux_3X_rec_inc_prs,araya,ar.ˈaj.a,auxiliary-form: 3rd (explicit) reciprocal inceptive (present)
aux_3X_rec_inc_fut,arayo,ar.ˈaj.o,auxiliary-form: 3rd (explicit) reciprocal inceptive (future)
aux_3X_rec_ces_pst,arape,ar.ˈap.e,auxiliary-form: 3rd (explicit) reciprocal cessative (past)
aux_3X_rec_ces_prs,arapa,ar.ˈap.a,auxiliary-form: 3rd (explicit) reciprocal cessative (present)
aux_3X_rec_ces_fut,arapo,ar.ˈap.o,auxiliary-form: 3rd (explicit) reciprocal cessative (future)
aux_3X_rec_rem_pst,arahe,ar.ˈah.e,auxiliary-form: 3rd (explicit) reciprocal remote (past)
aux_3X_rec_rem_prs,araha,ar.ˈah.a,auxiliary-form: 3rd (explicit) reciprocal remote (present)
aux_3X_rec_rem_fut,araho,ar.ˈah.o,auxiliary-form: 3rd (explicit) reciprocal remote (future)
aux_3X_sbj_sim_pst,awife,aw.ˈif.e,auxiliary-form: 3rd (explicit) subjunctive simple (past)
aux_3X_sbj_sim_prs,awifa,aw.ˈif.a,auxiliary-form: 3rd (explicit) subjunctive simple (present)
aux_3X_sbj_sim_fut,awifo,aw.ˈif.o,auxiliary-form: 3rd (explicit) subjunctive simple (future)
aux_3X_sbj_ipf_pst,awithe,aw.ˈiθ.e,auxiliary-form: 3rd (explicit) subjunctive imperfective (past)
aux_3X_sbj_ipf_prs,awitha,aw.ˈiθ.a,auxiliary-form: 3rd (explicit) subjunctive imperfective (present)
aux_3X_sbj_ipf_fut,awitho,aw.ˈiθ.o,auxiliary-form: 3rd (explicit) subjunctive imperfective (future)
aux_3X_sbj_prf_pst,awilhe,aw.ˈiɬ.e,auxiliary-form: 3rd (explicit) subjunctive perfect (past)
aux_3X_sbj_prf_prs,awilha,aw.ˈiɬ.a,auxiliary-form: 3rd (explicit) subjunctive perfect (present)
aux_3X_sbj_prf_fut,awilho,aw.ˈiɬ.o,auxiliary-form: 3rd (explicit) subjunctive perfect (future)
aux_3X_sbj_nea_pst,awitle,aw.ˈiƛ.e,auxiliary-form: 3rd (explicit) subjunctive near (past)
aux_3X_sbj_nea_prs,awitla,aw.ˈiƛ.a,auxiliary-form: 3rd (explicit) subjunctive near (present)
aux_3X_sbj_nea_fut,awitlo,aw.ˈiƛ.o,auxiliary-form: 3rd (explicit) subjunctive near (future)
aux_3X_sbj_imm_pst,awike,aw.ˈik.e,auxiliary-form: 3rd (explicit) subjunctive immediate (past)
aux_3X_sbj_imm_prs,awika,aw.ˈik.a,auxiliary-form: 3rd (explicit) subjunctive immediate (present)
aux_3X_sbj_imm_fut,awiko,aw.ˈik.o,auxiliary-form: 3rd (explicit) subjunctive immediate (future)
aux_3X_sbj_hab_pst,awime,aw.ˈim.e,auxiliary-form: 3rd (explicit) subjunctive habitual (past)
aux_3X_sbj_hab_prs,awima,aw.ˈim.a,auxiliary-form: 3rd (explicit) subjunctive habitual (present)
aux_3X_sbj_hab_fut,awimo,aw.ˈim.o,auxiliary-form: 3rd (explicit) subjunctive habitual (future)
aux_3X_sbj_pro_pst,awise,aw.ˈis.e,auxiliary-form: 3rd (explicit) subjunctive progressive (past)
aux_3X_sbj_pro_prs,awisa,aw.ˈis.a,auxiliary-form: 3rd (explicit) subjunctive progressive (present)
aux_3X_sbj_pro_fut,awiso,aw.ˈis.o,auxiliary-form: 3rd (explicit) subjunctive progressive (future)
aux_3X_sbj_cnt_pst,awishe,aw.ˈiʃ.e,auxiliary-form: 3rd (explicit) subjunctive continuous (past)
aux_3X_sbj_cnt_prs,awisha,aw.ˈiʃ.a,auxiliary-form: 3rd (explicit) subjunctive continuous (present)
aux_3X_sbj_cnt_fut,awisho,aw.ˈiʃ.o,auxiliary-form: 3rd (explicit) subjunctive continuous (future)
aux_3X_sbj_itr_pst,awine,aw.ˈin.e,auxiliary-form: 3rd (explicit) subjunctive iterative (past)
aux_3X_sbj_itr_prs,awina,aw.ˈin.a,auxiliary-form: 3rd (explicit) subjunctive iterative (present)
aux_3X_sbj_itr_fut,awino,aw.ˈin.o,auxiliary-form: 3rd (explicit) subjunctive iterative (future)
aux_3X_sbj_inc_pst,awiye,aw.ˈij.e,auxiliary-form: 3rd (explicit) subjunctive inceptive (past)
aux_3X_sbj_inc_prs,awiya,aw.ˈij.a,auxiliary-form: 3rd (explicit) subjunctive inceptive (present)
aux_3X_sbj_inc_fut,awiyo,aw.ˈij.o,auxiliary-form: 3rd (explicit) subjunctive inceptive (future)
aux_3X_sbj_ces_pst,awipe,aw.ˈip.e,auxiliary-form: 3rd (explicit) subjunctive cessative (past)
aux_3X_sbj_ces_prs,awipa,aw.ˈip.a,auxiliary-form: 3rd (explicit) subjunctive cessative (present)
aux_3X_sbj_ces_fut,awipo,aw.ˈip.o,auxiliary-form: 3rd (explicit) subjunctive cessative (future)
aux_3X_sbj_rem_pst,awihe,aw.ˈih.e,auxiliary-form: 3rd (explicit) subjunctive remote (past)
aux_3X_sbj_rem_prs,awiha,aw.ˈih.a,auxiliary-form: 3rd (explicit) subjunctive remote (present)
aux_3X_sbj_rem_fut,awiho,aw.ˈih.o,auxiliary-form: 3rd (explicit) subjunctive remote (future)
aux_3X_sbj_ref_sim_pst,awitefe,aw.it.ˈef.e,auxiliary-form: 3rd (explicit) subjunctive reflexive simple (past)
aux_3X_sbj_ref_sim_prs,awitefa,aw.it.ˈef.a,auxiliary-form: 3rd (explicit) subjunctive reflexive simple (present)
aux_3X_sbj_ref_sim_fut,awitefo,aw.it.ˈef.o,auxiliary-form: 3rd (explicit) subjunctive reflexive simple (future)
aux_3X_sbj_ref_ipf_pst,awitethe,aw.it.ˈeθ.e,auxiliary-form: 3rd (explicit) subjunctive reflexive imperfective (past)
aux_3X_sbj_ref_ipf_prs,awitetha,aw.it.ˈeθ.a,auxiliary-form: 3rd (explicit) subjunctive reflexive imperfective (present)
aux_3X_sbj_ref_ipf_fut,awitetho,aw.it.ˈeθ.o,auxiliary-form: 3rd (explicit) subjunctive reflexive imperfective (future)
aux_3X_sbj_ref_prf_pst,awitelhe,aw.it.ˈeɬ.e,auxiliary-form: 3rd (explicit) subjunctive reflexive perfect (past)
aux_3X_sbj_ref_prf_prs,awitelha,aw.it.ˈeɬ.a,auxiliary-form: 3rd (explicit) subjunctive reflexive perfect (present)
aux_3X_sbj_ref_prf_fut,awitelho,aw.it.ˈeɬ.o,auxiliary-form: 3rd (explicit) subjunctive reflexive perfect (future)
aux_3X_sbj_ref_nea_pst,awitetle,aw.it.ˈeƛ.e,auxiliary-form: 3rd (explicit) subjunctive reflexive near (past)
aux_3X_sbj_ref_nea_prs,awitetla,aw.it.ˈeƛ.a,auxiliary-form: 3rd (explicit) subjunctive reflexive near (present)
aux_3X_sbj_ref_nea_fut,awitetlo,aw.it.ˈeƛ.o,auxiliary-form: 3rd (explicit) subjunctive reflexive near (future)
aux_3X_sbj_ref_imm_pst,awiteke,aw.it.ˈek.e,auxiliary-form: 3rd (explicit) subjunctive reflexive immediate (past)
aux_3X_sbj_ref_imm_prs,awiteka,aw.it.ˈek.a,auxiliary-form: 3rd (explicit) subjunctive reflexive immediate (present)
aux_3X_sbj_ref_imm_fut,awiteko,aw.it.ˈek.o,auxiliary-form: 3rd (explicit) subjunctive reflexive immediate (future)
aux_3X_sbj_ref_hab_pst,awiteme,aw.it.ˈem.e,auxiliary-form: 3rd (explicit) subjunctive reflexive habitual (past)
aux_3X_sbj_ref_hab_prs,awitema,aw.it.ˈem.a,auxiliary-form: 3rd (explicit) subjunctive reflexive habitual (present)
aux_3X_sbj_ref_hab_fut,awitemo,aw.it.ˈem.o,auxiliary-form: 3rd (explicit) subjunctive reflexive habitual (future)
aux_3X_sbj_ref_pro_pst,awitese,aw.it.ˈes.e,auxiliary-form: 3rd (explicit) subjunctive reflexive progressive (past)
aux_3X_sbj_ref_pro_prs,awitesa,aw.it.ˈes.a,auxiliary-form: 3rd (explicit) subjunctive reflexive progressive (present)
aux_3X_sbj_ref_pro_fut,awiteso,aw.it.ˈes.o,auxiliary-form: 3rd (explicit) subjunctive reflexive progressive (future)
aux_3X_sbj_ref_cnt_pst,awiteshe,aw.it.ˈeʃ.e,auxiliary-form: 3rd (explicit) subjunctive reflexive continuous (past)
aux_3X_sbj_ref_cnt_prs,awitesha,aw.it.ˈeʃ.a,auxiliary-form: 3rd (explicit) subjunctive reflexive continuous (present)
aux_3X_sbj_ref_cnt_fut,awitesho,aw.it.ˈeʃ.o,auxiliary-form: 3rd (explicit) subjunctive reflexive continuous (future)
aux_3X_sbj_ref_itr_pst,awitene,aw.it.ˈen.e,auxiliary-form: 3rd (explicit) subjunctive reflexive iterative (past)
aux_3X_sbj_ref_itr_prs,awitena,aw.it.ˈen.a,auxiliary-form: 3rd (explicit) subjunctive reflexive iterative (present)
aux_3X_sbj_ref_itr_fut,awiteno,aw.it.ˈen.o,auxiliary-form: 3rd (explicit) subjunctive reflexive iterative (future)
aux_3X_sbj_ref_inc_pst,awiteye,aw.it.ˈej.e,auxiliary-form: 3rd (explicit) subjunctive reflexive inceptive (past)
aux_3X_sbj_ref_inc_prs,awiteya,aw.it.ˈej.a,auxiliary-form: 3rd (explicit) subjunctive reflexive inceptive (present)
aux_3X_sbj_ref_inc_fut,awiteyo,aw.it.ˈej.o,auxiliary-form: 3rd (explicit) subjunctive reflexive inceptive (future)
aux_3X_sbj_ref_ces_pst,awitepe,aw.it.ˈep.e,auxiliary-form: 3rd (explicit) subjunctive reflexive cessative (past)
aux_3X_sbj_ref_ces_prs,awitepa,aw.it.ˈep.a,auxiliary-form: 3rd (explicit) subjunctive reflexive cessative (present)
aux_3X_sbj_ref_ces_fut,awitepo,aw.it.ˈep.o,auxiliary-form: 3rd (explicit) subjunctive reflexive cessative (future)
aux_3X_sbj_ref_rem_pst,awitehe,aw.it.ˈeh.e,auxiliary-form: 3rd (explicit) subjunctive reflexive remote (past)
aux_3X_sbj_ref_rem_prs,awiteha,aw.it.ˈeh.a,auxiliary-form: 3rd (explicit) subjunctive reflexive remote (present)
aux_3X_sbj_ref_rem_fut,awiteho,aw.it.ˈeh.o,auxiliary-form: 3rd (explicit) subjunctive reflexive remote (future)
aux_3X_sbj_pas_sim_pst,awipafe,aw.ip.ˈaf.e,auxiliary-form: 3rd (explicit) subjunctive passive simple (past)
aux_3X_sbj_pas_sim_prs,awipafa,aw.ip.ˈaf.a,auxiliary-form: 3rd (explicit) subjunctive passive simple (present)
aux_3X_sbj_pas_sim_fut,awipafo,aw.ip.ˈaf.o,auxiliary-form: 3rd (explicit) subjunctive passive simple (future)
aux_3X_sbj_pas_ipf_pst,awipathe,aw.ip.ˈaθ.e,auxiliary-form: 3rd (explicit) subjunctive passive imperfective (past)
aux_3X_sbj_pas_ipf_prs,awipatha,aw.ip.ˈaθ.a,auxiliary-form: 3rd (explicit) subjunctive passive imperfective (present)
aux_3X_sbj_pas_ipf_fut,awipatho,aw.ip.ˈaθ.o,auxiliary-form: 3rd (explicit) subjunctive passive imperfective (future)
aux_3X_sbj_pas_prf_pst,awipalhe,aw.ip.ˈaɬ.e,auxiliary-form: 3rd (explicit) subjunctive passive perfect (past)
aux_3X_sbj_pas_prf_prs,awipalha,aw.ip.ˈaɬ.a,auxiliary-form: 3rd (explicit) subjunctive passive perfect (present)
aux_3X_sbj_pas_prf_fut,awipalho,aw.ip.ˈaɬ.o,auxiliary-form: 3rd (explicit) subjunctive passive perfect (future)
aux_3X_sbj_pas_nea_pst,awipatle,aw.ip.ˈaƛ.e,auxiliary-form: 3rd (explicit) subjunctive passive near (past)
aux_3X_sbj_pas_nea_prs,awipatla,aw.ip.ˈaƛ.a,auxiliary-form: 3rd (explicit) subjunctive passive near (present)
aux_3X_sbj_pas_nea_fut,awipatlo,aw.ip.ˈaƛ.o,auxiliary-form: 3rd (explicit) subjunctive passive near (future)
aux_3X_sbj_pas_imm_pst,awipake,aw.ip.ˈak.e,auxiliary-form: 3rd (explicit) subjunctive passive immediate (past)
aux_3X_sbj_pas_imm_prs,awipaka,aw.ip.ˈak.a,auxiliary-form: 3rd (explicit) subjunctive passive immediate (present)
aux_3X_sbj_pas_imm_fut,awipako,aw.ip.ˈak.o,auxiliary-form: 3rd (explicit) subjunctive passive immediate (future)
aux_3X_sbj_pas_hab_pst,awipame,aw.ip.ˈam.e,auxiliary-form: 3rd (explicit) subjunctive passive habitual (past)
aux_3X_sbj_pas_hab_prs,awipama,aw.ip.ˈam.a,auxiliary-form: 3rd (explicit) subjunctive passive habitual (present)
aux_3X_sbj_pas_hab_fut,awipamo,aw.ip.ˈam.o,auxiliary-form: 3rd (explicit) subjunctive passive habitual (future)
aux_3X_sbj_pas_pro_pst,awipase,aw.ip.ˈas.e,auxiliary-form: 3rd (explicit) subjunctive passive progressive (past)
aux_3X_sbj_pas_pro_prs,awipasa,aw.ip.ˈas.a,auxiliary-form: 3rd (explicit) subjunctive passive progressive (present)
aux_3X_sbj_pas_pro_fut,awipaso,aw.ip.ˈas.o,auxiliary-form: 3rd (explicit) subjunctive passive progressive (future)
aux_3X_sbj_pas_cnt_pst,awipashe,aw.ip.ˈaʃ.e,auxiliary-form: 3rd (explicit) subjunctive passive continuous (past)
aux_3X_sbj_pas_cnt_prs,awipasha,aw.ip.ˈaʃ.a,auxiliary-form: 3rd (explicit) subjunctive passive continuous (present)
aux_3X_sbj_pas_cnt_fut,awipasho,aw.ip.ˈaʃ.o,auxiliary-form: 3rd (explicit) subjunctive passive continuous (future)
aux_3X_sbj_pas_itr_pst,awipane,aw.ip.ˈan.e,auxiliary-form: 3rd (explicit) subjunctive passive iterative (past)
aux_3X_sbj_pas_itr_prs,awipana,aw.ip.ˈan.a,auxiliary-form: 3rd (explicit) subjunctive passive iterative (present)
aux_3X_sbj_pas_itr_fut,awipano,aw.ip.ˈan.o,auxiliary-form: 3rd (explicit) subjunctive passive iterative (future)
aux_3X_sbj_pas_inc_pst,awipaye,aw.ip.ˈaj.e,auxiliary-form: 3rd (explicit) subjunctive passive inceptive (past)
aux_3X_sbj_pas_inc_prs,awipaya,aw.ip.ˈaj.a,auxiliary-form: 3rd (explicit) subjunctive passive inceptive (present)
aux_3X_sbj_pas_inc_fut,awipayo,aw.ip.ˈaj.o,auxiliary-form: 3rd (explicit) subjunctive passive inceptive (future)
aux_3X_sbj_pas_ces_pst,awipape,aw.ip.ˈap.e,auxiliary-form: 3rd (explicit) subjunctive passive cessative (past)
aux_3X_sbj_pas_ces_prs,awipapa,aw.ip.ˈap.a,auxiliary-form: 3rd (explicit) subjunctive passive cessative (present)
aux_3X_sbj_pas_ces_fut,awipapo,aw.ip.ˈap.o,auxiliary-form: 3rd (explicit) subjunctive passive cessative (future)
aux_3X_sbj_pas_rem_pst,awipahe,aw.ip.ˈah.e,auxiliary-form: 3rd (explicit) subjunctive passive remote (past)
aux_3X_sbj_pas_rem_prs,awipaha,aw.ip.ˈah.a,auxiliary-form: 3rd (explicit) subjunctive passive remote (present)
aux_3X_sbj_pas_rem_fut,awipaho,aw.ip.ˈah.o,auxiliary-form: 3rd (explicit) subjunctive passive remote (future)
aux_3X_sbj_mid_sim_pst,awimofe,aw.im.ˈof.e,auxiliary-form: 3rd (explicit) subjunctive middle simple (past)
aux_3X_sbj_mid_sim_prs,awimofa,aw.im.ˈof.a,auxiliary-form: 3rd (explicit) subjunctive middle simple (present)
aux_3X_sbj_mid_sim_fut,awimofo,aw.im.ˈof.o,auxiliary-form: 3rd (explicit) subjunctive middle simple (future)
aux_3X_sbj_mid_ipf_pst,awimothe,aw.im.ˈoθ.e,auxiliary-form: 3rd (explicit) subjunctive middle imperfective (past)
aux_3X_sbj_mid_ipf_prs,awimotha,aw.im.ˈoθ.a,auxiliary-form: 3rd (explicit) subjunctive middle imperfective (present)
aux_3X_sbj_mid_ipf_fut,awimotho,aw.im.ˈoθ.o,auxiliary-form: 3rd (explicit) subjunctive middle imperfective (future)
aux_3X_sbj_mid_prf_pst,awimolhe,aw.im.ˈoɬ.e,auxiliary-form: 3rd (explicit) subjunctive middle perfect (past)
aux_3X_sbj_mid_prf_prs,awimolha,aw.im.ˈoɬ.a,auxiliary-form: 3rd (explicit) subjunctive middle perfect (present)
aux_3X_sbj_mid_prf_fut,awimolho,aw.im.ˈoɬ.o,auxiliary-form: 3rd (explicit) subjunctive middle perfect (future)
aux_3X_sbj_mid_nea_pst,awimotle,aw.im.ˈoƛ.e,auxiliary-form: 3rd (explicit) subjunctive middle near (past)
aux_3X_sbj_mid_nea_prs,awimotla,aw.im.ˈoƛ.a,auxiliary-form: 3rd (explicit) subjunctive middle near (present)
aux_3X_sbj_mid_nea_fut,awimotlo,aw.im.ˈoƛ.o,auxiliary-form: 3rd (explicit) subjunctive middle near (future)
aux_3X_sbj_mid_imm_pst,awimoke,aw.im.ˈok.e,auxiliary-form: 3rd (explicit) subjunctive middle immediate (past)
aux_3X_sbj_mid_imm_prs,awimoka,aw.im.ˈok.a,auxiliary-form: 3rd (explicit) subjunctive middle immediate (present)
aux_3X_sbj_mid_imm_fut,awimoko,aw.im.ˈok.o,auxiliary-form: 3rd (explicit) subjunctive middle immediate (future)
aux_3X_sbj_mid_hab_pst,awimome,aw.im.ˈom.e,auxiliary-form: 3rd (explicit) subjunctive middle habitual (past)
aux_3X_sbj_mid_hab_prs,awimoma,aw.im.ˈom.a,auxiliary-form: 3rd (explicit) subjunctive middle habitual (present)
aux_3X_sbj_mid_hab_fut,awimomo,aw.im.ˈom.o,auxiliary-form: 3rd (explicit) subjunctive middle habitual (future)
aux_3X_sbj_mid_pro_pst,awimose,aw.im.ˈos.e,auxiliary-form: 3rd (explicit) subjunctive middle progressive (past)
aux_3X_sbj_mid_pro_prs,awimosa,aw.im.ˈos.a,auxiliary-form: 3rd (explicit) subjunctive middle progressive (present)
aux_3X_sbj_mid_pro_fut,awimoso,aw.im.ˈos.o,auxiliary-form: 3rd (explicit) subjunctive middle progressive (future)
aux_3X_sbj_mid_cnt_pst,awimoshe,aw.im.ˈoʃ.e,auxiliary-form: 3rd (explicit) subjunctive middle continuous (past)
aux_3X_sbj_mid_cnt_prs,awimosha,aw.im.ˈoʃ.a,auxiliary-form: 3rd (explicit) subjunctive middle continuous (present)
aux_3X_sbj_mid_cnt_fut,awimosho,aw.im.ˈoʃ.o,auxiliary-form: 3rd (explicit) subjunctive middle continuous (future)
aux_3X_sbj_mid_itr_pst,awimone,aw.im.ˈon.e,auxiliary-form: 3rd (explicit) subjunctive middle iterative (past)
aux_3X_sbj_mid_itr_prs,awimona,aw.im.ˈon.a,auxiliary-form: 3rd (explicit) subjunctive middle iterative (present)
aux_3X_sbj_mid_itr_fut,awimono,aw.im.ˈon.o,auxiliary-form: 3rd (explicit) subjunctive middle iterative (future)
aux_3X_sbj_mid_inc_pst,awimoye,aw.im.ˈoj.e,auxiliary-form: 3rd (explicit) subjunctive middle inceptive (past)
aux_3X_sbj_mid_inc_prs,awimoya,aw.im.ˈoj.a,auxiliary-form: 3rd (explicit) subjunctive middle inceptive (present)
aux_3X_sbj_mid_inc_fut,awimoyo,aw.im.ˈoj.o,auxiliary-form: 3rd (explicit) subjunctive middle inceptive (future)
aux_3X_sbj_mid_ces_pst,awimope,aw.im.ˈop.e,auxiliary-form: 3rd (explicit) subjunctive middle cessative (past)
aux_3X_sbj_mid_ces_prs,awimopa,aw.im.ˈop.a,auxiliary-form: 3rd (explicit) subjunctive middle cessative (present)
aux_3X_sbj_mid_ces_fut,awimopo,aw.im.ˈop.o,auxiliary-form: 3rd (explicit) subjunctive middle cessative (future)
aux_3X_sbj_mid_rem_pst,awimohe,aw.im.ˈoh.e,auxiliary-form: 3rd (explicit) subjunctive middle remote (past)
aux_3X_sbj_mid_rem_prs,awimoha,aw.im.ˈoh.a,auxiliary-form: 3rd (explicit) subjunctive middle remote (present)
aux_3X_sbj_mid_rem_fut,awimoho,aw.im.ˈoh.o,auxiliary-form: 3rd (explicit) subjunctive middle remote (future)
aux_3X_sbj_cau_sim_pst,awikefe,aw.ik.ˈef.e,auxiliary-form: 3rd (explicit) subjunctive causative simple (past)
aux_3X_sbj_cau_sim_prs,awikefa,aw.ik.ˈef.a,auxiliary-form: 3rd (explicit) subjunctive causative simple (present)
aux_3X_sbj_cau_sim_fut,awikefo,aw.ik.ˈef.o,auxiliary-form: 3rd (explicit) subjunctive causative simple (future)
aux_3X_sbj_cau_ipf_pst,awikethe,aw.ik.ˈeθ.e,auxiliary-form: 3rd (explicit) subjunctive causative imperfective (past)
aux_3X_sbj_cau_ipf_prs,awiketha,aw.ik.ˈeθ.a,auxiliary-form: 3rd (explicit) subjunctive causative imperfective (present)
aux_3X_sbj_cau_ipf_fut,awiketho,aw.ik.ˈeθ.o,auxiliary-form: 3rd (explicit) subjunctive causative imperfective (future)
aux_3X_sbj_cau_prf_pst,awikelhe,aw.ik.ˈeɬ.e,auxiliary-form: 3rd (explicit) subjunctive causative perfect (past)
aux_3X_sbj_cau_prf_prs,awikelha,aw.ik.ˈeɬ.a,auxiliary-form: 3rd (explicit) subjunctive causative perfect (present)
aux_3X_sbj_cau_prf_fut,awikelho,aw.ik.ˈeɬ.o,auxiliary-form: 3rd (explicit) subjunctive causative perfect (future)
aux_3X_sbj_cau_nea_pst,awiketle,aw.ik.ˈeƛ.e,auxiliary-form: 3rd (explicit) subjunctive causative near (past)
aux_3X_sbj_cau_nea_prs,awiketla,aw.ik.ˈeƛ.a,auxiliary-form: 3rd (explicit) subjunctive causative near (present)
aux_3X_sbj_cau_nea_fut,awiketlo,aw.ik.ˈeƛ.o,auxiliary-form: 3rd (explicit) subjunctive causative near (future)
aux_3X_sbj_cau_imm_pst,awikeke,aw.ik.ˈek.e,auxiliary-form: 3rd (explicit) subjunctive causative immediate (past)
aux_3X_sbj_cau_imm_prs,awikeka,aw.ik.ˈek.a,auxiliary-form: 3rd (explicit) subjunctive causative immediate (present)
aux_3X_sbj_cau_imm_fut,awikeko,aw.ik.ˈek.o,auxiliary-form: 3rd (explicit) subjunctive causative immediate (future)
aux_3X_sbj_cau_hab_pst,awikeme,aw.ik.ˈem.e,auxiliary-form: 3rd (explicit) subjunctive causative habitual (past)
aux_3X_sbj_cau_hab_prs,awikema,aw.ik.ˈem.a,auxiliary-form: 3rd (explicit) subjunctive causative habitual (present)
aux_3X_sbj_cau_hab_fut,awikemo,aw.ik.ˈem.o,auxiliary-form: 3rd (explicit) subjunctive causative habitual (future)
aux_3X_sbj_cau_pro_pst,awikese,aw.ik.ˈes.e,auxiliary-form: 3rd (explicit) subjunctive causative progressive (past)
aux_3X_sbj_cau_pro_prs,awikesa,aw.ik.ˈes.a,auxiliary-form: 3rd (explicit) subjunctive causative progressive (present)
aux_3X_sbj_cau_pro_fut,awikeso,aw.ik.ˈes.o,auxiliary-form: 3rd (explicit) subjunctive causative progressive (future)
aux_3X_sbj_cau_cnt_pst,awikeshe,aw.ik.ˈeʃ.e,auxiliary-form: 3rd (explicit) subjunctive causative continuous (past)
aux_3X_sbj_cau_cnt_prs,awikesha,aw.ik.ˈeʃ.a,auxiliary-form: 3rd (explicit) subjunctive causative continuous (present)
aux_3X_sbj_cau_cnt_fut,awikesho,aw.ik.ˈeʃ.o,auxiliary-form: 3rd (explicit) subjunctive causative continuous (future)
aux_3X_sbj_cau_itr_pst,awikene,aw.ik.ˈen.e,auxiliary-form: 3rd (explicit) subjunctive causative iterative (past)
aux_3X_sbj_cau_itr_prs,awikena,aw.ik.ˈen.a,auxiliary-form: 3rd (explicit) subjunctive causative iterative (present)
aux_3X_sbj_cau_itr_fut,awikeno,aw.ik.ˈen.o,auxiliary-form: 3rd (explicit) subjunctive causative iterative (future)
aux_3X_sbj_cau_inc_pst,awikeye,aw.ik.ˈej.e,auxiliary-form: 3rd (explicit) subjunctive causative inceptive (past)
aux_3X_sbj_cau_inc_prs,awikeya,aw.ik.ˈej.a,auxiliary-form: 3rd (explicit) subjunctive causative inceptive (present)
aux_3X_sbj_cau_inc_fut,awikeyo,aw.ik.ˈej.o,auxiliary-form: 3rd (explicit) subjunctive causative inceptive (future)
aux_3X_sbj_cau_ces_pst,awikepe,aw.ik.ˈep.e,auxiliary-form: 3rd (explicit) subjunctive causative cessative (past)
aux_3X_sbj_cau_ces_prs,awikepa,aw.ik.ˈep.a,auxiliary-form: 3rd (explicit) subjunctive causative cessative (present)
aux_3X_sbj_cau_ces_fut,awikepo,aw.ik.ˈep.o,auxiliary-form: 3rd (explicit) subjunctive causative cessative (future)
aux_3X_sbj_cau_rem_pst,awikehe,aw.ik.ˈeh.e,auxiliary-form: 3rd (explicit) subjunctive causative remote (past)
aux_3X_sbj_cau_rem_prs,awikeha,aw.ik.ˈeh.a,auxiliary-form: 3rd (explicit) subjunctive causative remote (present)
aux_3X_sbj_cau_rem_fut,awikeho,aw.ik.ˈeh.o,auxiliary-form: 3rd (explicit) subjunctive causative remote (future)
aux_3X_sbj_rec_sim_pst,awirafe,aw.ir.ˈaf.e,auxiliary-form: 3rd (explicit) subjunctive reciprocal simple (past)
aux_3X_sbj_rec_sim_prs,awirafa,aw.ir.ˈaf.a,auxiliary-form: 3rd (explicit) subjunctive reciprocal simple (present)
aux_3X_sbj_rec_sim_fut,awirafo,aw.ir.ˈaf.o,auxiliary-form: 3rd (explicit) subjunctive reciprocal simple (future)
aux_3X_sbj_rec_ipf_pst,awirathe,aw.ir.ˈaθ.e,auxiliary-form: 3rd (explicit) subjunctive reciprocal imperfective (past)
aux_3X_sbj_rec_ipf_prs,awiratha,aw.ir.ˈaθ.a,auxiliary-form: 3rd (explicit) subjunctive reciprocal imperfective (present)
aux_3X_sbj_rec_ipf_fut,awiratho,aw.ir.ˈaθ.o,auxiliary-form: 3rd (explicit) subjunctive reciprocal imperfective (future)
aux_3X_sbj_rec_prf_pst,awiralhe,aw.ir.ˈaɬ.e,auxiliary-form: 3rd (explicit) subjunctive reciprocal perfect (past)
aux_3X_sbj_rec_prf_prs,awiralha,aw.ir.ˈaɬ.a,auxiliary-form: 3rd (explicit) subjunctive reciprocal perfect (present)
aux_3X_sbj_rec_prf_fut,awiralho,aw.ir.ˈaɬ.o,auxiliary-form: 3rd (explicit) subjunctive reciprocal perfect (future)
aux_3X_sbj_rec_nea_pst,awiratle,aw.ir.ˈaƛ.e,auxiliary-form: 3rd (explicit) subjunctive reciprocal near (past)
aux_3X_sbj_rec_nea_prs,awiratla,aw.ir.ˈaƛ.a,auxiliary-form: 3rd (explicit) subjunctive reciprocal near (present)
aux_3X_sbj_rec_nea_fut,awiratlo,aw.ir.ˈaƛ.o,auxiliary-form: 3rd (explicit) subjunctive reciprocal near (future)
aux_3X_sbj_rec_imm_pst,awirake,aw.ir.ˈak.e,auxiliary-form: 3rd (explicit) subjunctive reciprocal immediate (past)
aux_3X_sbj_rec_imm_prs,awiraka,aw.ir.ˈak.a,auxiliary-form: 3rd (explicit) subjunctive reciprocal immediate (present)
aux_3X_sbj_rec_imm_fut,awirako,aw.ir.ˈak.o,auxiliary-form: 3rd (explicit) subjunctive reciprocal immediate (future)
aux_3X_sbj_rec_hab_pst,awirame,aw.ir.ˈam.e,auxiliary-form: 3rd (explicit) subjunctive reciprocal habitual (past)
aux_3X_sbj_rec_hab_prs,awirama,aw.ir.ˈam.a,auxiliary-form: 3rd (explicit) subjunctive reciprocal habitual (present)
aux_3X_sbj_rec_hab_fut,awiramo,aw.ir.ˈam.o,auxiliary-form: 3rd (explicit) subjunctive reciprocal habitual (future)
aux_3X_sbj_rec_pro_pst,awirase,aw.ir.ˈas.e,auxiliary-form: 3rd (explicit) subjunctive reciprocal progressive (past)
aux_3X_sbj_rec_pro_prs,awirasa,aw.ir.ˈas.a,auxiliary-form: 3rd (explicit) subjunctive reciprocal progressive (present)
aux_3X_sbj_rec_pro_fut,awiraso,aw.ir.ˈas.o,auxiliary-form: 3rd (explicit) subjunctive reciprocal progressive (future)
aux_3X_sbj_rec_cnt_pst,awirashe,aw.ir.ˈaʃ.e,auxiliary-form: 3rd (explicit) subjunctive reciprocal continuous (past)
aux_3X_sbj_rec_cnt_prs,awirasha,aw.ir.ˈaʃ.a,auxiliary-form: 3rd (explicit) subjunctive reciprocal continuous (present)
aux_3X_sbj_rec_cnt_fut,awirasho,aw.ir.ˈaʃ.o,auxiliary-form: 3rd (explicit) subjunctive reciprocal continuous (future)
aux_3X_sbj_rec_itr_pst,awirane,aw.ir.ˈan.e,auxiliary-form: 3rd (explicit) subjunctive reciprocal iterative (past)
aux_3X_sbj_rec_itr_prs,awirana,aw.ir.ˈan.a,auxiliary-form: 3rd (explicit) subjunctive reciprocal iterative (present)
aux_3X_sbj_rec_itr_fut,awirano,aw.ir.ˈan.o,auxiliary-form: 3rd (explicit) subjunctive reciprocal iterative (future)
aux_3X_sbj_rec_inc_pst,awiraye,aw.ir.ˈaj.e,auxiliary-form: 3rd (explicit) subjunctive reciprocal inceptive (past)
aux_3X_sbj_rec_inc_prs,awiraya,aw.ir.ˈaj.a,auxiliary-form: 3rd (explicit) subjunctive reciprocal inceptive (present)
aux_3X_sbj_rec_inc_fut,awirayo,aw.ir.ˈaj.o,auxiliary-form: 3rd (explicit) subjunctive reciprocal inceptive (future)
aux_3X_sbj_rec_ces_pst,awirape,aw.ir.ˈap.e,auxiliary-form: 3rd (explicit) subjunctive reciprocal cessative (past)
aux_3X_sbj_rec_ces_prs,awirapa,aw.ir.ˈap.a,auxiliary-form: 3rd (explicit) subjunctive reciprocal cessative (present)
aux_3X_sbj_rec_ces_fut,awirapo,aw.ir.ˈap.o,auxiliary-form: 3rd (explicit) subjunctive reciprocal cessative (future)
aux_3X_sbj_rec_rem_pst,awirahe,aw.ir.ˈah.e,auxiliary-form: 3rd (explicit) subjunctive reciprocal remote (past)
aux_3X_sbj_rec_rem_prs,awiraha,aw.ir.ˈah.a,auxiliary-form: 3rd (explicit) subjunctive reciprocal remote (present)
aux_3X_sbj_rec_rem_fut,awiraho,aw.ir.ˈah.o,auxiliary-form: 3rd (explicit) subjunctive reciprocal remote (future)
aux_3X_imp_sim_pst,asefe,as.ˈef.e,auxiliary-form: 3rd (explicit) imperative simple (past)
aux_3X_imp_sim_prs,asefa,as.ˈef.a,auxiliary-form: 3rd (explicit) imperative simple (present)
aux_3X_imp_sim_fut,asefo,as.ˈef.o,auxiliary-form: 3rd (explicit) imperative simple (future)
aux_3X_imp_ipf_pst,asethe,as.ˈeθ.e,auxiliary-form: 3rd (explicit) imperative imperfective (past)
aux_3X_imp_ipf_prs,asetha,as.ˈeθ.a,auxiliary-form: 3rd (explicit) imperative imperfective (present)
aux_3X_imp_ipf_fut,asetho,as.ˈeθ.o,auxiliary-form: 3rd (explicit) imperative imperfective (future)
aux_3X_imp_prf_pst,aselhe,as.ˈeɬ.e,auxiliary-form: 3rd (explicit) imperative perfect (past)
aux_3X_imp_prf_prs,aselha,as.ˈeɬ.a,auxiliary-form: 3rd (explicit) imperative perfect (present)
aux_3X_imp_prf_fut,aselho,as.ˈeɬ.o,auxiliary-form: 3rd (explicit) imperative perfect (future)
aux_3X_imp_nea_pst,asetle,as.ˈeƛ.e,auxiliary-form: 3rd (explicit) imperative near (past)
aux_3X_imp_nea_prs,asetla,as.ˈeƛ.a,auxiliary-form: 3rd (explicit) imperative near (present)
aux_3X_imp_nea_fut,asetlo,as.ˈeƛ.o,auxiliary-form: 3rd (explicit) imperative near (future)
aux_3X_imp_imm_pst,aseke,as.ˈek.e,auxiliary-form: 3rd (explicit) imperative immediate (past)
aux_3X_imp_imm_prs,aseka,as.ˈek.a,auxiliary-form: 3rd (explicit) imperative immediate (present)
aux_3X_imp_imm_fut,aseko,as.ˈek.o,auxiliary-form: 3rd (explicit) imperative immediate (future)
aux_3X_imp_hab_pst,aseme,as.ˈem.e,auxiliary-form: 3rd (explicit) imperative habitual (past)
aux_3X_imp_hab_prs,asema,as.ˈem.a,auxiliary-form: 3rd (explicit) imperative habitual (present)
aux_3X_imp_hab_fut,asemo,as.ˈem.o,auxiliary-form: 3rd (explicit) imperative habitual (future)
aux_3X_imp_pro_pst,asese,as.ˈes.e,auxiliary-form: 3rd (explicit) imperative progressive (past)
aux_3X_imp_pro_prs,asesa,as.ˈes.a,auxiliary-form: 3rd (explicit) imperative progressive (present)
aux_3X_imp_pro_fut,aseso,as.ˈes.o,auxiliary-form: 3rd (explicit) imperative progressive (future)
aux_3X_imp_cnt_pst,aseshe,as.ˈeʃ.e,auxiliary-form: 3rd (explicit) imperative continuous (past)
aux_3X_imp_cnt_prs,asesha,as.ˈeʃ.a,auxiliary-form: 3rd (explicit) imperative continuous (present)
aux_3X_imp_cnt_fut,asesho,as.ˈeʃ.o,auxiliary-form: 3rd (explicit) imperative continuous (future)
aux_3X_imp_itr_pst,asene,as.ˈen.e,auxiliary-form: 3rd (explicit) imperative iterative (past)
aux_3X_imp_itr_prs,asena,as.ˈen.a,auxiliary-form: 3rd (explicit) imperative iterative (present)
aux_3X_imp_itr_fut,aseno,as.ˈen.o,auxiliary-form: 3rd (explicit) imperative iterative (future)
aux_3X_imp_inc_pst,aseye,as.ˈej.e,auxiliary-form: 3rd (explicit) imperative inceptive (past)
aux_3X_imp_inc_prs,aseya,as.ˈej.a,auxiliary-form: 3rd (explicit) imperative inceptive (present)
aux_3X_imp_inc_fut,aseyo,as.ˈej.o,auxiliary-form: 3rd (explicit) imperative inceptive (future)
aux_3X_imp_ces_pst,asepe,as.ˈep.e,auxiliary-form: 3rd (explicit) imperative cessative (past)
aux_3X_imp_ces_prs,asepa,as.ˈep.a,auxiliary-form: 3rd (explicit) imperative cessative (present)
aux_3X_imp_ces_fut,asepo,as.ˈep.o,auxiliary-form: 3rd (explicit) imperative cessative (future)
aux_3X_imp_rem_pst,asehe,as.ˈeh.e,auxiliary-form: 3rd (explicit) imperative remote (past)
aux_3X_imp_rem_prs,aseha,as.ˈeh.a,auxiliary-form: 3rd (explicit) imperative remote (present)
aux_3X_imp_rem_fut,aseho,as.ˈeh.o,auxiliary-form: 3rd (explicit) imperative remote (future)
aux_3X_imp_ref_sim_pst,asetefe,as.et.ˈef.e,auxiliary-form: 3rd (explicit) imperative reflexive simple (past)
aux_3X_imp_ref_sim_prs,asetefa,as.et.ˈef.a,auxiliary-form: 3rd (explicit) imperative reflexive simple (present)
aux_3X_imp_ref_sim_fut,asetefo,as.et.ˈef.o,auxiliary-form: 3rd (explicit) imperative reflexive simple (future)
aux_3X_imp_ref_ipf_pst,asetethe,as.et.ˈeθ.e,auxiliary-form: 3rd (explicit) imperative reflexive imperfective (past)
aux_3X_imp_ref_ipf_prs,asetetha,as.et.ˈeθ.a,auxiliary-form: 3rd (explicit) imperative reflexive imperfective (present)
aux_3X_imp_ref_ipf_fut,asetetho,as.et.ˈeθ.o,auxiliary-form: 3rd (explicit) imperative reflexive imperfective (future)
aux_3X_imp_ref_prf_pst,asetelhe,as.et.ˈeɬ.e,auxiliary-form: 3rd (explicit) imperative reflexive perfect (past)
aux_3X_imp_ref_prf_prs,asetelha,as.et.ˈeɬ.a,auxiliary-form: 3rd (explicit) imperative reflexive perfect (present)
aux_3X_imp_ref_prf_fut,asetelho,as.et.ˈeɬ.o,auxiliary-form: 3rd (explicit) imperative reflexive perfect (future)
aux_3X_imp_ref_nea_pst,asetetle,as.et.ˈeƛ.e,auxiliary-form: 3rd (explicit) imperative reflexive near (past)
aux_3X_imp_ref_nea_prs,asetetla,as.et.ˈeƛ.a,auxiliary-form: 3rd (explicit) imperative reflexive near (present)
aux_3X_imp_ref_nea_fut,asetetlo,as.et.ˈeƛ.o,auxiliary-form: 3rd (explicit) imperative reflexive near (future)
aux_3X_imp_ref_imm_pst,aseteke,as.et.ˈek.e,auxiliary-form: 3rd (explicit) imperative reflexive immediate (past)
aux_3X_imp_ref_imm_prs,aseteka,as.et.ˈek.a,auxiliary-form: 3rd (explicit) imperative reflexive immediate (present)
aux_3X_imp_ref_imm_fut,aseteko,as.et.ˈek.o,auxiliary-form: 3rd (explicit) imperative reflexive immediate (future)
aux_3X_imp_ref_hab_pst,aseteme,as.et.ˈem.e,auxiliary-form: 3rd (explicit) imperative reflexive habitual (past)
aux_3X_imp_ref_hab_prs,asetema,as.et.ˈem.a,auxiliary-form: 3rd (explicit) imperative reflexive habitual (present)
aux_3X_imp_ref_hab_fut,asetemo,as.et.ˈem.o,auxiliary-form: 3rd (explicit) imperative reflexive habitual (future)
aux_3X_imp_ref_pro_pst,asetese,as.et.ˈes.e,auxiliary-form: 3rd (explicit) imperative reflexive progressive (past)
aux_3X_imp_ref_pro_prs,asetesa,as.et.ˈes.a,auxiliary-form: 3rd (explicit) imperative reflexive progressive (present)
aux_3X_imp_ref_pro_fut,aseteso,as.et.ˈes.o,auxiliary-form: 3rd (explicit) imperative reflexive progressive (future)
aux_3X_imp_ref_cnt_pst,aseteshe,as.et.ˈeʃ.e,auxiliary-form: 3rd (explicit) imperative reflexive continuous (past)
aux_3X_imp_ref_cnt_prs,asetesha,as.et.ˈeʃ.a,auxiliary-form: 3rd (explicit) imperative reflexive continuous (present)
aux_3X_imp_ref_cnt_fut,asetesho,as.et.ˈeʃ.o,auxiliary-form: 3rd (explicit) imperative reflexive continuous (future)
aux_3X_imp_ref_itr_pst,asetene,as.et.ˈen.e,auxiliary-form: 3rd (explicit) imperative reflexive iterative (past)
aux_3X_imp_ref_itr_prs,asetena,as.et.ˈen.a,auxiliary-form: 3rd (explicit) imperative reflexive iterative (present)
aux_3X_imp_ref_itr_fut,aseteno,as.et.ˈen.o,auxiliary-form: 3rd (explicit) imperative reflexive iterative (future)
aux_3X_imp_ref_inc_pst,aseteye,as.et.ˈej.e,auxiliary-form: 3rd (explicit) imperative reflexive inceptive (past)
aux_3X_imp_ref_inc_prs,aseteya,as.et.ˈej.a,auxiliary-form: 3rd (explicit) imperative reflexive inceptive (present)
aux_3X_imp_ref_inc_fut,aseteyo,as.et.ˈej.o,auxiliary-form: 3rd (explicit) imperative reflexive inceptive (future)
aux_3X_imp_ref_ces_pst,asetepe,as.et.ˈep.e,auxiliary-form: 3rd (explicit) imperative reflexive cessative (past)
aux_3X_imp_ref_ces_prs,asetepa,as.et.ˈep.a,auxiliary-form: 3rd (explicit) imperative reflexive cessative (present)
aux_3X_imp_ref_ces_fut,asetepo,as.et.ˈep.o,auxiliary-form: 3rd (explicit) imperative reflexive cessative (future)
aux_3X_imp_ref_rem_pst,asetehe,as.et.ˈeh.e,auxiliary-form: 3rd (explicit) imperative reflexive remote (past)
aux_3X_imp_ref_rem_prs,aseteha,as.et.ˈeh.a,auxiliary-form: 3rd (explicit) imperative reflexive remote (present)
aux_3X_imp_ref_rem_fut,aseteho,as.et.ˈeh.o,auxiliary-form: 3rd (explicit) imperative reflexive remote (future)
aux_3X_imp_pas_sim_pst,asepafe,as.ep.ˈaf.e,auxiliary-form: 3rd (explicit) imperative passive simple (past)
aux_3X_imp_pas_sim_prs,asepafa,as.ep.ˈaf.a,auxiliary-form: 3rd (explicit) imperative passive simple (present)
aux_3X_imp_pas_sim_fut,asepafo,as.ep.ˈaf.o,auxiliary-form: 3rd (explicit) imperative passive simple (future)
aux_3X_imp_pas_ipf_pst,asepathe,as.ep.ˈaθ.e,auxiliary-form: 3rd (explicit) imperative passive imperfective (past)
aux_3X_imp_pas_ipf_prs,asepatha,as.ep.ˈaθ.a,auxiliary-form: 3rd (explicit) imperative passive imperfective (present)
aux_3X_imp_pas_ipf_fut,asepatho,as.ep.ˈaθ.o,auxiliary-form: 3rd (explicit) imperative passive imperfective (future)
aux_3X_imp_pas_prf_pst,asepalhe,as.ep.ˈaɬ.e,auxiliary-form: 3rd (explicit) imperative passive perfect (past)
aux_3X_imp_pas_prf_prs,asepalha,as.ep.ˈaɬ.a,auxiliary-form: 3rd (explicit) imperative passive perfect (present)
aux_3X_imp_pas_prf_fut,asepalho,as.ep.ˈaɬ.o,auxiliary-form: 3rd (explicit) imperative passive perfect (future)
aux_3X_imp_pas_nea_pst,asepatle,as.ep.ˈaƛ.e,auxiliary-form: 3rd (explicit) imperative passive near (past)
aux_3X_imp_pas_nea_prs,asepatla,as.ep.ˈaƛ.a,auxiliary-form: 3rd (explicit) imperative passive near (present)
aux_3X_imp_pas_nea_fut,asepatlo,as.ep.ˈaƛ.o,auxiliary-form: 3rd (explicit) imperative passive near (future)
aux_3X_imp_pas_imm_pst,asepake,as.ep.ˈak.e,auxiliary-form: 3rd (explicit) imperative passive immediate (past)
aux_3X_imp_pas_imm_prs,asepaka,as.ep.ˈak.a,auxiliary-form: 3rd (explicit) imperative passive immediate (present)
aux_3X_imp_pas_imm_fut,asepako,as.ep.ˈak.o,auxiliary-form: 3rd (explicit) imperative passive immediate (future)
aux_3X_imp_pas_hab_pst,asepame,as.ep.ˈam.e,auxiliary-form: 3rd (explicit) imperative passive habitual (past)
aux_3X_imp_pas_hab_prs,asepama,as.ep.ˈam.a,auxiliary-form: 3rd (explicit) imperative passive habitual (present)
aux_3X_imp_pas_hab_fut,asepamo,as.ep.ˈam.o,auxiliary-form: 3rd (explicit) imperative passive habitual (future)
aux_3X_imp_pas_pro_pst,asepase,as.ep.ˈas.e,auxiliary-form: 3rd (explicit) imperative passive progressive (past)
aux_3X_imp_pas_pro_prs,asepasa,as.ep.ˈas.a,auxiliary-form: 3rd (explicit) imperative passive progressive (present)
aux_3X_imp_pas_pro_fut,asepaso,as.ep.ˈas.o,auxiliary-form: 3rd (explicit) imperative passive progressive (future)
aux_3X_imp_pas_cnt_pst,asepashe,as.ep.ˈaʃ.e,auxiliary-form: 3rd (explicit) imperative passive continuous (past)
aux_3X_imp_pas_cnt_prs,asepasha,as.ep.ˈaʃ.a,auxiliary-form: 3rd (explicit) imperative passive continuous (present)
aux_3X_imp_pas_cnt_fut,asepasho,as.ep.ˈaʃ.o,auxiliary-form: 3rd (explicit) imperative passive continuous (future)
aux_3X_imp_pas_itr_pst,asepane,as.ep.ˈan.e,auxiliary-form: 3rd (explicit) imperative passive iterative (past)
aux_3X_imp_pas_itr_prs,asepana,as.ep.ˈan.a,auxiliary-form: 3rd (explicit) imperative passive iterative (present)
aux_3X_imp_pas_itr_fut,asepano,as.ep.ˈan.o,auxiliary-form: 3rd (explicit) imperative passive iterative (future)
aux_3X_imp_pas_inc_pst,asepaye,as.ep.ˈaj.e,auxiliary-form: 3rd (explicit) imperative passive inceptive (past)
aux_3X_imp_pas_inc_prs,asepaya,as.ep.ˈaj.a,auxiliary-form: 3rd (explicit) imperative passive inceptive (present)
aux_3X_imp_pas_inc_fut,asepayo,as.ep.ˈaj.o,auxiliary-form: 3rd (explicit) imperative passive inceptive (future)
aux_3X_imp_pas_ces_pst,asepape,as.ep.ˈap.e,auxiliary-form: 3rd (explicit) imperative passive cessative (past)
aux_3X_imp_pas_ces_prs,asepapa,as.ep.ˈap.a,auxiliary-form: 3rd (explicit) imperative passive cessative (present)
aux_3X_imp_pas_ces_fut,asepapo,as.ep.ˈap.o,auxiliary-form: 3rd (explicit) imperative passive cessative (future)
aux_3X_imp_pas_rem_pst,asepahe,as.ep.ˈah.e,auxiliary-form: 3rd (explicit) imperative passive remote (past)
aux_3X_imp_pas_rem_prs,asepaha,as.ep.ˈah.a,auxiliary-form: 3rd (explicit) imperative passive remote (present)
aux_3X_imp_pas_rem_fut,asepaho,as.ep.ˈah.o,auxiliary-form: 3rd (explicit) imperative passive remote (future)
aux_3X_imp_mid_sim_pst,asemofe,as.em.ˈof.e,auxiliary-form: 3rd (explicit) imperative middle simple (past)
aux_3X_imp_mid_sim_prs,asemofa,as.em.ˈof.a,auxiliary-form: 3rd (explicit) imperative middle simple (present)
aux_3X_imp_mid_sim_fut,asemofo,as.em.ˈof.o,auxiliary-form: 3rd (explicit) imperative middle simple (future)
aux_3X_imp_mid_ipf_pst,asemothe,as.em.ˈoθ.e,auxiliary-form: 3rd (explicit) imperative middle imperfective (past)
aux_3X_imp_mid_ipf_prs,asemotha,as.em.ˈoθ.a,auxiliary-form: 3rd (explicit) imperative middle imperfective (present)
aux_3X_imp_mid_ipf_fut,asemotho,as.em.ˈoθ.o,auxiliary-form: 3rd (explicit) imperative middle imperfective (future)
aux_3X_imp_mid_prf_pst,asemolhe,as.em.ˈoɬ.e,auxiliary-form: 3rd (explicit) imperative middle perfect (past)
aux_3X_imp_mid_prf_prs,asemolha,as.em.ˈoɬ.a,auxiliary-form: 3rd (explicit) imperative middle perfect (present)
aux_3X_imp_mid_prf_fut,asemolho,as.em.ˈoɬ.o,auxiliary-form: 3rd (explicit) imperative middle perfect (future)
aux_3X_imp_mid_nea_pst,asemotle,as.em.ˈoƛ.e,auxiliary-form: 3rd (explicit) imperative middle near (past)
aux_3X_imp_mid_nea_prs,asemotla,as.em.ˈoƛ.a,auxiliary-form: 3rd (explicit) imperative middle near (present)
aux_3X_imp_mid_nea_fut,asemotlo,as.em.ˈoƛ.o,auxiliary-form: 3rd (explicit) imperative middle near (future)
aux_3X_imp_mid_imm_pst,asemoke,as.em.ˈok.e,auxiliary-form: 3rd (explicit) imperative middle immediate (past)
aux_3X_imp_mid_imm_prs,asemoka,as.em.ˈok.a,auxiliary-form: 3rd (explicit) imperative middle immediate (present)
aux_3X_imp_mid_imm_fut,asemoko,as.em.ˈok.o,auxiliary-form: 3rd (explicit) imperative middle immediate (future)
aux_3X_imp_mid_hab_pst,asemome,as.em.ˈom.e,auxiliary-form: 3rd (explicit) imperative middle habitual (past)
aux_3X_imp_mid_hab_prs,asemoma,as.em.ˈom.a,auxiliary-form: 3rd (explicit) imperative middle habitual (present)
aux_3X_imp_mid_hab_fut,asemomo,as.em.ˈom.o,auxiliary-form: 3rd (explicit) imperative middle habitual (future)
aux_3X_imp_mid_pro_pst,asemose,as.em.ˈos.e,auxiliary-form: 3rd (explicit) imperative middle progressive (past)
aux_3X_imp_mid_pro_prs,asemosa,as.em.ˈos.a,auxiliary-form: 3rd (explicit) imperative middle progressive (present)
aux_3X_imp_mid_pro_fut,asemoso,as.em.ˈos.o,auxiliary-form: 3rd (explicit) imperative middle progressive (future)
aux_3X_imp_mid_cnt_pst,asemoshe,as.em.ˈoʃ.e,auxiliary-form: 3rd (explicit) imperative middle continuous (past)
aux_3X_imp_mid_cnt_prs,asemosha,as.em.ˈoʃ.a,auxiliary-form: 3rd (explicit) imperative middle continuous (present)
aux_3X_imp_mid_cnt_fut,asemosho,as.em.ˈoʃ.o,auxiliary-form: 3rd (explicit) imperative middle continuous (future)
aux_3X_imp_mid_itr_pst,asemone,as.em.ˈon.e,auxiliary-form: 3rd (explicit) imperative middle iterative (past)
aux_3X_imp_mid_itr_prs,asemona,as.em.ˈon.a,auxiliary-form: 3rd (explicit) imperative middle iterative (present)
aux_3X_imp_mid_itr_fut,asemono,as.em.ˈon.o,auxiliary-form: 3rd (explicit) imperative middle iterative (future)
aux_3X_imp_mid_inc_pst,asemoye,as.em.ˈoj.e,auxiliary-form: 3rd (explicit) imperative middle inceptive (past)
aux_3X_imp_mid_inc_prs,asemoya,as.em.ˈoj.a,auxiliary-form: 3rd (explicit) imperative middle inceptive (present)
aux_3X_imp_mid_inc_fut,asemoyo,as.em.ˈoj.o,auxiliary-form: 3rd (explicit) imperative middle inceptive (future)
aux_3X_imp_mid_ces_pst,asemope,as.em.ˈop.e,auxiliary-form: 3rd (explicit) imperative middle cessative (past)
aux_3X_imp_mid_ces_prs,asemopa,as.em.ˈop.a,auxiliary-form: 3rd (explicit) imperative middle cessative (present)
aux_3X_imp_mid_ces_fut,asemopo,as.em.ˈop.o,auxiliary-form: 3rd (explicit) imperative middle cessative (future)
aux_3X_imp_mid_rem_pst,asemohe,as.em.ˈoh.e,auxiliary-form: 3rd (explicit) imperative middle remote (past)
aux_3X_imp_mid_rem_prs,asemoha,as.em.ˈoh.a,auxiliary-form: 3rd (explicit) imperative middle remote (present)
aux_3X_imp_mid_rem_fut,asemoho,as.em.ˈoh.o,auxiliary-form: 3rd (explicit) imperative middle remote (future)
aux_3X_imp_cau_sim_pst,asekefe,as.ek.ˈef.e,auxiliary-form: 3rd (explicit) imperative causative simple (past)
aux_3X_imp_cau_sim_prs,asekefa,as.ek.ˈef.a,auxiliary-form: 3rd (explicit) imperative causative simple (present)
aux_3X_imp_cau_sim_fut,asekefo,as.ek.ˈef.o,auxiliary-form: 3rd (explicit) imperative causative simple (future)
aux_3X_imp_cau_ipf_pst,asekethe,as.ek.ˈeθ.e,auxiliary-form: 3rd (explicit) imperative causative imperfective (past)
aux_3X_imp_cau_ipf_prs,aseketha,as.ek.ˈeθ.a,auxiliary-form: 3rd (explicit) imperative causative imperfective (present)
aux_3X_imp_cau_ipf_fut,aseketho,as.ek.ˈeθ.o,auxiliary-form: 3rd (explicit) imperative causative imperfective (future)
aux_3X_imp_cau_prf_pst,asekelhe,as.ek.ˈeɬ.e,auxiliary-form: 3rd (explicit) imperative causative perfect (past)
aux_3X_imp_cau_prf_prs,asekelha,as.ek.ˈeɬ.a,auxiliary-form: 3rd (explicit) imperative causative perfect (present)
aux_3X_imp_cau_prf_fut,asekelho,as.ek.ˈeɬ.o,auxiliary-form: 3rd (explicit) imperative causative perfect (future)
aux_3X_imp_cau_nea_pst,aseketle,as.ek.ˈeƛ.e,auxiliary-form: 3rd (explicit) imperative causative near (past)
aux_3X_imp_cau_nea_prs,aseketla,as.ek.ˈeƛ.a,auxiliary-form: 3rd (explicit) imperative causative near (present)
aux_3X_imp_cau_nea_fut,aseketlo,as.ek.ˈeƛ.o,auxiliary-form: 3rd (explicit) imperative causative near (future)
aux_3X_imp_cau_imm_pst,asekeke,as.ek.ˈek.e,auxiliary-form: 3rd (explicit) imperative causative immediate (past)
aux_3X_imp_cau_imm_prs,asekeka,as.ek.ˈek.a,auxiliary-form: 3rd (explicit) imperative causative immediate (present)
aux_3X_imp_cau_imm_fut,asekeko,as.ek.ˈek.o,auxiliary-form: 3rd (explicit) imperative causative immediate (future)
aux_3X_imp_cau_hab_pst,asekeme,as.ek.ˈem.e,auxiliary-form: 3rd (explicit) imperative causative habitual (past)
aux_3X_imp_cau_hab_prs,asekema,as.ek.ˈem.a,auxiliary-form: 3rd (explicit) imperative causative habitual (present)
aux_3X_imp_cau_hab_fut,asekemo,as.ek.ˈem.o,auxiliary-form: 3rd (explicit) imperative causative habitual (future)
aux_3X_imp_cau_pro_pst,asekese,as.ek.ˈes.e,auxiliary-form: 3rd (explicit) imperative causative progressive (past)
aux_3X_imp_cau_pro_prs,asekesa,as.ek.ˈes.a,auxiliary-form: 3rd (explicit) imperative causative progressive (present)
aux_3X_imp_cau_pro_fut,asekeso,as.ek.ˈes.o,auxiliary-form: 3rd (explicit) imperative causative progressive (future)
aux_3X_imp_cau_cnt_pst,asekeshe,as.ek.ˈeʃ.e,auxiliary-form: 3rd (explicit) imperative causative continuous (past)
aux_3X_imp_cau_cnt_prs,asekesha,as.ek.ˈeʃ.a,auxiliary-form: 3rd (explicit) imperative causative continuous (present)
aux_3X_imp_cau_cnt_fut,asekesho,as.ek.ˈeʃ.o,auxiliary-form: 3rd (explicit) imperative causative continuous (future)
aux_3X_imp_cau_itr_pst,asekene,as.ek.ˈen.e,auxiliary-form: 3rd (explicit) imperative causative iterative (past)
aux_3X_imp_cau_itr_prs,asekena,as.ek.ˈen.a,auxiliary-form: 3rd (explicit) imperative causative iterative (present)
aux_3X_imp_cau_itr_fut,asekeno,as.ek.ˈen.o,auxiliary-form: 3rd (explicit) imperative causative iterative (future)
aux_3X_imp_cau_inc_pst,asekeye,as.ek.ˈej.e,auxiliary-form: 3rd (explicit) imperative causative inceptive (past)
aux_3X_imp_cau_inc_prs,asekeya,as.ek.ˈej.a,auxiliary-form: 3rd (explicit) imperative causative inceptive (present)
aux_3X_imp_cau_inc_fut,asekeyo,as.ek.ˈej.o,auxiliary-form: 3rd (explicit) imperative causative inceptive (future)
aux_3X_imp_cau_ces_pst,asekepe,as.ek.ˈep.e,auxiliary-form: 3rd (explicit) imperative causative cessative (past)
aux_3X_imp_cau_ces_prs,asekepa,as.ek.ˈep.a,auxiliary-form: 3rd (explicit) imperative causative cessative (present)
aux_3X_imp_cau_ces_fut,asekepo,as.ek.ˈep.o,auxiliary-form: 3rd (explicit) imperative causative cessative (future)
aux_3X_imp_cau_rem_pst,asekehe,as.ek.ˈeh.e,auxiliary-form: 3rd (explicit) imperative causative remote (past)
aux_3X_imp_cau_rem_prs,asekeha,as.ek.ˈeh.a,auxiliary-form: 3rd (explicit) imperative causative remote (present)
aux_3X_imp_cau_rem_fut,asekeho,as.ek.ˈeh.o,auxiliary-form: 3rd (explicit) imperative causative remote (future)
aux_3X_imp_rec_sim_pst,aserafe,as.er.ˈaf.e,auxiliary-form: 3rd (explicit) imperative reciprocal simple (past)
aux_3X_imp_rec_sim_prs,aserafa,as.er.ˈaf.a,auxiliary-form: 3rd (explicit) imperative reciprocal simple (present)
aux_3X_imp_rec_sim_fut,aserafo,as.er.ˈaf.o,auxiliary-form: 3rd (explicit) imperative reciprocal simple (future)
aux_3X_imp_rec_ipf_pst,aserathe,as.er.ˈaθ.e,auxiliary-form: 3rd (explicit) imperative reciprocal imperfective (past)
aux_3X_imp_rec_ipf_prs,aseratha,as.er.ˈaθ.a,auxiliary-form: 3rd (explicit) imperative reciprocal imperfective (present)
aux_3X_imp_rec_ipf_fut,aseratho,as.er.ˈaθ.o,auxiliary-form: 3rd (explicit) imperative reciprocal imperfective (future)
aux_3X_imp_rec_prf_pst,aseralhe,as.er.ˈaɬ.e,auxiliary-form: 3rd (explicit) imperative reciprocal perfect (past)
aux_3X_imp_rec_prf_prs,aseralha,as.er.ˈaɬ.a,auxiliary-form: 3rd (explicit) imperative reciprocal perfect (present)
aux_3X_imp_rec_prf_fut,aseralho,as.er.ˈaɬ.o,auxiliary-form: 3rd (explicit) imperative reciprocal perfect (future)
aux_3X_imp_rec_nea_pst,aseratle,as.er.ˈaƛ.e,auxiliary-form: 3rd (explicit) imperative reciprocal near (past)
aux_3X_imp_rec_nea_prs,aseratla,as.er.ˈaƛ.a,auxiliary-form: 3rd (explicit) imperative reciprocal near (present)
aux_3X_imp_rec_nea_fut,aseratlo,as.er.ˈaƛ.o,auxiliary-form: 3rd (explicit) imperative reciprocal near (future)
aux_3X_imp_rec_imm_pst,aserake,as.er.ˈak.e,auxiliary-form: 3rd (explicit) imperative reciprocal immediate (past)
aux_3X_imp_rec_imm_prs,aseraka,as.er.ˈak.a,auxiliary-form: 3rd (explicit) imperative reciprocal immediate (present)
aux_3X_imp_rec_imm_fut,aserako,as.er.ˈak.o,auxiliary-form: 3rd (explicit) imperative reciprocal immediate (future)
aux_3X_imp_rec_hab_pst,aserame,as.er.ˈam.e,auxiliary-form: 3rd (explicit) imperative reciprocal habitual (past)
aux_3X_imp_rec_hab_prs,aserama,as.er.ˈam.a,auxiliary-form: 3rd (explicit) imperative reciprocal habitual (present)
aux_3X_imp_rec_hab_fut,aseramo,as.er.ˈam.o,auxiliary-form: 3rd (explicit) imperative reciprocal habitual (future)
aux_3X_imp_rec_pro_pst,aserase,as.er.ˈas.e,auxiliary-form: 3rd (explicit) imperative reciprocal progressive (past)
aux_3X_imp_rec_pro_prs,aserasa,as.er.ˈas.a,auxiliary-form: 3rd (explicit) imperative reciprocal progressive (present)
aux_3X_imp_rec_pro_fut,aseraso,as.er.ˈas.o,auxiliary-form: 3rd (explicit) imperative reciprocal progressive (future)
aux_3X_imp_rec_cnt_pst,aserashe,as.er.ˈaʃ.e,auxiliary-form: 3rd (explicit) imperative reciprocal continuous (past)
aux_3X_imp_rec_cnt_prs,aserasha,as.er.ˈaʃ.a,auxiliary-form: 3rd (explicit) imperative reciprocal continuous (present)
aux_3X_imp_rec_cnt_fut,aserasho,as.er.ˈaʃ.o,auxiliary-form: 3rd (explicit) imperative reciprocal continuous (future)
aux_3X_imp_rec_itr_pst,aserane,as.er.ˈan.e,auxiliary-form: 3rd (explicit) imperative reciprocal iterative (past)
aux_3X_imp_rec_itr_prs,aserana,as.er.ˈan.a,auxiliary-form: 3rd (explicit) imperative reciprocal iterative (present)
aux_3X_imp_rec_itr_fut,aserano,as.er.ˈan.o,auxiliary-form: 3rd (explicit) imperative reciprocal iterative (future)
aux_3X_imp_rec_inc_pst,aseraye,as.er.ˈaj.e,auxiliary-form: 3rd (explicit) imperative reciprocal inceptive (past)
aux_3X_imp_rec_inc_prs,aseraya,as.er.ˈaj.a,auxiliary-form: 3rd (explicit) imperative reciprocal inceptive (present)
aux_3X_imp_rec_inc_fut,aserayo,as.er.ˈaj.o,auxiliary-form: 3rd (explicit) imperative reciprocal inceptive (future)
aux_3X_imp_rec_ces_pst,aserape,as.er.ˈap.e,auxiliary-form: 3rd (explicit) imperative reciprocal cessative (past)
aux_3X_imp_rec_ces_prs,aserapa,as.er.ˈap.a,auxiliary-form: 3rd (explicit) imperative reciprocal cessative (present)
aux_3X_imp_rec_ces_fut,aserapo,as.er.ˈap.o,auxiliary-form: 3rd (explicit) imperative reciprocal cessative (future)
aux_3X_imp_rec_rem_pst,aserahe,as.er.ˈah.e,auxiliary-form: 3rd (explicit) imperative reciprocal remote (past)
aux_3X_imp_rec_rem_prs,aseraha,as.er.ˈah.a,auxiliary-form: 3rd (explicit) imperative reciprocal remote (present)
aux_3X_imp_rec_rem_fut,aseraho,as.er.ˈah.o,auxiliary-form: 3rd (explicit) imperative reciprocal remote (future)
aux_3X_con_sim_pst,akofe,ak.ˈof.e,auxiliary-form: 3rd (explicit) conditional simple (past)
aux_3X_con_sim_prs,akofa,ak.ˈof.a,auxiliary-form: 3rd (explicit) conditional simple (present)
aux_3X_con_sim_fut,akofo,ak.ˈof.o,auxiliary-form: 3rd (explicit) conditional simple (future)
aux_3X_con_ipf_pst,akothe,ak.ˈoθ.e,auxiliary-form: 3rd (explicit) conditional imperfective (past)
aux_3X_con_ipf_prs,akotha,ak.ˈoθ.a,auxiliary-form: 3rd (explicit) conditional imperfective (present)
aux_3X_con_ipf_fut,akotho,ak.ˈoθ.o,auxiliary-form: 3rd (explicit) conditional imperfective (future)
aux_3X_con_prf_pst,akolhe,ak.ˈoɬ.e,auxiliary-form: 3rd (explicit) conditional perfect (past)
aux_3X_con_prf_prs,akolha,ak.ˈoɬ.a,auxiliary-form: 3rd (explicit) conditional perfect (present)
aux_3X_con_prf_fut,akolho,ak.ˈoɬ.o,auxiliary-form: 3rd (explicit) conditional perfect (future)
aux_3X_con_nea_pst,akotle,ak.ˈoƛ.e,auxiliary-form: 3rd (explicit) conditional near (past)
aux_3X_con_nea_prs,akotla,ak.ˈoƛ.a,auxiliary-form: 3rd (explicit) conditional near (present)
aux_3X_con_nea_fut,akotlo,ak.ˈoƛ.o,auxiliary-form: 3rd (explicit) conditional near (future)
aux_3X_con_imm_pst,akoke,ak.ˈok.e,auxiliary-form: 3rd (explicit) conditional immediate (past)
aux_3X_con_imm_prs,akoka,ak.ˈok.a,auxiliary-form: 3rd (explicit) conditional immediate (present)
aux_3X_con_imm_fut,akoko,ak.ˈok.o,auxiliary-form: 3rd (explicit) conditional immediate (future)
aux_3X_con_hab_pst,akome,ak.ˈom.e,auxiliary-form: 3rd (explicit) conditional habitual (past)
aux_3X_con_hab_prs,akoma,ak.ˈom.a,auxiliary-form: 3rd (explicit) conditional habitual (present)
aux_3X_con_hab_fut,akomo,ak.ˈom.o,auxiliary-form: 3rd (explicit) conditional habitual (future)
aux_3X_con_pro_pst,akose,ak.ˈos.e,auxiliary-form: 3rd (explicit) conditional progressive (past)
aux_3X_con_pro_prs,akosa,ak.ˈos.a,auxiliary-form: 3rd (explicit) conditional progressive (present)
aux_3X_con_pro_fut,akoso,ak.ˈos.o,auxiliary-form: 3rd (explicit) conditional progressive (future)
aux_3X_con_cnt_pst,akoshe,ak.ˈoʃ.e,auxiliary-form: 3rd (explicit) conditional continuous (past)
aux_3X_con_cnt_prs,akosha,ak.ˈoʃ.a,auxiliary-form: 3rd (explicit) conditional continuous (present)
aux_3X_con_cnt_fut,akosho,ak.ˈoʃ.o,auxiliary-form: 3rd (explicit) conditional continuous (future)
aux_3X_con_itr_pst,akone,ak.ˈon.e,auxiliary-form: 3rd (explicit) conditional iterative (past)
aux_3X_con_itr_prs,akona,ak.ˈon.a,auxiliary-form: 3rd (explicit) conditional iterative (present)
aux_3X_con_itr_fut,akono,ak.ˈon.o,auxiliary-form: 3rd (explicit) conditional iterative (future)
aux_3X_con_inc_pst,akoye,ak.ˈoj.e,auxiliary-form: 3rd (explicit) conditional inceptive (past)
aux_3X_con_inc_prs,akoya,ak.ˈoj.a,auxiliary-form: 3rd (explicit) conditional inceptive (present)
aux_3X_con_inc_fut,akoyo,ak.ˈoj.o,auxiliary-form: 3rd (explicit) conditional inceptive (future)
aux_3X_con_ces_pst,akope,ak.ˈop.e,auxiliary-form: 3rd (explicit) conditional cessative (past)
aux_3X_con_ces_prs,akopa,ak.ˈop.a,auxiliary-form: 3rd (explicit) conditional cessative (present)
aux_3X_con_ces_fut,akopo,ak.ˈop.o,auxiliary-form: 3rd (explicit) conditional cessative (future)
aux_3X_con_rem_pst,akohe,ak.ˈoh.e,auxiliary-form: 3rd (explicit) conditional remote (past)
aux_3X_con_rem_prs,akoha,ak.ˈoh.a,auxiliary-form: 3rd (explicit) conditional remote (present)
aux_3X_con_rem_fut,akoho,ak.ˈoh.o,auxiliary-form: 3rd (explicit) conditional remote (future)
aux_3X_con_ref_sim_pst,akotefe,ak.ot.ˈef.e,auxiliary-form: 3rd (explicit) conditional reflexive simple (past)
aux_3X_con_ref_sim_prs,akotefa,ak.ot.ˈef.a,auxiliary-form: 3rd (explicit) conditional reflexive simple (present)
aux_3X_con_ref_sim_fut,akotefo,ak.ot.ˈef.o,auxiliary-form: 3rd (explicit) conditional reflexive simple (future)
aux_3X_con_ref_ipf_pst,akotethe,ak.ot.ˈeθ.e,auxiliary-form: 3rd (explicit) conditional reflexive imperfective (past)
aux_3X_con_ref_ipf_prs,akotetha,ak.ot.ˈeθ.a,auxiliary-form: 3rd (explicit) conditional reflexive imperfective (present)
aux_3X_con_ref_ipf_fut,akotetho,ak.ot.ˈeθ.o,auxiliary-form: 3rd (explicit) conditional reflexive imperfective (future)
aux_3X_con_ref_prf_pst,akotelhe,ak.ot.ˈeɬ.e,auxiliary-form: 3rd (explicit) conditional reflexive perfect (past)
aux_3X_con_ref_prf_prs,akotelha,ak.ot.ˈeɬ.a,auxiliary-form: 3rd (explicit) conditional reflexive perfect (present)
aux_3X_con_ref_prf_fut,akotelho,ak.ot.ˈeɬ.o,auxiliary-form: 3rd (explicit) conditional reflexive perfect (future)
aux_3X_con_ref_nea_pst,akotetle,ak.ot.ˈeƛ.e,auxiliary-form: 3rd (explicit) conditional reflexive near (past)
aux_3X_con_ref_nea_prs,akotetla,ak.ot.ˈeƛ.a,auxiliary-form: 3rd (explicit) conditional reflexive near (present)
aux_3X_con_ref_nea_fut,akotetlo,ak.ot.ˈeƛ.o,auxiliary-form: 3rd (explicit) conditional reflexive near (future)
aux_3X_con_ref_imm_pst,akoteke,ak.ot.ˈek.e,auxiliary-form: 3rd (explicit) conditional reflexive immediate (past)
aux_3X_con_ref_imm_prs,akoteka,ak.ot.ˈek.a,auxiliary-form: 3rd (explicit) conditional reflexive immediate (present)
aux_3X_con_ref_imm_fut,akoteko,ak.ot.ˈek.o,auxiliary-form: 3rd (explicit) conditional reflexive immediate (future)
aux_3X_con_ref_hab_pst,akoteme,ak.ot.ˈem.e,auxiliary-form: 3rd (explicit) conditional reflexive habitual (past)
aux_3X_con_ref_hab_prs,akotema,ak.ot.ˈem.a,auxiliary-form: 3rd (explicit) conditional reflexive habitual (present)
aux_3X_con_ref_hab_fut,akotemo,ak.ot.ˈem.o,auxiliary-form: 3rd (explicit) conditional reflexive habitual (future)
aux_3X_con_ref_pro_pst,akotese,ak.ot.ˈes.e,auxiliary-form: 3rd (explicit) conditional reflexive progressive (past)
aux_3X_con_ref_pro_prs,akotesa,ak.ot.ˈes.a,auxiliary-form: 3rd (explicit) conditional reflexive progressive (present)
aux_3X_con_ref_pro_fut,akoteso,ak.ot.ˈes.o,auxiliary-form: 3rd (explicit) conditional reflexive progressive (future)
aux_3X_con_ref_cnt_pst,akoteshe,ak.ot.ˈeʃ.e,auxiliary-form: 3rd (explicit) conditional reflexive continuous (past)
aux_3X_con_ref_cnt_prs,akotesha,ak.ot.ˈeʃ.a,auxiliary-form: 3rd (explicit) conditional reflexive continuous (present)
aux_3X_con_ref_cnt_fut,akotesho,ak.ot.ˈeʃ.o,auxiliary-form: 3rd (explicit) conditional reflexive continuous (future)
aux_3X_con_ref_itr_pst,akotene,ak.ot.ˈen.e,auxiliary-form: 3rd (explicit) conditional reflexive iterative (past)
aux_3X_con_ref_itr_prs,akotena,ak.ot.ˈen.a,auxiliary-form: 3rd (explicit) conditional reflexive iterative (present)
aux_3X_con_ref_itr_fut,akoteno,ak.ot.ˈen.o,auxiliary-form: 3rd (explicit) conditional reflexive iterative (future)
aux_3X_con_ref_inc_pst,akoteye,ak.ot.ˈej.e,auxiliary-form: 3rd (explicit) conditional reflexive inceptive (past)
aux_3X_con_ref_inc_prs,akoteya,ak.ot.ˈej.a,auxiliary-form: 3rd (explicit) conditional reflexive inceptive (present)
aux_3X_con_ref_inc_fut,akoteyo,ak.ot.ˈej.o,auxiliary-form: 3rd (explicit) conditional reflexive inceptive (future)
aux_3X_con_ref_ces_pst,akotepe,ak.ot.ˈep.e,auxiliary-form: 3rd (explicit) conditional reflexive cessative (past)
aux_3X_con_ref_ces_prs,akotepa,ak.ot.ˈep.a,auxiliary-form: 3rd (explicit) conditional reflexive cessative (present)
aux_3X_con_ref_ces_fut,akotepo,ak.ot.ˈep.o,auxiliary-form: 3rd (explicit) conditional reflexive cessative (future)
aux_3X_con_ref_rem_pst,akotehe,ak.ot.ˈeh.e,auxiliary-form: 3rd (explicit) conditional reflexive remote (past)
aux_3X_con_ref_rem_prs,akoteha,ak.ot.ˈeh.a,auxiliary-form: 3rd (explicit) conditional reflexive remote (present)
aux_3X_con_ref_rem_fut,akoteho,ak.ot.ˈeh.o,auxiliary-form: 3rd (explicit) conditional reflexive remote (future)
aux_3X_con_pas_sim_pst,akopafe,ak.op.ˈaf.e,auxiliary-form: 3rd (explicit) conditional passive simple (past)
aux_3X_con_pas_sim_prs,akopafa,ak.op.ˈaf.a,auxiliary-form: 3rd (explicit) conditional passive simple (present)
aux_3X_con_pas_sim_fut,akopafo,ak.op.ˈaf.o,auxiliary-form: 3rd (explicit) conditional passive simple (future)
aux_3X_con_pas_ipf_pst,akopathe,ak.op.ˈaθ.e,auxiliary-form: 3rd (explicit) conditional passive imperfective (past)
aux_3X_con_pas_ipf_prs,akopatha,ak.op.ˈaθ.a,auxiliary-form: 3rd (explicit) conditional passive imperfective (present)
aux_3X_con_pas_ipf_fut,akopatho,ak.op.ˈaθ.o,auxiliary-form: 3rd (explicit) conditional passive imperfective (future)
aux_3X_con_pas_prf_pst,akopalhe,ak.op.ˈaɬ.e,auxiliary-form: 3rd (explicit) conditional passive perfect (past)
aux_3X_con_pas_prf_prs,akopalha,ak.op.ˈaɬ.a,auxiliary-form: 3rd (explicit) conditional passive perfect (present)
aux_3X_con_pas_prf_fut,akopalho,ak.op.ˈaɬ.o,auxiliary-form: 3rd (explicit) conditional passive perfect (future)
aux_3X_con_pas_nea_pst,akopatle,ak.op.ˈaƛ.e,auxiliary-form: 3rd (explicit) conditional passive near (past)
aux_3X_con_pas_nea_prs,akopatla,ak.op.ˈaƛ.a,auxiliary-form: 3rd (explicit) conditional passive near (present)
aux_3X_con_pas_nea_fut,akopatlo,ak.op.ˈaƛ.o,auxiliary-form: 3rd (explicit) conditional passive near (future)
aux_3X_con_pas_imm_pst,akopake,ak.op.ˈak.e,auxiliary-form: 3rd (explicit) conditional passive immediate (past)
aux_3X_con_pas_imm_prs,akopaka,ak.op.ˈak.a,auxiliary-form: 3rd (explicit) conditional passive immediate (present)
aux_3X_con_pas_imm_fut,akopako,ak.op.ˈak.o,auxiliary-form: 3rd (explicit) conditional passive immediate (future)
aux_3X_con_pas_hab_pst,akopame,ak.op.ˈam.e,auxiliary-form: 3rd (explicit) conditional passive habitual (past)
aux_3X_con_pas_hab_prs,akopama,ak.op.ˈam.a,auxiliary-form: 3rd (explicit) conditional passive habitual (present)
aux_3X_con_pas_hab_fut,akopamo,ak.op.ˈam.o,auxiliary-form: 3rd (explicit) conditional passive habitual (future)
aux_3X_con_pas_pro_pst,akopase,ak.op.ˈas.e,auxiliary-form: 3rd (explicit) conditional passive progressive (past)
aux_3X_con_pas_pro_prs,akopasa,ak.op.ˈas.a,auxiliary-form: 3rd (explicit) conditional passive progressive (present)
aux_3X_con_pas_pro_fut,akopaso,ak.op.ˈas.o,auxiliary-form: 3rd (explicit) conditional passive progressive (future)
aux_3X_con_pas_cnt_pst,akopashe,ak.op.ˈaʃ.e,auxiliary-form: 3rd (explicit) conditional passive continuous (past)
aux_3X_con_pas_cnt_prs,akopasha,ak.op.ˈaʃ.a,auxiliary-form: 3rd (explicit) conditional passive continuous (present)
aux_3X_con_pas_cnt_fut,akopasho,ak.op.ˈaʃ.o,auxiliary-form: 3rd (explicit) conditional passive continuous (future)
aux_3X_con_pas_itr_pst,akopane,ak.op.ˈan.e,auxiliary-form: 3rd (explicit) conditional passive iterative (past)
aux_3X_con_pas_itr_prs,akopana,ak.op.ˈan.a,auxiliary-form: 3rd (explicit) conditional passive iterative (present)
aux_3X_con_pas_itr_fut,akopano,ak.op.ˈan.o,auxiliary-form: 3rd (explicit) conditional passive iterative (future)
aux_3X_con_pas_inc_pst,akopaye,ak.op.ˈaj.e,auxiliary-form: 3rd (explicit) conditional passive inceptive (past)
aux_3X_con_pas_inc_prs,akopaya,ak.op.ˈaj.a,auxiliary-form: 3rd (explicit) conditional passive inceptive (present)
aux_3X_con_pas_inc_fut,akopayo,ak.op.ˈaj.o,auxiliary-form: 3rd (explicit) conditional passive inceptive (future)
aux_3X_con_pas_ces_pst,akopape,ak.op.ˈap.e,auxiliary-form: 3rd (explicit) conditional passive cessative (past)
aux_3X_con_pas_ces_prs,akopapa,ak.op.ˈap.a,auxiliary-form: 3rd (explicit) conditional passive cessative (present)
aux_3X_con_pas_ces_fut,akopapo,ak.op.ˈap.o,auxiliary-form: 3rd (explicit) conditional passive cessative (future)
aux_3X_con_pas_rem_pst,akopahe,ak.op.ˈah.e,auxiliary-form: 3rd (explicit) conditional passive remote (past)
aux_3X_con_pas_rem_prs,akopaha,ak.op.ˈah.a,auxiliary-form: 3rd (explicit) conditional passive remote (present)
aux_3X_con_pas_rem_fut,akopaho,ak.op.ˈah.o,auxiliary-form: 3rd (explicit) conditional passive remote (future)
aux_3X_con_mid_sim_pst,akomofe,ak.om.ˈof.e,auxiliary-form: 3rd (explicit) conditional middle simple (past)
aux_3X_con_mid_sim_prs,akomofa,ak.om.ˈof.a,auxiliary-form: 3rd (explicit) conditional middle simple (present)
aux_3X_con_mid_sim_fut,akomofo,ak.om.ˈof.o,auxiliary-form: 3rd (explicit) conditional middle simple (future)
aux_3X_con_mid_ipf_pst,akomothe,ak.om.ˈoθ.e,auxiliary-form: 3rd (explicit) conditional middle imperfective (past)
aux_3X_con_mid_ipf_prs,akomotha,ak.om.ˈoθ.a,auxiliary-form: 3rd (explicit) conditional middle imperfective (present)
aux_3X_con_mid_ipf_fut,akomotho,ak.om.ˈoθ.o,auxiliary-form: 3rd (explicit) conditional middle imperfective (future)
aux_3X_con_mid_prf_pst,akomolhe,ak.om.ˈoɬ.e,auxiliary-form: 3rd (explicit) conditional middle perfect (past)
aux_3X_con_mid_prf_prs,akomolha,ak.om.ˈoɬ.a,auxiliary-form: 3rd (explicit) conditional middle perfect (present)
aux_3X_con_mid_prf_fut,akomolho,ak.om.ˈoɬ.o,auxiliary-form: 3rd (explicit) conditional middle perfect (future)
aux_3X_con_mid_nea_pst,akomotle,ak.om.ˈoƛ.e,auxiliary-form: 3rd (explicit) conditional middle near (past)
aux_3X_con_mid_nea_prs,akomotla,ak.om.ˈoƛ.a,auxiliary-form: 3rd (explicit) conditional middle near (present)
aux_3X_con_mid_nea_fut,akomotlo,ak.om.ˈoƛ.o,auxiliary-form: 3rd (explicit) conditional middle near (future)
aux_3X_con_mid_imm_pst,akomoke,ak.om.ˈok.e,auxiliary-form: 3rd (explicit) conditional middle immediate (past)
aux_3X_con_mid_imm_prs,akomoka,ak.om.ˈok.a,auxiliary-form: 3rd (explicit) conditional middle immediate (present)
aux_3X_con_mid_imm_fut,akomoko,ak.om.ˈok.o,auxiliary-form: 3rd (explicit) conditional middle immediate (future)
aux_3X_con_mid_hab_pst,akomome,ak.om.ˈom.e,auxiliary-form: 3rd (explicit) conditional middle habitual (past)
aux_3X_con_mid_hab_prs,akomoma,ak.om.ˈom.a,auxiliary-form: 3rd (explicit) conditional middle habitual (present)
aux_3X_con_mid_hab_fut,akomomo,ak.om.ˈom.o,auxiliary-form: 3rd (explicit) conditional middle habitual (future)
aux_3X_con_mid_pro_pst,akomose,ak.om.ˈos.e,auxiliary-form: 3rd (explicit) conditional middle progressive (past)
aux_3X_con_mid_pro_prs,akomosa,ak.om.ˈos.a,auxiliary-form: 3rd (explicit) conditional middle progressive (present)
aux_3X_con_mid_pro_fut,akomoso,ak.om.ˈos.o,auxiliary-form: 3rd (explicit) conditional middle progressive (future)
aux_3X_con_mid_cnt_pst,akomoshe,ak.om.ˈoʃ.e,auxiliary-form: 3rd (explicit) conditional middle continuous (past)
aux_3X_con_mid_cnt_prs,akomosha,ak.om.ˈoʃ.a,auxiliary-form: 3rd (explicit) conditional middle continuous (present)
aux_3X_con_mid_cnt_fut,akomosho,ak.om.ˈoʃ.o,auxiliary-form: 3rd (explicit) conditional middle continuous (future)
aux_3X_con_mid_itr_pst,akomone,ak.om.ˈon.e,auxiliary-form: 3rd (explicit) conditional middle iterative (past)
aux_3X_con_mid_itr_prs,akomona,ak.om.ˈon.a,auxiliary-form: 3rd (explicit) conditional middle iterative (present)
aux_3X_con_mid_itr_fut,akomono,ak.om.ˈon.o,auxiliary-form: 3rd (explicit) conditional middle iterative (future)
aux_3X_con_mid_inc_pst,akomoye,ak.om.ˈoj.e,auxiliary-form: 3rd (explicit) conditional middle inceptive (past)
aux_3X_con_mid_inc_prs,akomoya,ak.om.ˈoj.a,auxiliary-form: 3rd (explicit) conditional middle inceptive (present)
aux_3X_con_mid_inc_fut,akomoyo,ak.om.ˈoj.o,auxiliary-form: 3rd (explicit) conditional middle inceptive (future)
aux_3X_con_mid_ces_pst,akomope,ak.om.ˈop.e,auxiliary-form: 3rd (explicit) conditional middle cessative (past)
aux_3X_con_mid_ces_prs,akomopa,ak.om.ˈop.a,auxiliary-form: 3rd (explicit) conditional middle cessative (present)
aux_3X_con_mid_ces_fut,akomopo,ak.om.ˈop.o,auxiliary-form: 3rd (explicit) conditional middle cessative (future)
aux_3X_con_mid_rem_pst,akomohe,ak.om.ˈoh.e,auxiliary-form: 3rd (explicit) conditional middle remote (past)
aux_3X_con_mid_rem_prs,akomoha,ak.om.ˈoh.a,auxiliary-form: 3rd (explicit) conditional middle remote (present)
aux_3X_con_mid_rem_fut,akomoho,ak.om.ˈoh.o,auxiliary-form: 3rd (explicit) conditional middle remote (future)
aux_3X_con_cau_sim_pst,akokefe,ak.ok.ˈef.e,auxiliary-form: 3rd (explicit) conditional causative simple (past)
aux_3X_con_cau_sim_prs,akokefa,ak.ok.ˈef.a,auxiliary-form: 3rd (explicit) conditional causative simple (present)
aux_3X_con_cau_sim_fut,akokefo,ak.ok.ˈef.o,auxiliary-form: 3rd (explicit) conditional causative simple (future)
aux_3X_con_cau_ipf_pst,akokethe,ak.ok.ˈeθ.e,auxiliary-form: 3rd (explicit) conditional causative imperfective (past)
aux_3X_con_cau_ipf_prs,akoketha,ak.ok.ˈeθ.a,auxiliary-form: 3rd (explicit) conditional causative imperfective (present)
aux_3X_con_cau_ipf_fut,akoketho,ak.ok.ˈeθ.o,auxiliary-form: 3rd (explicit) conditional causative imperfective (future)
aux_3X_con_cau_prf_pst,akokelhe,ak.ok.ˈeɬ.e,auxiliary-form: 3rd (explicit) conditional causative perfect (past)
aux_3X_con_cau_prf_prs,akokelha,ak.ok.ˈeɬ.a,auxiliary-form: 3rd (explicit) conditional causative perfect (present)
aux_3X_con_cau_prf_fut,akokelho,ak.ok.ˈeɬ.o,auxiliary-form: 3rd (explicit) conditional causative perfect (future)
aux_3X_con_cau_nea_pst,akoketle,ak.ok.ˈeƛ.e,auxiliary-form: 3rd (explicit) conditional causative near (past)
aux_3X_con_cau_nea_prs,akoketla,ak.ok.ˈeƛ.a,auxiliary-form: 3rd (explicit) conditional causative near (present)
aux_3X_con_cau_nea_fut,akoketlo,ak.ok.ˈeƛ.o,auxiliary-form: 3rd (explicit) conditional causative near (future)
aux_3X_con_cau_imm_pst,akokeke,ak.ok.ˈek.e,auxiliary-form: 3rd (explicit) conditional causative immediate (past)
aux_3X_con_cau_imm_prs,akokeka,ak.ok.ˈek.a,auxiliary-form: 3rd (explicit) conditional causative immediate (present)
aux_3X_con_cau_imm_fut,akokeko,ak.ok.ˈek.o,auxiliary-form: 3rd (explicit) conditional causative immediate (future)
aux_3X_con_cau_hab_pst,akokeme,ak.ok.ˈem.e,auxiliary-form: 3rd (explicit) conditional causative habitual (past)
aux_3X_con_cau_hab_prs,akokema,ak.ok.ˈem.a,auxiliary-form: 3rd (explicit) conditional causative habitual (present)
aux_3X_con_cau_hab_fut,akokemo,ak.ok.ˈem.o,auxiliary-form: 3rd (explicit) conditional causative habitual (future)
aux_3X_con_cau_pro_pst,akokese,ak.ok.ˈes.e,auxiliary-form: 3rd (explicit) conditional causative progressive (past)
aux_3X_con_cau_pro_prs,akokesa,ak.ok.ˈes.a,auxiliary-form: 3rd (explicit) conditional causative progressive (present)
aux_3X_con_cau_pro_fut,akokeso,ak.ok.ˈes.o,auxiliary-form: 3rd (explicit) conditional causative progressive (future)
aux_3X_con_cau_cnt_pst,akokeshe,ak.ok.ˈeʃ.e,auxiliary-form: 3rd (explicit) conditional causative continuous (past)
aux_3X_con_cau_cnt_prs,akokesha,ak.ok.ˈeʃ.a,auxiliary-form: 3rd (explicit) conditional causative continuous (present)
aux_3X_con_cau_cnt_fut,akokesho,ak.ok.ˈeʃ.o,auxiliary-form: 3rd (explicit) conditional causative continuous (future)
aux_3X_con_cau_itr_pst,akokene,ak.ok.ˈen.e,auxiliary-form: 3rd (explicit) conditional causative iterative (past)
aux_3X_con_cau_itr_prs,akokena,ak.ok.ˈen.a,auxiliary-form: 3rd (explicit) conditional causative iterative (present)
aux_3X_con_cau_itr_fut,akokeno,ak.ok.ˈen.o,auxiliary-form: 3rd (explicit) conditional causative iterative (future)
aux_3X_con_cau_inc_pst,akokeye,ak.ok.ˈej.e,auxiliary-form: 3rd (explicit) conditional causative inceptive (past)
aux_3X_con_cau_inc_prs,akokeya,ak.ok.ˈej.a,auxiliary-form: 3rd (explicit) conditional causative inceptive (present)
aux_3X_con_cau_inc_fut,akokeyo,ak.ok.ˈej.o,auxiliary-form: 3rd (explicit) conditional causative inceptive (future)
aux_3X_con_cau_ces_pst,akokepe,ak.ok.ˈep.e,auxiliary-form: 3rd (explicit) conditional causative cessative (past)
aux_3X_con_cau_ces_prs,akokepa,ak.ok.ˈep.a,auxiliary-form: 3rd (explicit) conditional causative cessative (present)
aux_3X_con_cau_ces_fut,akokepo,ak.ok.ˈep.o,auxiliary-form: 3rd (explicit) conditional causative cessative (future)
aux_3X_con_cau_rem_pst,akokehe,ak.ok.ˈeh.e,auxiliary-form: 3rd (explicit) conditional causative remote (past)
aux_3X_con_cau_rem_prs,akokeha,ak.ok.ˈeh.a,auxiliary-form: 3rd (explicit) conditional causative remote (present)
aux_3X_con_cau_rem_fut,akokeho,ak.ok.ˈeh.o,auxiliary-form: 3rd (explicit) conditional causative remote (future)
aux_3X_con_rec_sim_pst,akorafe,ak.or.ˈaf.e,auxiliary-form: 3rd (explicit) conditional reciprocal simple (past)
aux_3X_con_rec_sim_prs,akorafa,ak.or.ˈaf.a,auxiliary-form: 3rd (explicit) conditional reciprocal simple (present)
aux_3X_con_rec_sim_fut,akorafo,ak.or.ˈaf.o,auxiliary-form: 3rd (explicit) conditional reciprocal simple (future)
aux_3X_con_rec_ipf_pst,akorathe,ak.or.ˈaθ.e,auxiliary-form: 3rd (explicit) conditional reciprocal imperfective (past)
aux_3X_con_rec_ipf_prs,akoratha,ak.or.ˈaθ.a,auxiliary-form: 3rd (explicit) conditional reciprocal imperfective (present)
aux_3X_con_rec_ipf_fut,akoratho,ak.or.ˈaθ.o,auxiliary-form: 3rd (explicit) conditional reciprocal imperfective (future)
aux_3X_con_rec_prf_pst,akoralhe,ak.or.ˈaɬ.e,auxiliary-form: 3rd (explicit) conditional reciprocal perfect (past)
aux_3X_con_rec_prf_prs,akoralha,ak.or.ˈaɬ.a,auxiliary-form: 3rd (explicit) conditional reciprocal perfect (present)
aux_3X_con_rec_prf_fut,akoralho,ak.or.ˈaɬ.o,auxiliary-form: 3rd (explicit) conditional reciprocal perfect (future)
aux_3X_con_rec_nea_pst,akoratle,ak.or.ˈaƛ.e,auxiliary-form: 3rd (explicit) conditional reciprocal near (past)
aux_3X_con_rec_nea_prs,akoratla,ak.or.ˈaƛ.a,auxiliary-form: 3rd (explicit) conditional reciprocal near (present)
aux_3X_con_rec_nea_fut,akoratlo,ak.or.ˈaƛ.o,auxiliary-form: 3rd (explicit) conditional reciprocal near (future)
aux_3X_con_rec_imm_pst,akorake,ak.or.ˈak.e,auxiliary-form: 3rd (explicit) conditional reciprocal immediate (past)
aux_3X_con_rec_imm_prs,akoraka,ak.or.ˈak.a,auxiliary-form: 3rd (explicit) conditional reciprocal immediate (present)
aux_3X_con_rec_imm_fut,akorako,ak.or.ˈak.o,auxiliary-form: 3rd (explicit) conditional reciprocal immediate (future)
aux_3X_con_rec_hab_pst,akorame,ak.or.ˈam.e,auxiliary-form: 3rd (explicit) conditional reciprocal habitual (past)
aux_3X_con_rec_hab_prs,akorama,ak.or.ˈam.a,auxiliary-form: 3rd (explicit) conditional reciprocal habitual (present)
aux_3X_con_rec_hab_fut,akoramo,ak.or.ˈam.o,auxiliary-form: 3rd (explicit) conditional reciprocal habitual (future)
aux_3X_con_rec_pro_pst,akorase,ak.or.ˈas.e,auxiliary-form: 3rd (explicit) conditional reciprocal progressive (past)
aux_3X_con_rec_pro_prs,akorasa,ak.or.ˈas.a,auxiliary-form: 3rd (explicit) conditional reciprocal progressive (present)
aux_3X_con_rec_pro_fut,akoraso,ak.or.ˈas.o,auxiliary-form: 3rd (explicit) conditional reciprocal progressive (future)
aux_3X_con_rec_cnt_pst,akorashe,ak.or.ˈaʃ.e,auxiliary-form: 3rd (explicit) conditional reciprocal continuous (past)
aux_3X_con_rec_cnt_prs,akorasha,ak.or.ˈaʃ.a,auxiliary-form: 3rd (explicit) conditional reciprocal continuous (present)
aux_3X_con_rec_cnt_fut,akorasho,ak.or.ˈaʃ.o,auxiliary-form: 3rd (explicit) conditional reciprocal continuous (future)
aux_3X_con_rec_itr_pst,akorane,ak.or.ˈan.e,auxiliary-form: 3rd (explicit) conditional reciprocal iterative (past)
aux_3X_con_rec_itr_prs,akorana,ak.or.ˈan.a,auxiliary-form: 3rd (explicit) conditional reciprocal iterative (present)
aux_3X_con_rec_itr_fut,akorano,ak.or.ˈan.o,auxiliary-form: 3rd (explicit) conditional reciprocal iterative (future)
aux_3X_con_rec_inc_pst,akoraye,ak.or.ˈaj.e,auxiliary-form: 3rd (explicit) conditional reciprocal inceptive (past)
aux_3X_con_rec_inc_prs,akoraya,ak.or.ˈaj.a,auxiliary-form: 3rd (explicit) conditional reciprocal inceptive (present)
aux_3X_con_rec_inc_fut,akorayo,ak.or.ˈaj.o,auxiliary-form: 3rd (explicit) conditional reciprocal inceptive (future)
aux_3X_con_rec_ces_pst,akorape,ak.or.ˈap.e,auxiliary-form: 3rd (explicit) conditional reciprocal cessative (past)
aux_3X_con_rec_ces_prs,akorapa,ak.or.ˈap.a,auxiliary-form: 3rd (explicit) conditional reciprocal cessative (present)
aux_3X_con_rec_ces_fut,akorapo,ak.or.ˈap.o,auxiliary-form: 3rd (explicit) conditional reciprocal cessative (future)
aux_3X_con_rec_rem_pst,akorahe,ak.or.ˈah.e,auxiliary-form: 3rd (explicit) conditional reciprocal remote (past)
aux_3X_con_rec_rem_prs,akoraha,ak.or.ˈah.a,auxiliary-form: 3rd (explicit) conditional reciprocal remote (present)
aux_3X_con_rec_rem_fut,akoraho,ak.or.ˈah.o,auxiliary-form: 3rd (explicit) conditional reciprocal remote (future)
aux_3X_ctr_sim_pst,aksofe,aks.ˈof.e,auxiliary-form: 3rd (explicit) counterfactual simple (past)
aux_3X_ctr_sim_prs,aksofa,aks.ˈof.a,auxiliary-form: 3rd (explicit) counterfactual simple (present)
aux_3X_ctr_sim_fut,aksofo,aks.ˈof.o,auxiliary-form: 3rd (explicit) counterfactual simple (future)
aux_3X_ctr_ipf_pst,aksothe,aks.ˈoθ.e,auxiliary-form: 3rd (explicit) counterfactual imperfective (past)
aux_3X_ctr_ipf_prs,aksotha,aks.ˈoθ.a,auxiliary-form: 3rd (explicit) counterfactual imperfective (present)
aux_3X_ctr_ipf_fut,aksotho,aks.ˈoθ.o,auxiliary-form: 3rd (explicit) counterfactual imperfective (future)
aux_3X_ctr_prf_pst,aksolhe,aks.ˈoɬ.e,auxiliary-form: 3rd (explicit) counterfactual perfect (past)
aux_3X_ctr_prf_prs,aksolha,aks.ˈoɬ.a,auxiliary-form: 3rd (explicit) counterfactual perfect (present)
aux_3X_ctr_prf_fut,aksolho,aks.ˈoɬ.o,auxiliary-form: 3rd (explicit) counterfactual perfect (future)
aux_3X_ctr_nea_pst,aksotle,aks.ˈoƛ.e,auxiliary-form: 3rd (explicit) counterfactual near (past)
aux_3X_ctr_nea_prs,aksotla,aks.ˈoƛ.a,auxiliary-form: 3rd (explicit) counterfactual near (present)
aux_3X_ctr_nea_fut,aksotlo,aks.ˈoƛ.o,auxiliary-form: 3rd (explicit) counterfactual near (future)
aux_3X_ctr_imm_pst,aksoke,aks.ˈok.e,auxiliary-form: 3rd (explicit) counterfactual immediate (past)
aux_3X_ctr_imm_prs,aksoka,aks.ˈok.a,auxiliary-form: 3rd (explicit) counterfactual immediate (present)
aux_3X_ctr_imm_fut,aksoko,aks.ˈok.o,auxiliary-form: 3rd (explicit) counterfactual immediate (future)
aux_3X_ctr_hab_pst,aksome,aks.ˈom.e,auxiliary-form: 3rd (explicit) counterfactual habitual (past)
aux_3X_ctr_hab_prs,aksoma,aks.ˈom.a,auxiliary-form: 3rd (explicit) counterfactual habitual (present)
aux_3X_ctr_hab_fut,aksomo,aks.ˈom.o,auxiliary-form: 3rd (explicit) counterfactual habitual (future)
aux_3X_ctr_pro_pst,aksose,aks.ˈos.e,auxiliary-form: 3rd (explicit) counterfactual progressive (past)
aux_3X_ctr_pro_prs,aksosa,aks.ˈos.a,auxiliary-form: 3rd (explicit) counterfactual progressive (present)
aux_3X_ctr_pro_fut,aksoso,aks.ˈos.o,auxiliary-form: 3rd (explicit) counterfactual progressive (future)
aux_3X_ctr_cnt_pst,aksoshe,aks.ˈoʃ.e,auxiliary-form: 3rd (explicit) counterfactual continuous (past)
aux_3X_ctr_cnt_prs,aksosha,aks.ˈoʃ.a,auxiliary-form: 3rd (explicit) counterfactual continuous (present)
aux_3X_ctr_cnt_fut,aksosho,aks.ˈoʃ.o,auxiliary-form: 3rd (explicit) counterfactual continuous (future)
aux_3X_ctr_itr_pst,aksone,aks.ˈon.e,auxiliary-form: 3rd (explicit) counterfactual iterative (past)
aux_3X_ctr_itr_prs,aksona,aks.ˈon.a,auxiliary-form: 3rd (explicit) counterfactual iterative (present)
aux_3X_ctr_itr_fut,aksono,aks.ˈon.o,auxiliary-form: 3rd (explicit) counterfactual iterative (future)
aux_3X_ctr_inc_pst,aksoye,aks.ˈoj.e,auxiliary-form: 3rd (explicit) counterfactual inceptive (past)
aux_3X_ctr_inc_prs,aksoya,aks.ˈoj.a,auxiliary-form: 3rd (explicit) counterfactual inceptive (present)
aux_3X_ctr_inc_fut,aksoyo,aks.ˈoj.o,auxiliary-form: 3rd (explicit) counterfactual inceptive (future)
aux_3X_ctr_ces_pst,aksope,aks.ˈop.e,auxiliary-form: 3rd (explicit) counterfactual cessative (past)
aux_3X_ctr_ces_prs,aksopa,aks.ˈop.a,auxiliary-form: 3rd (explicit) counterfactual cessative (present)
aux_3X_ctr_ces_fut,aksopo,aks.ˈop.o,auxiliary-form: 3rd (explicit) counterfactual cessative (future)
aux_3X_ctr_rem_pst,aksohe,aks.ˈoh.e,auxiliary-form: 3rd (explicit) counterfactual remote (past)
aux_3X_ctr_rem_prs,aksoha,aks.ˈoh.a,auxiliary-form: 3rd (explicit) counterfactual remote (present)
aux_3X_ctr_rem_fut,aksoho,aks.ˈoh.o,auxiliary-form: 3rd (explicit) counterfactual remote (future)
aux_3X_ctr_ref_sim_pst,aksotefe,aks.ot.ˈef.e,auxiliary-form: 3rd (explicit) counterfactual reflexive simple (past)
aux_3X_ctr_ref_sim_prs,aksotefa,aks.ot.ˈef.a,auxiliary-form: 3rd (explicit) counterfactual reflexive simple (present)
aux_3X_ctr_ref_sim_fut,aksotefo,aks.ot.ˈef.o,auxiliary-form: 3rd (explicit) counterfactual reflexive simple (future)
aux_3X_ctr_ref_ipf_pst,aksotethe,aks.ot.ˈeθ.e,auxiliary-form: 3rd (explicit) counterfactual reflexive imperfective (past)
aux_3X_ctr_ref_ipf_prs,aksotetha,aks.ot.ˈeθ.a,auxiliary-form: 3rd (explicit) counterfactual reflexive imperfective (present)
aux_3X_ctr_ref_ipf_fut,aksotetho,aks.ot.ˈeθ.o,auxiliary-form: 3rd (explicit) counterfactual reflexive imperfective (future)
aux_3X_ctr_ref_prf_pst,aksotelhe,aks.ot.ˈeɬ.e,auxiliary-form: 3rd (explicit) counterfactual reflexive perfect (past)
aux_3X_ctr_ref_prf_prs,aksotelha,aks.ot.ˈeɬ.a,auxiliary-form: 3rd (explicit) counterfactual reflexive perfect (present)
aux_3X_ctr_ref_prf_fut,aksotelho,aks.ot.ˈeɬ.o,auxiliary-form: 3rd (explicit) counterfactual reflexive perfect (future)
aux_3X_ctr_ref_nea_pst,aksotetle,aks.ot.ˈeƛ.e,auxiliary-form: 3rd (explicit) counterfactual reflexive near (past)
aux_3X_ctr_ref_nea_prs,aksotetla,aks.ot.ˈeƛ.a,auxiliary-form: 3rd (explicit) counterfactual reflexive near (present)
aux_3X_ctr_ref_nea_fut,aksotetlo,aks.ot.ˈeƛ.o,auxiliary-form: 3rd (explicit) counterfactual reflexive near (future)
aux_3X_ctr_ref_imm_pst,aksoteke,aks.ot.ˈek.e,auxiliary-form: 3rd (explicit) counterfactual reflexive immediate (past)
aux_3X_ctr_ref_imm_prs,aksoteka,aks.ot.ˈek.a,auxiliary-form: 3rd (explicit) counterfactual reflexive immediate (present)
aux_3X_ctr_ref_imm_fut,aksoteko,aks.ot.ˈek.o,auxiliary-form: 3rd (explicit) counterfactual reflexive immediate (future)
aux_3X_ctr_ref_hab_pst,aksoteme,aks.ot.ˈem.e,auxiliary-form: 3rd (explicit) counterfactual reflexive habitual (past)
aux_3X_ctr_ref_hab_prs,aksotema,aks.ot.ˈem.a,auxiliary-form: 3rd (explicit) counterfactual reflexive habitual (present)
aux_3X_ctr_ref_hab_fut,aksotemo,aks.ot.ˈem.o,auxiliary-form: 3rd (explicit) counterfactual reflexive habitual (future)
aux_3X_ctr_ref_pro_pst,aksotese,aks.ot.ˈes.e,auxiliary-form: 3rd (explicit) counterfactual reflexive progressive (past)
aux_3X_ctr_ref_pro_prs,aksotesa,aks.ot.ˈes.a,auxiliary-form: 3rd (explicit) counterfactual reflexive progressive (present)
aux_3X_ctr_ref_pro_fut,aksoteso,aks.ot.ˈes.o,auxiliary-form: 3rd (explicit) counterfactual reflexive progressive (future)
aux_3X_ctr_ref_cnt_pst,aksoteshe,aks.ot.ˈeʃ.e,auxiliary-form: 3rd (explicit) counterfactual reflexive continuous (past)
aux_3X_ctr_ref_cnt_prs,aksotesha,aks.ot.ˈeʃ.a,auxiliary-form: 3rd (explicit) counterfactual reflexive continuous (present)
aux_3X_ctr_ref_cnt_fut,aksotesho,aks.ot.ˈeʃ.o,auxiliary-form: 3rd (explicit) counterfactual reflexive continuous (future)
aux_3X_ctr_ref_itr_pst,aksotene,aks.ot.ˈen.e,auxiliary-form: 3rd (explicit) counterfactual reflexive iterative (past)
aux_3X_ctr_ref_itr_prs,aksotena,aks.ot.ˈen.a,auxiliary-form: 3rd (explicit) counterfactual reflexive iterative (present)
aux_3X_ctr_ref_itr_fut,aksoteno,aks.ot.ˈen.o,auxiliary-form: 3rd (explicit) counterfactual reflexive iterative (future)
aux_3X_ctr_ref_inc_pst,aksoteye,aks.ot.ˈej.e,auxiliary-form: 3rd (explicit) counterfactual reflexive inceptive (past)
aux_3X_ctr_ref_inc_prs,aksoteya,aks.ot.ˈej.a,auxiliary-form: 3rd (explicit) counterfactual reflexive inceptive (present)
aux_3X_ctr_ref_inc_fut,aksoteyo,aks.ot.ˈej.o,auxiliary-form: 3rd (explicit) counterfactual reflexive inceptive (future)
aux_3X_ctr_ref_ces_pst,aksotepe,aks.ot.ˈep.e,auxiliary-form: 3rd (explicit) counterfactual reflexive cessative (past)
aux_3X_ctr_ref_ces_prs,aksotepa,aks.ot.ˈep.a,auxiliary-form: 3rd (explicit) counterfactual reflexive cessative (present)
aux_3X_ctr_ref_ces_fut,aksotepo,aks.ot.ˈep.o,auxiliary-form: 3rd (explicit) counterfactual reflexive cessative (future)
aux_3X_ctr_ref_rem_pst,aksotehe,aks.ot.ˈeh.e,auxiliary-form: 3rd (explicit) counterfactual reflexive remote (past)
aux_3X_ctr_ref_rem_prs,aksoteha,aks.ot.ˈeh.a,auxiliary-form: 3rd (explicit) counterfactual reflexive remote (present)
aux_3X_ctr_ref_rem_fut,aksoteho,aks.ot.ˈeh.o,auxiliary-form: 3rd (explicit) counterfactual reflexive remote (future)
aux_3X_ctr_pas_sim_pst,aksopafe,aks.op.ˈaf.e,auxiliary-form: 3rd (explicit) counterfactual passive simple (past)
aux_3X_ctr_pas_sim_prs,aksopafa,aks.op.ˈaf.a,auxiliary-form: 3rd (explicit) counterfactual passive simple (present)
aux_3X_ctr_pas_sim_fut,aksopafo,aks.op.ˈaf.o,auxiliary-form: 3rd (explicit) counterfactual passive simple (future)
aux_3X_ctr_pas_ipf_pst,aksopathe,aks.op.ˈaθ.e,auxiliary-form: 3rd (explicit) counterfactual passive imperfective (past)
aux_3X_ctr_pas_ipf_prs,aksopatha,aks.op.ˈaθ.a,auxiliary-form: 3rd (explicit) counterfactual passive imperfective (present)
aux_3X_ctr_pas_ipf_fut,aksopatho,aks.op.ˈaθ.o,auxiliary-form: 3rd (explicit) counterfactual passive imperfective (future)
aux_3X_ctr_pas_prf_pst,aksopalhe,aks.op.ˈaɬ.e,auxiliary-form: 3rd (explicit) counterfactual passive perfect (past)
aux_3X_ctr_pas_prf_prs,aksopalha,aks.op.ˈaɬ.a,auxiliary-form: 3rd (explicit) counterfactual passive perfect (present)
aux_3X_ctr_pas_prf_fut,aksopalho,aks.op.ˈaɬ.o,auxiliary-form: 3rd (explicit) counterfactual passive perfect (future)
aux_3X_ctr_pas_nea_pst,aksopatle,aks.op.ˈaƛ.e,auxiliary-form: 3rd (explicit) counterfactual passive near (past)
aux_3X_ctr_pas_nea_prs,aksopatla,aks.op.ˈaƛ.a,auxiliary-form: 3rd (explicit) counterfactual passive near (present)
aux_3X_ctr_pas_nea_fut,aksopatlo,aks.op.ˈaƛ.o,auxiliary-form: 3rd (explicit) counterfactual passive near (future)
aux_3X_ctr_pas_imm_pst,aksopake,aks.op.ˈak.e,auxiliary-form: 3rd (explicit) counterfactual passive immediate (past)
aux_3X_ctr_pas_imm_prs,aksopaka,aks.op.ˈak.a,auxiliary-form: 3rd (explicit) counterfactual passive immediate (present)
aux_3X_ctr_pas_imm_fut,aksopako,aks.op.ˈak.o,auxiliary-form: 3rd (explicit) counterfactual passive immediate (future)
aux_3X_ctr_pas_hab_pst,aksopame,aks.op.ˈam.e,auxiliary-form: 3rd (explicit) counterfactual passive habitual (past)
aux_3X_ctr_pas_hab_prs,aksopama,aks.op.ˈam.a,auxiliary-form: 3rd (explicit) counterfactual passive habitual (present)
aux_3X_ctr_pas_hab_fut,aksopamo,aks.op.ˈam.o,auxiliary-form: 3rd (explicit) counterfactual passive habitual (future)
aux_3X_ctr_pas_pro_pst,aksopase,aks.op.ˈas.e,auxiliary-form: 3rd (explicit) counterfactual passive progressive (past)
aux_3X_ctr_pas_pro_prs,aksopasa,aks.op.ˈas.a,auxiliary-form: 3rd (explicit) counterfactual passive progressive (present)
aux_3X_ctr_pas_pro_fut,aksopaso,aks.op.ˈas.o,auxiliary-form: 3rd (explicit) counterfactual passive progressive (future)
aux_3X_ctr_pas_cnt_pst,aksopashe,aks.op.ˈaʃ.e,auxiliary-form: 3rd (explicit) counterfactual passive continuous (past)
aux_3X_ctr_pas_cnt_prs,aksopasha,aks.op.ˈaʃ.a,auxiliary-form: 3rd (explicit) counterfactual passive continuous (present)
aux_3X_ctr_pas_cnt_fut,aksopasho,aks.op.ˈaʃ.o,auxiliary-form: 3rd (explicit) counterfactual passive continuous (future)
aux_3X_ctr_pas_itr_pst,aksopane,aks.op.ˈan.e,auxiliary-form: 3rd (explicit) counterfactual passive iterative (past)
aux_3X_ctr_pas_itr_prs,aksopana,aks.op.ˈan.a,auxiliary-form: 3rd (explicit) counterfactual passive iterative (present)
aux_3X_ctr_pas_itr_fut,aksopano,aks.op.ˈan.o,auxiliary-form: 3rd (explicit) counterfactual passive iterative (future)
aux_3X_ctr_pas_inc_pst,aksopaye,aks.op.ˈaj.e,auxiliary-form: 3rd (explicit) counterfactual passive inceptive (past)
aux_3X_ctr_pas_inc_prs,aksopaya,aks.op.ˈaj.a,auxiliary-form: 3rd (explicit) counterfactual passive inceptive (present)
aux_3X_ctr_pas_inc_fut,aksopayo,aks.op.ˈaj.o,auxiliary-form: 3rd (explicit) counterfactual passive inceptive (future)
aux_3X_ctr_pas_ces_pst,aksopape,aks.op.ˈap.e,auxiliary-form: 3rd (explicit) counterfactual passive cessative (past)
aux_3X_ctr_pas_ces_prs,aksopapa,aks.op.ˈap.a,auxiliary-form: 3rd (explicit) counterfactual passive cessative (present)
aux_3X_ctr_pas_ces_fut,aksopapo,aks.op.ˈap.o,auxiliary-form: 3rd (explicit) counterfactual passive cessative (future)
aux_3X_ctr_pas_rem_pst,aksopahe,aks.op.ˈah.e,auxiliary-form: 3rd (explicit) counterfactual passive remote (past)
aux_3X_ctr_pas_rem_prs,aksopaha,aks.op.ˈah.a,auxiliary-form: 3rd (explicit) counterfactual passive remote (present)
aux_3X_ctr_pas_rem_fut,aksopaho,aks.op.ˈah.o,auxiliary-form: 3rd (explicit) counterfactual passive remote (future)
aux_3X_ctr_mid_sim_pst,aksomofe,aks.om.ˈof.e,auxiliary-form: 3rd (explicit) counterfactual middle simple (past)
aux_3X_ctr_mid_sim_prs,aksomofa,aks.om.ˈof.a,auxiliary-form: 3rd (explicit) counterfactual middle simple (present)
aux_3X_ctr_mid_sim_fut,aksomofo,aks.om.ˈof.o,auxiliary-form: 3rd (explicit) counterfactual middle simple (future)
aux_3X_ctr_mid_ipf_pst,aksomothe,aks.om.ˈoθ.e,auxiliary-form: 3rd (explicit) counterfactual middle imperfective (past)
aux_3X_ctr_mid_ipf_prs,aksomotha,aks.om.ˈoθ.a,auxiliary-form: 3rd (explicit) counterfactual middle imperfective (present)
aux_3X_ctr_mid_ipf_fut,aksomotho,aks.om.ˈoθ.o,auxiliary-form: 3rd (explicit) counterfactual middle imperfective (future)
aux_3X_ctr_mid_prf_pst,aksomolhe,aks.om.ˈoɬ.e,auxiliary-form: 3rd (explicit) counterfactual middle perfect (past)
aux_3X_ctr_mid_prf_prs,aksomolha,aks.om.ˈoɬ.a,auxiliary-form: 3rd (explicit) counterfactual middle perfect (present)
aux_3X_ctr_mid_prf_fut,aksomolho,aks.om.ˈoɬ.o,auxiliary-form: 3rd (explicit) counterfactual middle perfect (future)
aux_3X_ctr_mid_nea_pst,aksomotle,aks.om.ˈoƛ.e,auxiliary-form: 3rd (explicit) counterfactual middle near (past)
aux_3X_ctr_mid_nea_prs,aksomotla,aks.om.ˈoƛ.a,auxiliary-form: 3rd (explicit) counterfactual middle near (present)
aux_3X_ctr_mid_nea_fut,aksomotlo,aks.om.ˈoƛ.o,auxiliary-form: 3rd (explicit) counterfactual middle near (future)
aux_3X_ctr_mid_imm_pst,aksomoke,aks.om.ˈok.e,auxiliary-form: 3rd (explicit) counterfactual middle immediate (past)
aux_3X_ctr_mid_imm_prs,aksomoka,aks.om.ˈok.a,auxiliary-form: 3rd (explicit) counterfactual middle immediate (present)
aux_3X_ctr_mid_imm_fut,aksomoko,aks.om.ˈok.o,auxiliary-form: 3rd (explicit) counterfactual middle immediate (future)
aux_3X_ctr_mid_hab_pst,aksomome,aks.om.ˈom.e,auxiliary-form: 3rd (explicit) counterfactual middle habitual (past)
aux_3X_ctr_mid_hab_prs,aksomoma,aks.om.ˈom.a,auxiliary-form: 3rd (explicit) counterfactual middle habitual (present)
aux_3X_ctr_mid_hab_fut,aksomomo,aks.om.ˈom.o,auxiliary-form: 3rd (explicit) counterfactual middle habitual (future)
aux_3X_ctr_mid_pro_pst,aksomose,aks.om.ˈos.e,auxiliary-form: 3rd (explicit) counterfactual middle progressive (past)
aux_3X_ctr_mid_pro_prs,aksomosa,aks.om.ˈos.a,auxiliary-form: 3rd (explicit) counterfactual middle progressive (present)
aux_3X_ctr_mid_pro_fut,aksomoso,aks.om.ˈos.o,auxiliary-form: 3rd (explicit) counterfactual middle progressive (future)
aux_3X_ctr_mid_cnt_pst,aksomoshe,aks.om.ˈoʃ.e,auxiliary-form: 3rd (explicit) counterfactual middle continuous (past)
aux_3X_ctr_mid_cnt_prs,aksomosha,aks.om.ˈoʃ.a,auxiliary-form: 3rd (explicit) counterfactual middle continuous (present)
aux_3X_ctr_mid_cnt_fut,aksomosho,aks.om.ˈoʃ.o,auxiliary-form: 3rd (explicit) counterfactual middle continuous (future)
aux_3X_ctr_mid_itr_pst,aksomone,aks.om.ˈon.e,auxiliary-form: 3rd (explicit) counterfactual middle iterative (past)
aux_3X_ctr_mid_itr_prs,aksomona,aks.om.ˈon.a,auxiliary-form: 3rd (explicit) counterfactual middle iterative (present)
aux_3X_ctr_mid_itr_fut,aksomono,aks.om.ˈon.o,auxiliary-form: 3rd (explicit) counterfactual middle iterative (future)
aux_3X_ctr_mid_inc_pst,aksomoye,aks.om.ˈoj.e,auxiliary-form: 3rd (explicit) counterfactual middle inceptive (past)
aux_3X_ctr_mid_inc_prs,aksomoya,aks.om.ˈoj.a,auxiliary-form: 3rd (explicit) counterfactual middle inceptive (present)
aux_3X_ctr_mid_inc_fut,aksomoyo,aks.om.ˈoj.o,auxiliary-form: 3rd (explicit) counterfactual middle inceptive (future)
aux_3X_ctr_mid_ces_pst,aksomope,aks.om.ˈop.e,auxiliary-form: 3rd (explicit) counterfactual middle cessative (past)
aux_3X_ctr_mid_ces_prs,aksomopa,aks.om.ˈop.a,auxiliary-form: 3rd (explicit) counterfactual middle cessative (present)
aux_3X_ctr_mid_ces_fut,aksomopo,aks.om.ˈop.o,auxiliary-form: 3rd (explicit) counterfactual middle cessative (future)
aux_3X_ctr_mid_rem_pst,aksomohe,aks.om.ˈoh.e,auxiliary-form: 3rd (explicit) counterfactual middle remote (past)
aux_3X_ctr_mid_rem_prs,aksomoha,aks.om.ˈoh.a,auxiliary-form: 3rd (explicit) counterfactual middle remote (present)
aux_3X_ctr_mid_rem_fut,aksomoho,aks.om.ˈoh.o,auxiliary-form: 3rd (explicit) counterfactual middle remote (future)
aux_3X_ctr_cau_sim_pst,aksokefe,aks.ok.ˈef.e,auxiliary-form: 3rd (explicit) counterfactual causative simple (past)
aux_3X_ctr_cau_sim_prs,aksokefa,aks.ok.ˈef.a,auxiliary-form: 3rd (explicit) counterfactual causative simple (present)
aux_3X_ctr_cau_sim_fut,aksokefo,aks.ok.ˈef.o,auxiliary-form: 3rd (explicit) counterfactual causative simple (future)
aux_3X_ctr_cau_ipf_pst,aksokethe,aks.ok.ˈeθ.e,auxiliary-form: 3rd (explicit) counterfactual causative imperfective (past)
aux_3X_ctr_cau_ipf_prs,aksoketha,aks.ok.ˈeθ.a,auxiliary-form: 3rd (explicit) counterfactual causative imperfective (present)
aux_3X_ctr_cau_ipf_fut,aksoketho,aks.ok.ˈeθ.o,auxiliary-form: 3rd (explicit) counterfactual causative imperfective (future)
aux_3X_ctr_cau_prf_pst,aksokelhe,aks.ok.ˈeɬ.e,auxiliary-form: 3rd (explicit) counterfactual causative perfect (past)
aux_3X_ctr_cau_prf_prs,aksokelha,aks.ok.ˈeɬ.a,auxiliary-form: 3rd (explicit) counterfactual causative perfect (present)
aux_3X_ctr_cau_prf_fut,aksokelho,aks.ok.ˈeɬ.o,auxiliary-form: 3rd (explicit) counterfactual causative perfect (future)
aux_3X_ctr_cau_nea_pst,aksoketle,aks.ok.ˈeƛ.e,auxiliary-form: 3rd (explicit) counterfactual causative near (past)
aux_3X_ctr_cau_nea_prs,aksoketla,aks.ok.ˈeƛ.a,auxiliary-form: 3rd (explicit) counterfactual causative near (present)
aux_3X_ctr_cau_nea_fut,aksoketlo,aks.ok.ˈeƛ.o,auxiliary-form: 3rd (explicit) counterfactual causative near (future)
aux_3X_ctr_cau_imm_pst,aksokeke,aks.ok.ˈek.e,auxiliary-form: 3rd (explicit) counterfactual causative immediate (past)
aux_3X_ctr_cau_imm_prs,aksokeka,aks.ok.ˈek.a,auxiliary-form: 3rd (explicit) counterfactual causative immediate (present)
aux_3X_ctr_cau_imm_fut,aksokeko,aks.ok.ˈek.o,auxiliary-form: 3rd (explicit) counterfactual causative immediate (future)
aux_3X_ctr_cau_hab_pst,aksokeme,aks.ok.ˈem.e,auxiliary-form: 3rd (explicit) counterfactual causative habitual (past)
aux_3X_ctr_cau_hab_prs,aksokema,aks.ok.ˈem.a,auxiliary-form: 3rd (explicit) counterfactual causative habitual (present)
aux_3X_ctr_cau_hab_fut,aksokemo,aks.ok.ˈem.o,auxiliary-form: 3rd (explicit) counterfactual causative habitual (future)
aux_3X_ctr_cau_pro_pst,aksokese,aks.ok.ˈes.e,auxiliary-form: 3rd (explicit) counterfactual causative progressive (past)
aux_3X_ctr_cau_pro_prs,aksokesa,aks.ok.ˈes.a,auxiliary-form: 3rd (explicit) counterfactual causative progressive (present)
aux_3X_ctr_cau_pro_fut,aksokeso,aks.ok.ˈes.o,auxiliary-form: 3rd (explicit) counterfactual causative progressive (future)
aux_3X_ctr_cau_cnt_pst,aksokeshe,aks.ok.ˈeʃ.e,auxiliary-form: 3rd (explicit) counterfactual causative continuous (past)
aux_3X_ctr_cau_cnt_prs,aksokesha,aks.ok.ˈeʃ.a,auxiliary-form: 3rd (explicit) counterfactual causative continuous (present)
aux_3X_ctr_cau_cnt_fut,aksokesho,aks.ok.ˈeʃ.o,auxiliary-form: 3rd (explicit) counterfactual causative continuous (future)
aux_3X_ctr_cau_itr_pst,aksokene,aks.ok.ˈen.e,auxiliary-form: 3rd (explicit) counterfactual causative iterative (past)
aux_3X_ctr_cau_itr_prs,aksokena,aks.ok.ˈen.a,auxiliary-form: 3rd (explicit) counterfactual causative iterative (present)
aux_3X_ctr_cau_itr_fut,aksokeno,aks.ok.ˈen.o,auxiliary-form: 3rd (explicit) counterfactual causative iterative (future)
aux_3X_ctr_cau_inc_pst,aksokeye,aks.ok.ˈej.e,auxiliary-form: 3rd (explicit) counterfactual causative inceptive (past)
aux_3X_ctr_cau_inc_prs,aksokeya,aks.ok.ˈej.a,auxiliary-form: 3rd (explicit) counterfactual causative inceptive (present)
aux_3X_ctr_cau_inc_fut,aksokeyo,aks.ok.ˈej.o,auxiliary-form: 3rd (explicit) counterfactual causative inceptive (future)
aux_3X_ctr_cau_ces_pst,aksokepe,aks.ok.ˈep.e,auxiliary-form: 3rd (explicit) counterfactual causative cessative (past)
aux_3X_ctr_cau_ces_prs,aksokepa,aks.ok.ˈep.a,auxiliary-form: 3rd (explicit) counterfactual causative cessative (present)
aux_3X_ctr_cau_ces_fut,aksokepo,aks.ok.ˈep.o,auxiliary-form: 3rd (explicit) counterfactual causative cessative (future)
aux_3X_ctr_cau_rem_pst,aksokehe,aks.ok.ˈeh.e,auxiliary-form: 3rd (explicit) counterfactual causative remote (past)
aux_3X_ctr_cau_rem_prs,aksokeha,aks.ok.ˈeh.a,auxiliary-form: 3rd (explicit) counterfactual causative remote (present)
aux_3X_ctr_cau_rem_fut,aksokeho,aks.ok.ˈeh.o,auxiliary-form: 3rd (explicit) counterfactual causative remote (future)
aux_3X_ctr_rec_sim_pst,aksorafe,aks.or.ˈaf.e,auxiliary-form: 3rd (explicit) counterfactual reciprocal simple (past)
aux_3X_ctr_rec_sim_prs,aksorafa,aks.or.ˈaf.a,auxiliary-form: 3rd (explicit) counterfactual reciprocal simple (present)
aux_3X_ctr_rec_sim_fut,aksorafo,aks.or.ˈaf.o,auxiliary-form: 3rd (explicit) counterfactual reciprocal simple (future)
aux_3X_ctr_rec_ipf_pst,aksorathe,aks.or.ˈaθ.e,auxiliary-form: 3rd (explicit) counterfactual reciprocal imperfective (past)
aux_3X_ctr_rec_ipf_prs,aksoratha,aks.or.ˈaθ.a,auxiliary-form: 3rd (explicit) counterfactual reciprocal imperfective (present)
aux_3X_ctr_rec_ipf_fut,aksoratho,aks.or.ˈaθ.o,auxiliary-form: 3rd (explicit) counterfactual reciprocal imperfective (future)
aux_3X_ctr_rec_prf_pst,aksoralhe,aks.or.ˈaɬ.e,auxiliary-form: 3rd (explicit) counterfactual reciprocal perfect (past)
aux_3X_ctr_rec_prf_prs,aksoralha,aks.or.ˈaɬ.a,auxiliary-form: 3rd (explicit) counterfactual reciprocal perfect (present)
aux_3X_ctr_rec_prf_fut,aksoralho,aks.or.ˈaɬ.o,auxiliary-form: 3rd (explicit) counterfactual reciprocal perfect (future)
aux_3X_ctr_rec_nea_pst,aksoratle,aks.or.ˈaƛ.e,auxiliary-form: 3rd (explicit) counterfactual reciprocal near (past)
aux_3X_ctr_rec_nea_prs,aksoratla,aks.or.ˈaƛ.a,auxiliary-form: 3rd (explicit) counterfactual reciprocal near (present)
aux_3X_ctr_rec_nea_fut,aksoratlo,aks.or.ˈaƛ.o,auxiliary-form: 3rd (explicit) counterfactual reciprocal near (future)
aux_3X_ctr_rec_imm_pst,aksorake,aks.or.ˈak.e,auxiliary-form: 3rd (explicit) counterfactual reciprocal immediate (past)
aux_3X_ctr_rec_imm_prs,aksoraka,aks.or.ˈak.a,auxiliary-form: 3rd (explicit) counterfactual reciprocal immediate (present)
aux_3X_ctr_rec_imm_fut,aksorako,aks.or.ˈak.o,auxiliary-form: 3rd (explicit) counterfactual reciprocal immediate (future)
aux_3X_ctr_rec_hab_pst,aksorame,aks.or.ˈam.e,auxiliary-form: 3rd (explicit) counterfactual reciprocal habitual (past)
aux_3X_ctr_rec_hab_prs,aksorama,aks.or.ˈam.a,auxiliary-form: 3rd (explicit) counterfactual reciprocal habitual (present)
aux_3X_ctr_rec_hab_fut,aksoramo,aks.or.ˈam.o,auxiliary-form: 3rd (explicit) counterfactual reciprocal habitual (future)
aux_3X_ctr_rec_pro_pst,aksorase,aks.or.ˈas.e,auxiliary-form: 3rd (explicit) counterfactual reciprocal progressive (past)
aux_3X_ctr_rec_pro_prs,aksorasa,aks.or.ˈas.a,auxiliary-form: 3rd (explicit) counterfactual reciprocal progressive (present)
aux_3X_ctr_rec_pro_fut,aksoraso,aks.or.ˈas.o,auxiliary-form: 3rd (explicit) counterfactual reciprocal progressive (future)
aux_3X_ctr_rec_cnt_pst,aksorashe,aks.or.ˈaʃ.e,auxiliary-form: 3rd (explicit) counterfactual reciprocal continuous (past)
aux_3X_ctr_rec_cnt_prs,aksorasha,aks.or.ˈaʃ.a,auxiliary-form: 3rd (explicit) counterfactual reciprocal continuous (present)
aux_3X_ctr_rec_cnt_fut,aksorasho,aks.or.ˈaʃ.o,auxiliary-form: 3rd (explicit) counterfactual reciprocal continuous (future)
aux_3X_ctr_rec_itr_pst,aksorane,aks.or.ˈan.e,auxiliary-form: 3rd (explicit) counterfactual reciprocal iterative (past)
aux_3X_ctr_rec_itr_prs,aksorana,aks.or.ˈan.a,auxiliary-form: 3rd (explicit) counterfactual reciprocal iterative (present)
aux_3X_ctr_rec_itr_fut,aksorano,aks.or.ˈan.o,auxiliary-form: 3rd (explicit) counterfactual reciprocal iterative (future)
aux_3X_ctr_rec_inc_pst,aksoraye,aks.or.ˈaj.e,auxiliary-form: 3rd (explicit) counterfactual reciprocal inceptive (past)
aux_3X_ctr_rec_inc_prs,aksoraya,aks.or.ˈaj.a,auxiliary-form: 3rd (explicit) counterfactual reciprocal inceptive (present)
aux_3X_ctr_rec_inc_fut,aksorayo,aks.or.ˈaj.o,auxiliary-form: 3rd (explicit) counterfactual reciprocal inceptive (future)
aux_3X_ctr_rec_ces_pst,aksorape,aks.or.ˈap.e,auxiliary-form: 3rd (explicit) counterfactual reciprocal cessative (past)
aux_3X_ctr_rec_ces_prs,aksorapa,aks.or.ˈap.a,auxiliary-form: 3rd (explicit) counterfactual reciprocal cessative (present)
aux_3X_ctr_rec_ces_fut,aksorapo,aks.or.ˈap.o,auxiliary-form: 3rd (explicit) counterfactual reciprocal cessative (future)
aux_3X_ctr_rec_rem_pst,aksorahe,aks.or.ˈah.e,auxiliary-form: 3rd (explicit) counterfactual reciprocal remote (past)
aux_3X_ctr_rec_rem_prs,aksoraha,aks.or.ˈah.a,auxiliary-form: 3rd (explicit) counterfactual reciprocal remote (present)
aux_3X_ctr_rec_rem_fut,aksoraho,aks.or.ˈah.o,auxiliary-form: 3rd (explicit) counterfactual reciprocal remote (future)
aux_3X_opt_sim_pst,alhefe,aɬ.ˈef.e,auxiliary-form: 3rd (explicit) optative simple (past)
aux_3X_opt_sim_prs,alhefa,aɬ.ˈef.a,auxiliary-form: 3rd (explicit) optative simple (present)
aux_3X_opt_sim_fut,alhefo,aɬ.ˈef.o,auxiliary-form: 3rd (explicit) optative simple (future)
aux_3X_opt_ipf_pst,alhethe,aɬ.ˈeθ.e,auxiliary-form: 3rd (explicit) optative imperfective (past)
aux_3X_opt_ipf_prs,alhetha,aɬ.ˈeθ.a,auxiliary-form: 3rd (explicit) optative imperfective (present)
aux_3X_opt_ipf_fut,alhetho,aɬ.ˈeθ.o,auxiliary-form: 3rd (explicit) optative imperfective (future)
aux_3X_opt_prf_pst,alhelhe,aɬ.ˈeɬ.e,auxiliary-form: 3rd (explicit) optative perfect (past)
aux_3X_opt_prf_prs,alhelha,aɬ.ˈeɬ.a,auxiliary-form: 3rd (explicit) optative perfect (present)
aux_3X_opt_prf_fut,alhelho,aɬ.ˈeɬ.o,auxiliary-form: 3rd (explicit) optative perfect (future)
aux_3X_opt_nea_pst,alhetle,aɬ.ˈeƛ.e,auxiliary-form: 3rd (explicit) optative near (past)
aux_3X_opt_nea_prs,alhetla,aɬ.ˈeƛ.a,auxiliary-form: 3rd (explicit) optative near (present)
aux_3X_opt_nea_fut,alhetlo,aɬ.ˈeƛ.o,auxiliary-form: 3rd (explicit) optative near (future)
aux_3X_opt_imm_pst,alheke,aɬ.ˈek.e,auxiliary-form: 3rd (explicit) optative immediate (past)
aux_3X_opt_imm_prs,alheka,aɬ.ˈek.a,auxiliary-form: 3rd (explicit) optative immediate (present)
aux_3X_opt_imm_fut,alheko,aɬ.ˈek.o,auxiliary-form: 3rd (explicit) optative immediate (future)
aux_3X_opt_hab_pst,alheme,aɬ.ˈem.e,auxiliary-form: 3rd (explicit) optative habitual (past)
aux_3X_opt_hab_prs,alhema,aɬ.ˈem.a,auxiliary-form: 3rd (explicit) optative habitual (present)
aux_3X_opt_hab_fut,alhemo,aɬ.ˈem.o,auxiliary-form: 3rd (explicit) optative habitual (future)
aux_3X_opt_pro_pst,alhese,aɬ.ˈes.e,auxiliary-form: 3rd (explicit) optative progressive (past)
aux_3X_opt_pro_prs,alhesa,aɬ.ˈes.a,auxiliary-form: 3rd (explicit) optative progressive (present)
aux_3X_opt_pro_fut,alheso,aɬ.ˈes.o,auxiliary-form: 3rd (explicit) optative progressive (future)
aux_3X_opt_cnt_pst,alheshe,aɬ.ˈeʃ.e,auxiliary-form: 3rd (explicit) optative continuous (past)
aux_3X_opt_cnt_prs,alhesha,aɬ.ˈeʃ.a,auxiliary-form: 3rd (explicit) optative continuous (present)
aux_3X_opt_cnt_fut,alhesho,aɬ.ˈeʃ.o,auxiliary-form: 3rd (explicit) optative continuous (future)
aux_3X_opt_itr_pst,alhene,aɬ.ˈen.e,auxiliary-form: 3rd (explicit) optative iterative (past)
aux_3X_opt_itr_prs,alhena,aɬ.ˈen.a,auxiliary-form: 3rd (explicit) optative iterative (present)
aux_3X_opt_itr_fut,alheno,aɬ.ˈen.o,auxiliary-form: 3rd (explicit) optative iterative (future)
aux_3X_opt_inc_pst,alheye,aɬ.ˈej.e,auxiliary-form: 3rd (explicit) optative inceptive (past)
aux_3X_opt_inc_prs,alheya,aɬ.ˈej.a,auxiliary-form: 3rd (explicit) optative inceptive (present)
aux_3X_opt_inc_fut,alheyo,aɬ.ˈej.o,auxiliary-form: 3rd (explicit) optative inceptive (future)
aux_3X_opt_ces_pst,alhepe,aɬ.ˈep.e,auxiliary-form: 3rd (explicit) optative cessative (past)
aux_3X_opt_ces_prs,alhepa,aɬ.ˈep.a,auxiliary-form: 3rd (explicit) optative cessative (present)
aux_3X_opt_ces_fut,alhepo,aɬ.ˈep.o,auxiliary-form: 3rd (explicit) optative cessative (future)
aux_3X_opt_rem_pst,alhehe,aɬ.ˈeh.e,auxiliary-form: 3rd (explicit) optative remote (past)
aux_3X_opt_rem_prs,alheha,aɬ.ˈeh.a,auxiliary-form: 3rd (explicit) optative remote (present)
aux_3X_opt_rem_fut,alheho,aɬ.ˈeh.o,auxiliary-form: 3rd (explicit) optative remote (future)
aux_3X_opt_ref_sim_pst,alhetefe,aɬ.et.ˈef.e,auxiliary-form: 3rd (explicit) optative reflexive simple (past)
aux_3X_opt_ref_sim_prs,alhetefa,aɬ.et.ˈef.a,auxiliary-form: 3rd (explicit) optative reflexive simple (present)
aux_3X_opt_ref_sim_fut,alhetefo,aɬ.et.ˈef.o,auxiliary-form: 3rd (explicit) optative reflexive simple (future)
aux_3X_opt_ref_ipf_pst,alhetethe,aɬ.et.ˈeθ.e,auxiliary-form: 3rd (explicit) optative reflexive imperfective (past)
aux_3X_opt_ref_ipf_prs,alhetetha,aɬ.et.ˈeθ.a,auxiliary-form: 3rd (explicit) optative reflexive imperfective (present)
aux_3X_opt_ref_ipf_fut,alhetetho,aɬ.et.ˈeθ.o,auxiliary-form: 3rd (explicit) optative reflexive imperfective (future)
aux_3X_opt_ref_prf_pst,alhetelhe,aɬ.et.ˈeɬ.e,auxiliary-form: 3rd (explicit) optative reflexive perfect (past)
aux_3X_opt_ref_prf_prs,alhetelha,aɬ.et.ˈeɬ.a,auxiliary-form: 3rd (explicit) optative reflexive perfect (present)
aux_3X_opt_ref_prf_fut,alhetelho,aɬ.et.ˈeɬ.o,auxiliary-form: 3rd (explicit) optative reflexive perfect (future)
aux_3X_opt_ref_nea_pst,alhetetle,aɬ.et.ˈeƛ.e,auxiliary-form: 3rd (explicit) optative reflexive near (past)
aux_3X_opt_ref_nea_prs,alhetetla,aɬ.et.ˈeƛ.a,auxiliary-form: 3rd (explicit) optative reflexive near (present)
aux_3X_opt_ref_nea_fut,alhetetlo,aɬ.et.ˈeƛ.o,auxiliary-form: 3rd (explicit) optative reflexive near (future)
aux_3X_opt_ref_imm_pst,alheteke,aɬ.et.ˈek.e,auxiliary-form: 3rd (explicit) optative reflexive immediate (past)
aux_3X_opt_ref_imm_prs,alheteka,aɬ.et.ˈek.a,auxiliary-form: 3rd (explicit) optative reflexive immediate (present)
aux_3X_opt_ref_imm_fut,alheteko,aɬ.et.ˈek.o,auxiliary-form: 3rd (explicit) optative reflexive immediate (future)
aux_3X_opt_ref_hab_pst,alheteme,aɬ.et.ˈem.e,auxiliary-form: 3rd (explicit) optative reflexive habitual (past)
aux_3X_opt_ref_hab_prs,alhetema,aɬ.et.ˈem.a,auxiliary-form: 3rd (explicit) optative reflexive habitual (present)
aux_3X_opt_ref_hab_fut,alhetemo,aɬ.et.ˈem.o,auxiliary-form: 3rd (explicit) optative reflexive habitual (future)
aux_3X_opt_ref_pro_pst,alhetese,aɬ.et.ˈes.e,auxiliary-form: 3rd (explicit) optative reflexive progressive (past)
aux_3X_opt_ref_pro_prs,alhetesa,aɬ.et.ˈes.a,auxiliary-form: 3rd (explicit) optative reflexive progressive (present)
aux_3X_opt_ref_pro_fut,alheteso,aɬ.et.ˈes.o,auxiliary-form: 3rd (explicit) optative reflexive progressive (future)
aux_3X_opt_ref_cnt_pst,alheteshe,aɬ.et.ˈeʃ.e,auxiliary-form: 3rd (explicit) optative reflexive continuous (past)
aux_3X_opt_ref_cnt_prs,alhetesha,aɬ.et.ˈeʃ.a,auxiliary-form: 3rd (explicit) optative reflexive continuous (present)
aux_3X_opt_ref_cnt_fut,alhetesho,aɬ.et.ˈeʃ.o,auxiliary-form: 3rd (explicit) optative reflexive continuous (future)
aux_3X_opt_ref_itr_pst,alhetene,aɬ.et.ˈen.e,auxiliary-form: 3rd (explicit) optative reflexive iterative (past)
aux_3X_opt_ref_itr_prs,alhetena,aɬ.et.ˈen.a,auxiliary-form: 3rd (explicit) optative reflexive iterative (present)
aux_3X_opt_ref_itr_fut,alheteno,aɬ.et.ˈen.o,auxiliary-form: 3rd (explicit) optative reflexive iterative (future)
aux_3X_opt_ref_inc_pst,alheteye,aɬ.et.ˈej.e,auxiliary-form: 3rd (explicit) optative reflexive inceptive (past)
aux_3X_opt_ref_inc_prs,alheteya,aɬ.et.ˈej.a,auxiliary-form: 3rd (explicit) optative reflexive inceptive (present)
aux_3X_opt_ref_inc_fut,alheteyo,aɬ.et.ˈej.o,auxiliary-form: 3rd (explicit) optative reflexive inceptive (future)
aux_3X_opt_ref_ces_pst,alhetepe,aɬ.et.ˈep.e,auxiliary-form: 3rd (explicit) optative reflexive cessative (past)
aux_3X_opt_ref_ces_prs,alhetepa,aɬ.et.ˈep.a,auxiliary-form: 3rd (explicit) optative reflexive cessative (present)
aux_3X_opt_ref_ces_fut,alhetepo,aɬ.et.ˈep.o,auxiliary-form: 3rd (explicit) optative reflexive cessative (future)
aux_3X_opt_ref_rem_pst,alhetehe,aɬ.et.ˈeh.e,auxiliary-form: 3rd (explicit) optative reflexive remote (past)
aux_3X_opt_ref_rem_prs,alheteha,aɬ.et.ˈeh.a,auxiliary-form: 3rd (explicit) optative reflexive remote (present)
aux_3X_opt_ref_rem_fut,alheteho,aɬ.et.ˈeh.o,auxiliary-form: 3rd (explicit) optative reflexive remote (future)
aux_3X_opt_pas_sim_pst,alhepafe,aɬ.ep.ˈaf.e,auxiliary-form: 3rd (explicit) optative passive simple (past)
aux_3X_opt_pas_sim_prs,alhepafa,aɬ.ep.ˈaf.a,auxiliary-form: 3rd (explicit) optative passive simple (present)
aux_3X_opt_pas_sim_fut,alhepafo,aɬ.ep.ˈaf.o,auxiliary-form: 3rd (explicit) optative passive simple (future)
aux_3X_opt_pas_ipf_pst,alhepathe,aɬ.ep.ˈaθ.e,auxiliary-form: 3rd (explicit) optative passive imperfective (past)
aux_3X_opt_pas_ipf_prs,alhepatha,aɬ.ep.ˈaθ.a,auxiliary-form: 3rd (explicit) optative passive imperfective (present)
aux_3X_opt_pas_ipf_fut,alhepatho,aɬ.ep.ˈaθ.o,auxiliary-form: 3rd (explicit) optative passive imperfective (future)
aux_3X_opt_pas_prf_pst,alhepalhe,aɬ.ep.ˈaɬ.e,auxiliary-form: 3rd (explicit) optative passive perfect (past)
aux_3X_opt_pas_prf_prs,alhepalha,aɬ.ep.ˈaɬ.a,auxiliary-form: 3rd (explicit) optative passive perfect (present)
aux_3X_opt_pas_prf_fut,alhepalho,aɬ.ep.ˈaɬ.o,auxiliary-form: 3rd (explicit) optative passive perfect (future)
aux_3X_opt_pas_nea_pst,alhepatle,aɬ.ep.ˈaƛ.e,auxiliary-form: 3rd (explicit) optative passive near (past)
aux_3X_opt_pas_nea_prs,alhepatla,aɬ.ep.ˈaƛ.a,auxiliary-form: 3rd (explicit) optative passive near (present)
aux_3X_opt_pas_nea_fut,alhepatlo,aɬ.ep.ˈaƛ.o,auxiliary-form: 3rd (explicit) optative passive near (future)
aux_3X_opt_pas_imm_pst,alhepake,aɬ.ep.ˈak.e,auxiliary-form: 3rd (explicit) optative passive immediate (past)
aux_3X_opt_pas_imm_prs,alhepaka,aɬ.ep.ˈak.a,auxiliary-form: 3rd (explicit) optative passive immediate (present)
aux_3X_opt_pas_imm_fut,alhepako,aɬ.ep.ˈak.o,auxiliary-form: 3rd (explicit) optative passive immediate (future)
aux_3X_opt_pas_hab_pst,alhepame,aɬ.ep.ˈam.e,auxiliary-form: 3rd (explicit) optative passive habitual (past)
aux_3X_opt_pas_hab_prs,alhepama,aɬ.ep.ˈam.a,auxiliary-form: 3rd (explicit) optative passive habitual (present)
aux_3X_opt_pas_hab_fut,alhepamo,aɬ.ep.ˈam.o,auxiliary-form: 3rd (explicit) optative passive habitual (future)
aux_3X_opt_pas_pro_pst,alhepase,aɬ.ep.ˈas.e,auxiliary-form: 3rd (explicit) optative passive progressive (past)
aux_3X_opt_pas_pro_prs,alhepasa,aɬ.ep.ˈas.a,auxiliary-form: 3rd (explicit) optative passive progressive (present)
aux_3X_opt_pas_pro_fut,alhepaso,aɬ.ep.ˈas.o,auxiliary-form: 3rd (explicit) optative passive progressive (future)
aux_3X_opt_pas_cnt_pst,alhepashe,aɬ.ep.ˈaʃ.e,auxiliary-form: 3rd (explicit) optative passive continuous (past)
aux_3X_opt_pas_cnt_prs,alhepasha,aɬ.ep.ˈaʃ.a,auxiliary-form: 3rd (explicit) optative passive continuous (present)
aux_3X_opt_pas_cnt_fut,alhepasho,aɬ.ep.ˈaʃ.o,auxiliary-form: 3rd (explicit) optative passive continuous (future)
aux_3X_opt_pas_itr_pst,alhepane,aɬ.ep.ˈan.e,auxiliary-form: 3rd (explicit) optative passive iterative (past)
aux_3X_opt_pas_itr_prs,alhepana,aɬ.ep.ˈan.a,auxiliary-form: 3rd (explicit) optative passive iterative (present)
aux_3X_opt_pas_itr_fut,alhepano,aɬ.ep.ˈan.o,auxiliary-form: 3rd (explicit) optative passive iterative (future)
aux_3X_opt_pas_inc_pst,alhepaye,aɬ.ep.ˈaj.e,auxiliary-form: 3rd (explicit) optative passive inceptive (past)
aux_3X_opt_pas_inc_prs,alhepaya,aɬ.ep.ˈaj.a,auxiliary-form: 3rd (explicit) optative passive inceptive (present)
aux_3X_opt_pas_inc_fut,alhepayo,aɬ.ep.ˈaj.o,auxiliary-form: 3rd (explicit) optative passive inceptive (future)
aux_3X_opt_pas_ces_pst,alhepape,aɬ.ep.ˈap.e,auxiliary-form: 3rd (explicit) optative passive cessative (past)
aux_3X_opt_pas_ces_prs,alhepapa,aɬ.ep.ˈap.a,auxiliary-form: 3rd (explicit) optative passive cessative (present)
aux_3X_opt_pas_ces_fut,alhepapo,aɬ.ep.ˈap.o,auxiliary-form: 3rd (explicit) optative passive cessative (future)
aux_3X_opt_pas_rem_pst,alhepahe,aɬ.ep.ˈah.e,auxiliary-form: 3rd (explicit) optative passive remote (past)
aux_3X_opt_pas_rem_prs,alhepaha,aɬ.ep.ˈah.a,auxiliary-form: 3rd (explicit) optative passive remote (present)
aux_3X_opt_pas_rem_fut,alhepaho,aɬ.ep.ˈah.o,auxiliary-form: 3rd (explicit) optative passive remote (future)
aux_3X_opt_mid_sim_pst,alhemofe,aɬ.em.ˈof.e,auxiliary-form: 3rd (explicit) optative middle simple (past)
aux_3X_opt_mid_sim_prs,alhemofa,aɬ.em.ˈof.a,auxiliary-form: 3rd (explicit) optative middle simple (present)
aux_3X_opt_mid_sim_fut,alhemofo,aɬ.em.ˈof.o,auxiliary-form: 3rd (explicit) optative middle simple (future)
aux_3X_opt_mid_ipf_pst,alhemothe,aɬ.em.ˈoθ.e,auxiliary-form: 3rd (explicit) optative middle imperfective (past)
aux_3X_opt_mid_ipf_prs,alhemotha,aɬ.em.ˈoθ.a,auxiliary-form: 3rd (explicit) optative middle imperfective (present)
aux_3X_opt_mid_ipf_fut,alhemotho,aɬ.em.ˈoθ.o,auxiliary-form: 3rd (explicit) optative middle imperfective (future)
aux_3X_opt_mid_prf_pst,alhemolhe,aɬ.em.ˈoɬ.e,auxiliary-form: 3rd (explicit) optative middle perfect (past)
aux_3X_opt_mid_prf_prs,alhemolha,aɬ.em.ˈoɬ.a,auxiliary-form: 3rd (explicit) optative middle perfect (present)
aux_3X_opt_mid_prf_fut,alhemolho,aɬ.em.ˈoɬ.o,auxiliary-form: 3rd (explicit) optative middle perfect (future)
aux_3X_opt_mid_nea_pst,alhemotle,aɬ.em.ˈoƛ.e,auxiliary-form: 3rd (explicit) optative middle near (past)
aux_3X_opt_mid_nea_prs,alhemotla,aɬ.em.ˈoƛ.a,auxiliary-form: 3rd (explicit) optative middle near (present)
aux_3X_opt_mid_nea_fut,alhemotlo,aɬ.em.ˈoƛ.o,auxiliary-form: 3rd (explicit) optative middle near (future)
aux_3X_opt_mid_imm_pst,alhemoke,aɬ.em.ˈok.e,auxiliary-form: 3rd (explicit) optative middle immediate (past)
aux_3X_opt_mid_imm_prs,alhemoka,aɬ.em.ˈok.a,auxiliary-form: 3rd (explicit) optative middle immediate (present)
aux_3X_opt_mid_imm_fut,alhemoko,aɬ.em.ˈok.o,auxiliary-form: 3rd (explicit) optative middle immediate (future)
aux_3X_opt_mid_hab_pst,alhemome,aɬ.em.ˈom.e,auxiliary-form: 3rd (explicit) optative middle habitual (past)
aux_3X_opt_mid_hab_prs,alhemoma,aɬ.em.ˈom.a,auxiliary-form: 3rd (explicit) optative middle habitual (present)
aux_3X_opt_mid_hab_fut,alhemomo,aɬ.em.ˈom.o,auxiliary-form: 3rd (explicit) optative middle habitual (future)
aux_3X_opt_mid_pro_pst,alhemose,aɬ.em.ˈos.e,auxiliary-form: 3rd (explicit) optative middle progressive (past)
aux_3X_opt_mid_pro_prs,alhemosa,aɬ.em.ˈos.a,auxiliary-form: 3rd (explicit) optative middle progressive (present)
aux_3X_opt_mid_pro_fut,alhemoso,aɬ.em.ˈos.o,auxiliary-form: 3rd (explicit) optative middle progressive (future)
aux_3X_opt_mid_cnt_pst,alhemoshe,aɬ.em.ˈoʃ.e,auxiliary-form: 3rd (explicit) optative middle continuous (past)
aux_3X_opt_mid_cnt_prs,alhemosha,aɬ.em.ˈoʃ.a,auxiliary-form: 3rd (explicit) optative middle continuous (present)
aux_3X_opt_mid_cnt_fut,alhemosho,aɬ.em.ˈoʃ.o,auxiliary-form: 3rd (explicit) optative middle continuous (future)
aux_3X_opt_mid_itr_pst,alhemone,aɬ.em.ˈon.e,auxiliary-form: 3rd (explicit) optative middle iterative (past)
aux_3X_opt_mid_itr_prs,alhemona,aɬ.em.ˈon.a,auxiliary-form: 3rd (explicit) optative middle iterative (present)
aux_3X_opt_mid_itr_fut,alhemono,aɬ.em.ˈon.o,auxiliary-form: 3rd (explicit) optative middle iterative (future)
aux_3X_opt_mid_inc_pst,alhemoye,aɬ.em.ˈoj.e,auxiliary-form: 3rd (explicit) optative middle inceptive (past)
aux_3X_opt_mid_inc_prs,alhemoya,aɬ.em.ˈoj.a,auxiliary-form: 3rd (explicit) optative middle inceptive (present)
aux_3X_opt_mid_inc_fut,alhemoyo,aɬ.em.ˈoj.o,auxiliary-form: 3rd (explicit) optative middle inceptive (future)
aux_3X_opt_mid_ces_pst,alhemope,aɬ.em.ˈop.e,auxiliary-form: 3rd (explicit) optative middle cessative (past)
aux_3X_opt_mid_ces_prs,alhemopa,aɬ.em.ˈop.a,auxiliary-form: 3rd (explicit) optative middle cessative (present)
aux_3X_opt_mid_ces_fut,alhemopo,aɬ.em.ˈop.o,auxiliary-form: 3rd (explicit) optative middle cessative (future)
aux_3X_opt_mid_rem_pst,alhemohe,aɬ.em.ˈoh.e,auxiliary-form: 3rd (explicit) optative middle remote (past)
aux_3X_opt_mid_rem_prs,alhemoha,aɬ.em.ˈoh.a,auxiliary-form: 3rd (explicit) optative middle remote (present)
aux_3X_opt_mid_rem_fut,alhemoho,aɬ.em.ˈoh.o,auxiliary-form: 3rd (explicit) optative middle remote (future)
aux_3X_opt_cau_sim_pst,alhekefe,aɬ.ek.ˈef.e,auxiliary-form: 3rd (explicit) optative causative simple (past)
aux_3X_opt_cau_sim_prs,alhekefa,aɬ.ek.ˈef.a,auxiliary-form: 3rd (explicit) optative causative simple (present)
aux_3X_opt_cau_sim_fut,alhekefo,aɬ.ek.ˈef.o,auxiliary-form: 3rd (explicit) optative causative simple (future)
aux_3X_opt_cau_ipf_pst,alhekethe,aɬ.ek.ˈeθ.e,auxiliary-form: 3rd (explicit) optative causative imperfective (past)
aux_3X_opt_cau_ipf_prs,alheketha,aɬ.ek.ˈeθ.a,auxiliary-form: 3rd (explicit) optative causative imperfective (present)
aux_3X_opt_cau_ipf_fut,alheketho,aɬ.ek.ˈeθ.o,auxiliary-form: 3rd (explicit) optative causative imperfective (future)
aux_3X_opt_cau_prf_pst,alhekelhe,aɬ.ek.ˈeɬ.e,auxiliary-form: 3rd (explicit) optative causative perfect (past)
aux_3X_opt_cau_prf_prs,alhekelha,aɬ.ek.ˈeɬ.a,auxiliary-form: 3rd (explicit) optative causative perfect (present)
aux_3X_opt_cau_prf_fut,alhekelho,aɬ.ek.ˈeɬ.o,auxiliary-form: 3rd (explicit) optative causative perfect (future)
aux_3X_opt_cau_nea_pst,alheketle,aɬ.ek.ˈeƛ.e,auxiliary-form: 3rd (explicit) optative causative near (past)
aux_3X_opt_cau_nea_prs,alheketla,aɬ.ek.ˈeƛ.a,auxiliary-form: 3rd (explicit) optative causative near (present)
aux_3X_opt_cau_nea_fut,alheketlo,aɬ.ek.ˈeƛ.o,auxiliary-form: 3rd (explicit) optative causative near (future)
aux_3X_opt_cau_imm_pst,alhekeke,aɬ.ek.ˈek.e,auxiliary-form: 3rd (explicit) optative causative immediate (past)
aux_3X_opt_cau_imm_prs,alhekeka,aɬ.ek.ˈek.a,auxiliary-form: 3rd (explicit) optative causative immediate (present)
aux_3X_opt_cau_imm_fut,alhekeko,aɬ.ek.ˈek.o,auxiliary-form: 3rd (explicit) optative causative immediate (future)
aux_3X_opt_cau_hab_pst,alhekeme,aɬ.ek.ˈem.e,auxiliary-form: 3rd (explicit) optative causative habitual (past)
aux_3X_opt_cau_hab_prs,alhekema,aɬ.ek.ˈem.a,auxiliary-form: 3rd (explicit) optative causative habitual (present)
aux_3X_opt_cau_hab_fut,alhekemo,aɬ.ek.ˈem.o,auxiliary-form: 3rd (explicit) optative causative habitual (future)
aux_3X_opt_cau_pro_pst,alhekese,aɬ.ek.ˈes.e,auxiliary-form: 3rd (explicit) optative causative progressive (past)
aux_3X_opt_cau_pro_prs,alhekesa,aɬ.ek.ˈes.a,auxiliary-form: 3rd (explicit) optative causative progressive (present)
aux_3X_opt_cau_pro_fut,alhekeso,aɬ.ek.ˈes.o,auxiliary-form: 3rd (explicit) optative causative progressive (future)
aux_3X_opt_cau_cnt_pst,alhekeshe,aɬ.ek.ˈeʃ.e,auxiliary-form: 3rd (explicit) optative causative continuous (past)
aux_3X_opt_cau_cnt_prs,alhekesha,aɬ.ek.ˈeʃ.a,auxiliary-form: 3rd (explicit) optative causative continuous (present)
aux_3X_opt_cau_cnt_fut,alhekesho,aɬ.ek.ˈeʃ.o,auxiliary-form: 3rd (explicit) optative causative continuous (future)
aux_3X_opt_cau_itr_pst,alhekene,aɬ.ek.ˈen.e,auxiliary-form: 3rd (explicit) optative causative iterative (past)
aux_3X_opt_cau_itr_prs,alhekena,aɬ.ek.ˈen.a,auxiliary-form: 3rd (explicit) optative causative iterative (present)
aux_3X_opt_cau_itr_fut,alhekeno,aɬ.ek.ˈen.o,auxiliary-form: 3rd (explicit) optative causative iterative (future)
aux_3X_opt_cau_inc_pst,alhekeye,aɬ.ek.ˈej.e,auxiliary-form: 3rd (explicit) optative causative inceptive (past)
aux_3X_opt_cau_inc_prs,alhekeya,aɬ.ek.ˈej.a,auxiliary-form: 3rd (explicit) optative causative inceptive (present)
aux_3X_opt_cau_inc_fut,alhekeyo,aɬ.ek.ˈej.o,auxiliary-form: 3rd (explicit) optative causative inceptive (future)
aux_3X_opt_cau_ces_pst,alhekepe,aɬ.ek.ˈep.e,auxiliary-form: 3rd (explicit) optative causative cessative (past)
aux_3X_opt_cau_ces_prs,alhekepa,aɬ.ek.ˈep.a,auxiliary-form: 3rd (explicit) optative causative cessative (present)
aux_3X_opt_cau_ces_fut,alhekepo,aɬ.ek.ˈep.o,auxiliary-form: 3rd (explicit) optative causative cessative (future)
aux_3X_opt_cau_rem_pst,alhekehe,aɬ.ek.ˈeh.e,auxiliary-form: 3rd (explicit) optative causative remote (past)
aux_3X_opt_cau_rem_prs,alhekeha,aɬ.ek.ˈeh.a,auxiliary-form: 3rd (explicit) optative causative remote (present)
aux_3X_opt_cau_rem_fut,alhekeho,aɬ.ek.ˈeh.o,auxiliary-form: 3rd (explicit) optative causative remote (future)
aux_3X_opt_rec_sim_pst,alherafe,aɬ.er.ˈaf.e,auxiliary-form: 3rd (explicit) optative reciprocal simple (past)
aux_3X_opt_rec_sim_prs,alherafa,aɬ.er.ˈaf.a,auxiliary-form: 3rd (explicit) optative reciprocal simple (present)
aux_3X_opt_rec_sim_fut,alherafo,aɬ.er.ˈaf.o,auxiliary-form: 3rd (explicit) optative reciprocal simple (future)
aux_3X_opt_rec_ipf_pst,alherathe,aɬ.er.ˈaθ.e,auxiliary-form: 3rd (explicit) optative reciprocal imperfective (past)
aux_3X_opt_rec_ipf_prs,alheratha,aɬ.er.ˈaθ.a,auxiliary-form: 3rd (explicit) optative reciprocal imperfective (present)
aux_3X_opt_rec_ipf_fut,alheratho,aɬ.er.ˈaθ.o,auxiliary-form: 3rd (explicit) optative reciprocal imperfective (future)
aux_3X_opt_rec_prf_pst,alheralhe,aɬ.er.ˈaɬ.e,auxiliary-form: 3rd (explicit) optative reciprocal perfect (past)
aux_3X_opt_rec_prf_prs,alheralha,aɬ.er.ˈaɬ.a,auxiliary-form: 3rd (explicit) optative reciprocal perfect (present)
aux_3X_opt_rec_prf_fut,alheralho,aɬ.er.ˈaɬ.o,auxiliary-form: 3rd (explicit) optative reciprocal perfect (future)
aux_3X_opt_rec_nea_pst,alheratle,aɬ.er.ˈaƛ.e,auxiliary-form: 3rd (explicit) optative reciprocal near (past)
aux_3X_opt_rec_nea_prs,alheratla,aɬ.er.ˈaƛ.a,auxiliary-form: 3rd (explicit) optative reciprocal near (present)
aux_3X_opt_rec_nea_fut,alheratlo,aɬ.er.ˈaƛ.o,auxiliary-form: 3rd (explicit) optative reciprocal near (future)
aux_3X_opt_rec_imm_pst,alherake,aɬ.er.ˈak.e,auxiliary-form: 3rd (explicit) optative reciprocal immediate (past)
aux_3X_opt_rec_imm_prs,alheraka,aɬ.er.ˈak.a,auxiliary-form: 3rd (explicit) optative reciprocal immediate (present)
aux_3X_opt_rec_imm_fut,alherako,aɬ.er.ˈak.o,auxiliary-form: 3rd (explicit) optative reciprocal immediate (future)
aux_3X_opt_rec_hab_pst,alherame,aɬ.er.ˈam.e,auxiliary-form: 3rd (explicit) optative reciprocal habitual (past)
aux_3X_opt_rec_hab_prs,alherama,aɬ.er.ˈam.a,auxiliary-form: 3rd (explicit) optative reciprocal habitual (present)
aux_3X_opt_rec_hab_fut,alheramo,aɬ.er.ˈam.o,auxiliary-form: 3rd (explicit) optative reciprocal habitual (future)
aux_3X_opt_rec_pro_pst,alherase,aɬ.er.ˈas.e,auxiliary-form: 3rd (explicit) optative reciprocal progressive (past)
aux_3X_opt_rec_pro_prs,alherasa,aɬ.er.ˈas.a,auxiliary-form: 3rd (explicit) optative reciprocal progressive (present)
aux_3X_opt_rec_pro_fut,alheraso,aɬ.er.ˈas.o,auxiliary-form: 3rd (explicit) optative reciprocal progressive (future)
aux_3X_opt_rec_cnt_pst,alherashe,aɬ.er.ˈaʃ.e,auxiliary-form: 3rd (explicit) optative reciprocal continuous (past)
aux_3X_opt_rec_cnt_prs,alherasha,aɬ.er.ˈaʃ.a,auxiliary-form: 3rd (explicit) optative reciprocal continuous (present)
aux_3X_opt_rec_cnt_fut,alherasho,aɬ.er.ˈaʃ.o,auxiliary-form: 3rd (explicit) optative reciprocal continuous (future)
aux_3X_opt_rec_itr_pst,alherane,aɬ.er.ˈan.e,auxiliary-form: 3rd (explicit) optative reciprocal iterative (past)
aux_3X_opt_rec_itr_prs,alherana,aɬ.er.ˈan.a,auxiliary-form: 3rd (explicit) optative reciprocal iterative (present)
aux_3X_opt_rec_itr_fut,alherano,aɬ.er.ˈan.o,auxiliary-form: 3rd (explicit) optative reciprocal iterative (future)
aux_3X_opt_rec_inc_pst,alheraye,aɬ.er.ˈaj.e,auxiliary-form: 3rd (explicit) optative reciprocal inceptive (past)
aux_3X_opt_rec_inc_prs,alheraya,aɬ.er.ˈaj.a,auxiliary-form: 3rd (explicit) optative reciprocal inceptive (present)
aux_3X_opt_rec_inc_fut,alherayo,aɬ.er.ˈaj.o,auxiliary-form: 3rd (explicit) optative reciprocal inceptive (future)
aux_3X_opt_rec_ces_pst,alherape,aɬ.er.ˈap.e,auxiliary-form: 3rd (explicit) optative reciprocal cessative (past)
aux_3X_opt_rec_ces_prs,alherapa,aɬ.er.ˈap.a,auxiliary-form: 3rd (explicit) optative reciprocal cessative (present)
aux_3X_opt_rec_ces_fut,alherapo,aɬ.er.ˈap.o,auxiliary-form: 3rd (explicit) optative reciprocal cessative (future)
aux_3X_opt_rec_rem_pst,alherahe,aɬ.er.ˈah.e,auxiliary-form: 3rd (explicit) optative reciprocal remote (past)
aux_3X_opt_rec_rem_prs,alheraha,aɬ.er.ˈah.a,auxiliary-form: 3rd (explicit) optative reciprocal remote (present)
aux_3X_opt_rec_rem_fut,alheraho,aɬ.er.ˈah.o,auxiliary-form: 3rd (explicit) optative reciprocal remote (future)
aux_3X_obl_sim_pst,atlofe,aƛ.ˈof.e,auxiliary-form: 3rd (explicit) obligative simple (past)
aux_3X_obl_sim_prs,atlofa,aƛ.ˈof.a,auxiliary-form: 3rd (explicit) obligative simple (present)
aux_3X_obl_sim_fut,atlofo,aƛ.ˈof.o,auxiliary-form: 3rd (explicit) obligative simple (future)
aux_3X_obl_ipf_pst,atlothe,aƛ.ˈoθ.e,auxiliary-form: 3rd (explicit) obligative imperfective (past)
aux_3X_obl_ipf_prs,atlotha,aƛ.ˈoθ.a,auxiliary-form: 3rd (explicit) obligative imperfective (present)
aux_3X_obl_ipf_fut,atlotho,aƛ.ˈoθ.o,auxiliary-form: 3rd (explicit) obligative imperfective (future)
aux_3X_obl_prf_pst,atlolhe,aƛ.ˈoɬ.e,auxiliary-form: 3rd (explicit) obligative perfect (past)
aux_3X_obl_prf_prs,atlolha,aƛ.ˈoɬ.a,auxiliary-form: 3rd (explicit) obligative perfect (present)
aux_3X_obl_prf_fut,atlolho,aƛ.ˈoɬ.o,auxiliary-form: 3rd (explicit) obligative perfect (future)
aux_3X_obl_nea_pst,atlotle,aƛ.ˈoƛ.e,auxiliary-form: 3rd (explicit) obligative near (past)
aux_3X_obl_nea_prs,atlotla,aƛ.ˈoƛ.a,auxiliary-form: 3rd (explicit) obligative near (present)
aux_3X_obl_nea_fut,atlotlo,aƛ.ˈoƛ.o,auxiliary-form: 3rd (explicit) obligative near (future)
aux_3X_obl_imm_pst,atloke,aƛ.ˈok.e,auxiliary-form: 3rd (explicit) obligative immediate (past)
aux_3X_obl_imm_prs,atloka,aƛ.ˈok.a,auxiliary-form: 3rd (explicit) obligative immediate (present)
aux_3X_obl_imm_fut,atloko,aƛ.ˈok.o,auxiliary-form: 3rd (explicit) obligative immediate (future)
aux_3X_obl_hab_pst,atlome,aƛ.ˈom.e,auxiliary-form: 3rd (explicit) obligative habitual (past)
aux_3X_obl_hab_prs,atloma,aƛ.ˈom.a,auxiliary-form: 3rd (explicit) obligative habitual (present)
aux_3X_obl_hab_fut,atlomo,aƛ.ˈom.o,auxiliary-form: 3rd (explicit) obligative habitual (future)
aux_3X_obl_pro_pst,atlose,aƛ.ˈos.e,auxiliary-form: 3rd (explicit) obligative progressive (past)
aux_3X_obl_pro_prs,atlosa,aƛ.ˈos.a,auxiliary-form: 3rd (explicit) obligative progressive (present)
aux_3X_obl_pro_fut,atloso,aƛ.ˈos.o,auxiliary-form: 3rd (explicit) obligative progressive (future)
aux_3X_obl_cnt_pst,atloshe,aƛ.ˈoʃ.e,auxiliary-form: 3rd (explicit) obligative continuous (past)
aux_3X_obl_cnt_prs,atlosha,aƛ.ˈoʃ.a,auxiliary-form: 3rd (explicit) obligative continuous (present)
aux_3X_obl_cnt_fut,atlosho,aƛ.ˈoʃ.o,auxiliary-form: 3rd (explicit) obligative continuous (future)
aux_3X_obl_itr_pst,atlone,aƛ.ˈon.e,auxiliary-form: 3rd (explicit) obligative iterative (past)
aux_3X_obl_itr_prs,atlona,aƛ.ˈon.a,auxiliary-form: 3rd (explicit) obligative iterative (present)
aux_3X_obl_itr_fut,atlono,aƛ.ˈon.o,auxiliary-form: 3rd (explicit) obligative iterative (future)
aux_3X_obl_inc_pst,atloye,aƛ.ˈoj.e,auxiliary-form: 3rd (explicit) obligative inceptive (past)
aux_3X_obl_inc_prs,atloya,aƛ.ˈoj.a,auxiliary-form: 3rd (explicit) obligative inceptive (present)
aux_3X_obl_inc_fut,atloyo,aƛ.ˈoj.o,auxiliary-form: 3rd (explicit) obligative inceptive (future)
aux_3X_obl_ces_pst,atlope,aƛ.ˈop.e,auxiliary-form: 3rd (explicit) obligative cessative (past)
aux_3X_obl_ces_prs,atlopa,aƛ.ˈop.a,auxiliary-form: 3rd (explicit) obligative cessative (present)
aux_3X_obl_ces_fut,atlopo,aƛ.ˈop.o,auxiliary-form: 3rd (explicit) obligative cessative (future)
aux_3X_obl_rem_pst,atlohe,aƛ.ˈoh.e,auxiliary-form: 3rd (explicit) obligative remote (past)
aux_3X_obl_rem_prs,atloha,aƛ.ˈoh.a,auxiliary-form: 3rd (explicit) obligative remote (present)
aux_3X_obl_rem_fut,atloho,aƛ.ˈoh.o,auxiliary-form: 3rd (explicit) obligative remote (future)
aux_3X_obl_ref_sim_pst,atlotefe,aƛ.ot.ˈef.e,auxiliary-form: 3rd (explicit) obligative reflexive simple (past)
aux_3X_obl_ref_sim_prs,atlotefa,aƛ.ot.ˈef.a,auxiliary-form: 3rd (explicit) obligative reflexive simple (present)
aux_3X_obl_ref_sim_fut,atlotefo,aƛ.ot.ˈef.o,auxiliary-form: 3rd (explicit) obligative reflexive simple (future)
aux_3X_obl_ref_ipf_pst,atlotethe,aƛ.ot.ˈeθ.e,auxiliary-form: 3rd (explicit) obligative reflexive imperfective (past)
aux_3X_obl_ref_ipf_prs,atlotetha,aƛ.ot.ˈeθ.a,auxiliary-form: 3rd (explicit) obligative reflexive imperfective (present)
aux_3X_obl_ref_ipf_fut,atlotetho,aƛ.ot.ˈeθ.o,auxiliary-form: 3rd (explicit) obligative reflexive imperfective (future)
aux_3X_obl_ref_prf_pst,atlotelhe,aƛ.ot.ˈeɬ.e,auxiliary-form: 3rd (explicit) obligative reflexive perfect (past)
aux_3X_obl_ref_prf_prs,atlotelha,aƛ.ot.ˈeɬ.a,auxiliary-form: 3rd (explicit) obligative reflexive perfect (present)
aux_3X_obl_ref_prf_fut,atlotelho,aƛ.ot.ˈeɬ.o,auxiliary-form: 3rd (explicit) obligative reflexive perfect (future)
aux_3X_obl_ref_nea_pst,atlotetle,aƛ.ot.ˈeƛ.e,auxiliary-form: 3rd (explicit) obligative reflexive near (past)
aux_3X_obl_ref_nea_prs,atlotetla,aƛ.ot.ˈeƛ.a,auxiliary-form: 3rd (explicit) obligative reflexive near (present)
aux_3X_obl_ref_nea_fut,atlotetlo,aƛ.ot.ˈeƛ.o,auxiliary-form: 3rd (explicit) obligative reflexive near (future)
aux_3X_obl_ref_imm_pst,atloteke,aƛ.ot.ˈek.e,auxiliary-form: 3rd (explicit) obligative reflexive immediate (past)
aux_3X_obl_ref_imm_prs,atloteka,aƛ.ot.ˈek.a,auxiliary-form: 3rd (explicit) obligative reflexive immediate (present)
aux_3X_obl_ref_imm_fut,atloteko,aƛ.ot.ˈek.o,auxiliary-form: 3rd (explicit) obligative reflexive immediate (future)
aux_3X_obl_ref_hab_pst,atloteme,aƛ.ot.ˈem.e,auxiliary-form: 3rd (explicit) obligative reflexive habitual (past)
aux_3X_obl_ref_hab_prs,atlotema,aƛ.ot.ˈem.a,auxiliary-form: 3rd (explicit) obligative reflexive habitual (present)
aux_3X_obl_ref_hab_fut,atlotemo,aƛ.ot.ˈem.o,auxiliary-form: 3rd (explicit) obligative reflexive habitual (future)
aux_3X_obl_ref_pro_pst,atlotese,aƛ.ot.ˈes.e,auxiliary-form: 3rd (explicit) obligative reflexive progressive (past)
aux_3X_obl_ref_pro_prs,atlotesa,aƛ.ot.ˈes.a,auxiliary-form: 3rd (explicit) obligative reflexive progressive (present)
aux_3X_obl_ref_pro_fut,atloteso,aƛ.ot.ˈes.o,auxiliary-form: 3rd (explicit) obligative reflexive progressive (future)
aux_3X_obl_ref_cnt_pst,atloteshe,aƛ.ot.ˈeʃ.e,auxiliary-form: 3rd (explicit) obligative reflexive continuous (past)
aux_3X_obl_ref_cnt_prs,atlotesha,aƛ.ot.ˈeʃ.a,auxiliary-form: 3rd (explicit) obligative reflexive continuous (present)
aux_3X_obl_ref_cnt_fut,atlotesho,aƛ.ot.ˈeʃ.o,auxiliary-form: 3rd (explicit) obligative reflexive continuous (future)
aux_3X_obl_ref_itr_pst,atlotene,aƛ.ot.ˈen.e,auxiliary-form: 3rd (explicit) obligative reflexive iterative (past)
aux_3X_obl_ref_itr_prs,atlotena,aƛ.ot.ˈen.a,auxiliary-form: 3rd (explicit) obligative reflexive iterative (present)
aux_3X_obl_ref_itr_fut,atloteno,aƛ.ot.ˈen.o,auxiliary-form: 3rd (explicit) obligative reflexive iterative (future)
aux_3X_obl_ref_inc_pst,atloteye,aƛ.ot.ˈej.e,auxiliary-form: 3rd (explicit) obligative reflexive inceptive (past)
aux_3X_obl_ref_inc_prs,atloteya,aƛ.ot.ˈej.a,auxiliary-form: 3rd (explicit) obligative reflexive inceptive (present)
aux_3X_obl_ref_inc_fut,atloteyo,aƛ.ot.ˈej.o,auxiliary-form: 3rd (explicit) obligative reflexive inceptive (future)
aux_3X_obl_ref_ces_pst,atlotepe,aƛ.ot.ˈep.e,auxiliary-form: 3rd (explicit) obligative reflexive cessative (past)
aux_3X_obl_ref_ces_prs,atlotepa,aƛ.ot.ˈep.a,auxiliary-form: 3rd (explicit) obligative reflexive cessative (present)
aux_3X_obl_ref_ces_fut,atlotepo,aƛ.ot.ˈep.o,auxiliary-form: 3rd (explicit) obligative reflexive cessative (future)
aux_3X_obl_ref_rem_pst,atlotehe,aƛ.ot.ˈeh.e,auxiliary-form: 3rd (explicit) obligative reflexive remote (past)
aux_3X_obl_ref_rem_prs,atloteha,aƛ.ot.ˈeh.a,auxiliary-form: 3rd (explicit) obligative reflexive remote (present)
aux_3X_obl_ref_rem_fut,atloteho,aƛ.ot.ˈeh.o,auxiliary-form: 3rd (explicit) obligative reflexive remote (future)
aux_3X_obl_pas_sim_pst,atlopafe,aƛ.op.ˈaf.e,auxiliary-form: 3rd (explicit) obligative passive simple (past)
aux_3X_obl_pas_sim_prs,atlopafa,aƛ.op.ˈaf.a,auxiliary-form: 3rd (explicit) obligative passive simple (present)
aux_3X_obl_pas_sim_fut,atlopafo,aƛ.op.ˈaf.o,auxiliary-form: 3rd (explicit) obligative passive simple (future)
aux_3X_obl_pas_ipf_pst,atlopathe,aƛ.op.ˈaθ.e,auxiliary-form: 3rd (explicit) obligative passive imperfective (past)
aux_3X_obl_pas_ipf_prs,atlopatha,aƛ.op.ˈaθ.a,auxiliary-form: 3rd (explicit) obligative passive imperfective (present)
aux_3X_obl_pas_ipf_fut,atlopatho,aƛ.op.ˈaθ.o,auxiliary-form: 3rd (explicit) obligative passive imperfective (future)
aux_3X_obl_pas_prf_pst,atlopalhe,aƛ.op.ˈaɬ.e,auxiliary-form: 3rd (explicit) obligative passive perfect (past)
aux_3X_obl_pas_prf_prs,atlopalha,aƛ.op.ˈaɬ.a,auxiliary-form: 3rd (explicit) obligative passive perfect (present)
aux_3X_obl_pas_prf_fut,atlopalho,aƛ.op.ˈaɬ.o,auxiliary-form: 3rd (explicit) obligative passive perfect (future)
aux_3X_obl_pas_nea_pst,atlopatle,aƛ.op.ˈaƛ.e,auxiliary-form: 3rd (explicit) obligative passive near (past)
aux_3X_obl_pas_nea_prs,atlopatla,aƛ.op.ˈaƛ.a,auxiliary-form: 3rd (explicit) obligative passive near (present)
aux_3X_obl_pas_nea_fut,atlopatlo,aƛ.op.ˈaƛ.o,auxiliary-form: 3rd (explicit) obligative passive near (future)
aux_3X_obl_pas_imm_pst,atlopake,aƛ.op.ˈak.e,auxiliary-form: 3rd (explicit) obligative passive immediate (past)
aux_3X_obl_pas_imm_prs,atlopaka,aƛ.op.ˈak.a,auxiliary-form: 3rd (explicit) obligative passive immediate (present)
aux_3X_obl_pas_imm_fut,atlopako,aƛ.op.ˈak.o,auxiliary-form: 3rd (explicit) obligative passive immediate (future)
aux_3X_obl_pas_hab_pst,atlopame,aƛ.op.ˈam.e,auxiliary-form: 3rd (explicit) obligative passive habitual (past)
aux_3X_obl_pas_hab_prs,atlopama,aƛ.op.ˈam.a,auxiliary-form: 3rd (explicit) obligative passive habitual (present)
aux_3X_obl_pas_hab_fut,atlopamo,aƛ.op.ˈam.o,auxiliary-form: 3rd (explicit) obligative passive habitual (future)
aux_3X_obl_pas_pro_pst,atlopase,aƛ.op.ˈas.e,auxiliary-form: 3rd (explicit) obligative passive progressive (past)
aux_3X_obl_pas_pro_prs,atlopasa,aƛ.op.ˈas.a,auxiliary-form: 3rd (explicit) obligative passive progressive (present)
aux_3X_obl_pas_pro_fut,atlopaso,aƛ.op.ˈas.o,auxiliary-form: 3rd (explicit) obligative passive progressive (future)
aux_3X_obl_pas_cnt_pst,atlopashe,aƛ.op.ˈaʃ.e,auxiliary-form: 3rd (explicit) obligative passive continuous (past)
aux_3X_obl_pas_cnt_prs,atlopasha,aƛ.op.ˈaʃ.a,auxiliary-form: 3rd (explicit) obligative passive continuous (present)
aux_3X_obl_pas_cnt_fut,atlopasho,aƛ.op.ˈaʃ.o,auxiliary-form: 3rd (explicit) obligative passive continuous (future)
aux_3X_obl_pas_itr_pst,atlopane,aƛ.op.ˈan.e,auxiliary-form: 3rd (explicit) obligative passive iterative (past)
aux_3X_obl_pas_itr_prs,atlopana,aƛ.op.ˈan.a,auxiliary-form: 3rd (explicit) obligative passive iterative (present)
aux_3X_obl_pas_itr_fut,atlopano,aƛ.op.ˈan.o,auxiliary-form: 3rd (explicit) obligative passive iterative (future)
aux_3X_obl_pas_inc_pst,atlopaye,aƛ.op.ˈaj.e,auxiliary-form: 3rd (explicit) obligative passive inceptive (past)
aux_3X_obl_pas_inc_prs,atlopaya,aƛ.op.ˈaj.a,auxiliary-form: 3rd (explicit) obligative passive inceptive (present)
aux_3X_obl_pas_inc_fut,atlopayo,aƛ.op.ˈaj.o,auxiliary-form: 3rd (explicit) obligative passive inceptive (future)
aux_3X_obl_pas_ces_pst,atlopape,aƛ.op.ˈap.e,auxiliary-form: 3rd (explicit) obligative passive cessative (past)
aux_3X_obl_pas_ces_prs,atlopapa,aƛ.op.ˈap.a,auxiliary-form: 3rd (explicit) obligative passive cessative (present)
aux_3X_obl_pas_ces_fut,atlopapo,aƛ.op.ˈap.o,auxiliary-form: 3rd (explicit) obligative passive cessative (future)
aux_3X_obl_pas_rem_pst,atlopahe,aƛ.op.ˈah.e,auxiliary-form: 3rd (explicit) obligative passive remote (past)
aux_3X_obl_pas_rem_prs,atlopaha,aƛ.op.ˈah.a,auxiliary-form: 3rd (explicit) obligative passive remote (present)
aux_3X_obl_pas_rem_fut,atlopaho,aƛ.op.ˈah.o,auxiliary-form: 3rd (explicit) obligative passive remote (future)
aux_3X_obl_mid_sim_pst,atlomofe,aƛ.om.ˈof.e,auxiliary-form: 3rd (explicit) obligative middle simple (past)
aux_3X_obl_mid_sim_prs,atlomofa,aƛ.om.ˈof.a,auxiliary-form: 3rd (explicit) obligative middle simple (present)
aux_3X_obl_mid_sim_fut,atlomofo,aƛ.om.ˈof.o,auxiliary-form: 3rd (explicit) obligative middle simple (future)
aux_3X_obl_mid_ipf_pst,atlomothe,aƛ.om.ˈoθ.e,auxiliary-form: 3rd (explicit) obligative middle imperfective (past)
aux_3X_obl_mid_ipf_prs,atlomotha,aƛ.om.ˈoθ.a,auxiliary-form: 3rd (explicit) obligative middle imperfective (present)
aux_3X_obl_mid_ipf_fut,atlomotho,aƛ.om.ˈoθ.o,auxiliary-form: 3rd (explicit) obligative middle imperfective (future)
aux_3X_obl_mid_prf_pst,atlomolhe,aƛ.om.ˈoɬ.e,auxiliary-form: 3rd (explicit) obligative middle perfect (past)
aux_3X_obl_mid_prf_prs,atlomolha,aƛ.om.ˈoɬ.a,auxiliary-form: 3rd (explicit) obligative middle perfect (present)
aux_3X_obl_mid_prf_fut,atlomolho,aƛ.om.ˈoɬ.o,auxiliary-form: 3rd (explicit) obligative middle perfect (future)
aux_3X_obl_mid_nea_pst,atlomotle,aƛ.om.ˈoƛ.e,auxiliary-form: 3rd (explicit) obligative middle near (past)
aux_3X_obl_mid_nea_prs,atlomotla,aƛ.om.ˈoƛ.a,auxiliary-form: 3rd (explicit) obligative middle near (present)
aux_3X_obl_mid_nea_fut,atlomotlo,aƛ.om.ˈoƛ.o,auxiliary-form: 3rd (explicit) obligative middle near (future)
aux_3X_obl_mid_imm_pst,atlomoke,aƛ.om.ˈok.e,auxiliary-form: 3rd (explicit) obligative middle immediate (past)
aux_3X_obl_mid_imm_prs,atlomoka,aƛ.om.ˈok.a,auxiliary-form: 3rd (explicit) obligative middle immediate (present)
aux_3X_obl_mid_imm_fut,atlomoko,aƛ.om.ˈok.o,auxiliary-form: 3rd (explicit) obligative middle immediate (future)
aux_3X_obl_mid_hab_pst,atlomome,aƛ.om.ˈom.e,auxiliary-form: 3rd (explicit) obligative middle habitual (past)
aux_3X_obl_mid_hab_prs,atlomoma,aƛ.om.ˈom.a,auxiliary-form: 3rd (explicit) obligative middle habitual (present)
aux_3X_obl_mid_hab_fut,atlomomo,aƛ.om.ˈom.o,auxiliary-form: 3rd (explicit) obligative middle habitual (future)
aux_3X_obl_mid_pro_pst,atlomose,aƛ.om.ˈos.e,auxiliary-form: 3rd (explicit) obligative middle progressive (past)
aux_3X_obl_mid_pro_prs,atlomosa,aƛ.om.ˈos.a,auxiliary-form: 3rd (explicit) obligative middle progressive (present)
aux_3X_obl_mid_pro_fut,atlomoso,aƛ.om.ˈos.o,auxiliary-form: 3rd (explicit) obligative middle progressive (future)
aux_3X_obl_mid_cnt_pst,atlomoshe,aƛ.om.ˈoʃ.e,auxiliary-form: 3rd (explicit) obligative middle continuous (past)
aux_3X_obl_mid_cnt_prs,atlomosha,aƛ.om.ˈoʃ.a,auxiliary-form: 3rd (explicit) obligative middle continuous (present)
aux_3X_obl_mid_cnt_fut,atlomosho,aƛ.om.ˈoʃ.o,auxiliary-form: 3rd (explicit) obligative middle continuous (future)
aux_3X_obl_mid_itr_pst,atlomone,aƛ.om.ˈon.e,auxiliary-form: 3rd (explicit) obligative middle iterative (past)
aux_3X_obl_mid_itr_prs,atlomona,aƛ.om.ˈon.a,auxiliary-form: 3rd (explicit) obligative middle iterative (present)
aux_3X_obl_mid_itr_fut,atlomono,aƛ.om.ˈon.o,auxiliary-form: 3rd (explicit) obligative middle iterative (future)
aux_3X_obl_mid_inc_pst,atlomoye,aƛ.om.ˈoj.e,auxiliary-form: 3rd (explicit) obligative middle inceptive (past)
aux_3X_obl_mid_inc_prs,atlomoya,aƛ.om.ˈoj.a,auxiliary-form: 3rd (explicit) obligative middle inceptive (present)
aux_3X_obl_mid_inc_fut,atlomoyo,aƛ.om.ˈoj.o,auxiliary-form: 3rd (explicit) obligative middle inceptive (future)
aux_3X_obl_mid_ces_pst,atlomope,aƛ.om.ˈop.e,auxiliary-form: 3rd (explicit) obligative middle cessative (past)
aux_3X_obl_mid_ces_prs,atlomopa,aƛ.om.ˈop.a,auxiliary-form: 3rd (explicit) obligative middle cessative (present)
aux_3X_obl_mid_ces_fut,atlomopo,aƛ.om.ˈop.o,auxiliary-form: 3rd (explicit) obligative middle cessative (future)
aux_3X_obl_mid_rem_pst,atlomohe,aƛ.om.ˈoh.e,auxiliary-form: 3rd (explicit) obligative middle remote (past)
aux_3X_obl_mid_rem_prs,atlomoha,aƛ.om.ˈoh.a,auxiliary-form: 3rd (explicit) obligative middle remote (present)
aux_3X_obl_mid_rem_fut,atlomoho,aƛ.om.ˈoh.o,auxiliary-form: 3rd (explicit) obligative middle remote (future)
aux_3X_obl_cau_sim_pst,atlokefe,aƛ.ok.ˈef.e,auxiliary-form: 3rd (explicit) obligative causative simple (past)
aux_3X_obl_cau_sim_prs,atlokefa,aƛ.ok.ˈef.a,auxiliary-form: 3rd (explicit) obligative causative simple (present)
aux_3X_obl_cau_sim_fut,atlokefo,aƛ.ok.ˈef.o,auxiliary-form: 3rd (explicit) obligative causative simple (future)
aux_3X_obl_cau_ipf_pst,atlokethe,aƛ.ok.ˈeθ.e,auxiliary-form: 3rd (explicit) obligative causative imperfective (past)
aux_3X_obl_cau_ipf_prs,atloketha,aƛ.ok.ˈeθ.a,auxiliary-form: 3rd (explicit) obligative causative imperfective (present)
aux_3X_obl_cau_ipf_fut,atloketho,aƛ.ok.ˈeθ.o,auxiliary-form: 3rd (explicit) obligative causative imperfective (future)
aux_3X_obl_cau_prf_pst,atlokelhe,aƛ.ok.ˈeɬ.e,auxiliary-form: 3rd (explicit) obligative causative perfect (past)
aux_3X_obl_cau_prf_prs,atlokelha,aƛ.ok.ˈeɬ.a,auxiliary-form: 3rd (explicit) obligative causative perfect (present)
aux_3X_obl_cau_prf_fut,atlokelho,aƛ.ok.ˈeɬ.o,auxiliary-form: 3rd (explicit) obligative causative perfect (future)
aux_3X_obl_cau_nea_pst,atloketle,aƛ.ok.ˈeƛ.e,auxiliary-form: 3rd (explicit) obligative causative near (past)
aux_3X_obl_cau_nea_prs,atloketla,aƛ.ok.ˈeƛ.a,auxiliary-form: 3rd (explicit) obligative causative near (present)
aux_3X_obl_cau_nea_fut,atloketlo,aƛ.ok.ˈeƛ.o,auxiliary-form: 3rd (explicit) obligative causative near (future)
aux_3X_obl_cau_imm_pst,atlokeke,aƛ.ok.ˈek.e,auxiliary-form: 3rd (explicit) obligative causative immediate (past)
aux_3X_obl_cau_imm_prs,atlokeka,aƛ.ok.ˈek.a,auxiliary-form: 3rd (explicit) obligative causative immediate (present)
aux_3X_obl_cau_imm_fut,atlokeko,aƛ.ok.ˈek.o,auxiliary-form: 3rd (explicit) obligative causative immediate (future)
aux_3X_obl_cau_hab_pst,atlokeme,aƛ.ok.ˈem.e,auxiliary-form: 3rd (explicit) obligative causative habitual (past)
aux_3X_obl_cau_hab_prs,atlokema,aƛ.ok.ˈem.a,auxiliary-form: 3rd (explicit) obligative causative habitual (present)
aux_3X_obl_cau_hab_fut,atlokemo,aƛ.ok.ˈem.o,auxiliary-form: 3rd (explicit) obligative causative habitual (future)
aux_3X_obl_cau_pro_pst,atlokese,aƛ.ok.ˈes.e,auxiliary-form: 3rd (explicit) obligative causative progressive (past)
aux_3X_obl_cau_pro_prs,atlokesa,aƛ.ok.ˈes.a,auxiliary-form: 3rd (explicit) obligative causative progressive (present)
aux_3X_obl_cau_pro_fut,atlokeso,aƛ.ok.ˈes.o,auxiliary-form: 3rd (explicit) obligative causative progressive (future)
aux_3X_obl_cau_cnt_pst,atlokeshe,aƛ.ok.ˈeʃ.e,auxiliary-form: 3rd (explicit) obligative causative continuous (past)
aux_3X_obl_cau_cnt_prs,atlokesha,aƛ.ok.ˈeʃ.a,auxiliary-form: 3rd (explicit) obligative causative continuous (present)
aux_3X_obl_cau_cnt_fut,atlokesho,aƛ.ok.ˈeʃ.o,auxiliary-form: 3rd (explicit) obligative causative continuous (future)
aux_3X_obl_cau_itr_pst,atlokene,aƛ.ok.ˈen.e,auxiliary-form: 3rd (explicit) obligative causative iterative (past)
aux_3X_obl_cau_itr_prs,atlokena,aƛ.ok.ˈen.a,auxiliary-form: 3rd (explicit) obligative causative iterative (present)
aux_3X_obl_cau_itr_fut,atlokeno,aƛ.ok.ˈen.o,auxiliary-form: 3rd (explicit) obligative causative iterative (future)
aux_3X_obl_cau_inc_pst,atlokeye,aƛ.ok.ˈej.e,auxiliary-form: 3rd (explicit) obligative causative inceptive (past)
aux_3X_obl_cau_inc_prs,atlokeya,aƛ.ok.ˈej.a,auxiliary-form: 3rd (explicit) obligative causative inceptive (present)
aux_3X_obl_cau_inc_fut,atlokeyo,aƛ.ok.ˈej.o,auxiliary-form: 3rd (explicit) obligative causative inceptive (future)
aux_3X_obl_cau_ces_pst,atlokepe,aƛ.ok.ˈep.e,auxiliary-form: 3rd (explicit) obligative causative cessative (past)
aux_3X_obl_cau_ces_prs,atlokepa,aƛ.ok.ˈep.a,auxiliary-form: 3rd (explicit) obligative causative cessative (present)
aux_3X_obl_cau_ces_fut,atlokepo,aƛ.ok.ˈep.o,auxiliary-form: 3rd (explicit) obligative causative cessative (future)
aux_3X_obl_cau_rem_pst,atlokehe,aƛ.ok.ˈeh.e,auxiliary-form: 3rd (explicit) obligative causative remote (past)
aux_3X_obl_cau_rem_prs,atlokeha,aƛ.ok.ˈeh.a,auxiliary-form: 3rd (explicit) obligative causative remote (present)
aux_3X_obl_cau_rem_fut,atlokeho,aƛ.ok.ˈeh.o,auxiliary-form: 3rd (explicit) obligative causative remote (future)
aux_3X_obl_rec_sim_pst,atlorafe,aƛ.or.ˈaf.e,auxiliary-form: 3rd (explicit) obligative reciprocal simple (past)
aux_3X_obl_rec_sim_prs,atlorafa,aƛ.or.ˈaf.a,auxiliary-form: 3rd (explicit) obligative reciprocal simple (present)
aux_3X_obl_rec_sim_fut,atlorafo,aƛ.or.ˈaf.o,auxiliary-form: 3rd (explicit) obligative reciprocal simple (future)
aux_3X_obl_rec_ipf_pst,atlorathe,aƛ.or.ˈaθ.e,auxiliary-form: 3rd (explicit) obligative reciprocal imperfective (past)
aux_3X_obl_rec_ipf_prs,atloratha,aƛ.or.ˈaθ.a,auxiliary-form: 3rd (explicit) obligative reciprocal imperfective (present)
aux_3X_obl_rec_ipf_fut,atloratho,aƛ.or.ˈaθ.o,auxiliary-form: 3rd (explicit) obligative reciprocal imperfective (future)
aux_3X_obl_rec_prf_pst,atloralhe,aƛ.or.ˈaɬ.e,auxiliary-form: 3rd (explicit) obligative reciprocal perfect (past)
aux_3X_obl_rec_prf_prs,atloralha,aƛ.or.ˈaɬ.a,auxiliary-form: 3rd (explicit) obligative reciprocal perfect (present)
aux_3X_obl_rec_prf_fut,atloralho,aƛ.or.ˈaɬ.o,auxiliary-form: 3rd (explicit) obligative reciprocal perfect (future)
aux_3X_obl_rec_nea_pst,atloratle,aƛ.or.ˈaƛ.e,auxiliary-form: 3rd (explicit) obligative reciprocal near (past)
aux_3X_obl_rec_nea_prs,atloratla,aƛ.or.ˈaƛ.a,auxiliary-form: 3rd (explicit) obligative reciprocal near (present)
aux_3X_obl_rec_nea_fut,atloratlo,aƛ.or.ˈaƛ.o,auxiliary-form: 3rd (explicit) obligative reciprocal near (future)
aux_3X_obl_rec_imm_pst,atlorake,aƛ.or.ˈak.e,auxiliary-form: 3rd (explicit) obligative reciprocal immediate (past)
aux_3X_obl_rec_imm_prs,atloraka,aƛ.or.ˈak.a,auxiliary-form: 3rd (explicit) obligative reciprocal immediate (present)
aux_3X_obl_rec_imm_fut,atlorako,aƛ.or.ˈak.o,auxiliary-form: 3rd (explicit) obligative reciprocal immediate (future)
aux_3X_obl_rec_hab_pst,atlorame,aƛ.or.ˈam.e,auxiliary-form: 3rd (explicit) obligative reciprocal habitual (past)
aux_3X_obl_rec_hab_prs,atlorama,aƛ.or.ˈam.a,auxiliary-form: 3rd (explicit) obligative reciprocal habitual (present)
aux_3X_obl_rec_hab_fut,atloramo,aƛ.or.ˈam.o,auxiliary-form: 3rd (explicit) obligative reciprocal habitual (future)
aux_3X_obl_rec_pro_pst,atlorase,aƛ.or.ˈas.e,auxiliary-form: 3rd (explicit) obligative reciprocal progressive (past)
aux_3X_obl_rec_pro_prs,atlorasa,aƛ.or.ˈas.a,auxiliary-form: 3rd (explicit) obligative reciprocal progressive (present)
aux_3X_obl_rec_pro_fut,atloraso,aƛ.or.ˈas.o,auxiliary-form: 3rd (explicit) obligative reciprocal progressive (future)
aux_3X_obl_rec_cnt_pst,atlorashe,aƛ.or.ˈaʃ.e,auxiliary-form: 3rd (explicit) obligative reciprocal continuous (past)
aux_3X_obl_rec_cnt_prs,atlorasha,aƛ.or.ˈaʃ.a,auxiliary-form: 3rd (explicit) obligative reciprocal continuous (present)
aux_3X_obl_rec_cnt_fut,atlorasho,aƛ.or.ˈaʃ.o,auxiliary-form: 3rd (explicit) obligative reciprocal continuous (future)
aux_3X_obl_rec_itr_pst,atlorane,aƛ.or.ˈan.e,auxiliary-form: 3rd (explicit) obligative reciprocal iterative (past)
aux_3X_obl_rec_itr_prs,atlorana,aƛ.or.ˈan.a,auxiliary-form: 3rd (explicit) obligative reciprocal iterative (present)
aux_3X_obl_rec_itr_fut,atlorano,aƛ.or.ˈan.o,auxiliary-form: 3rd (explicit) obligative reciprocal iterative (future)
aux_3X_obl_rec_inc_pst,atloraye,aƛ.or.ˈaj.e,auxiliary-form: 3rd (explicit) obligative reciprocal inceptive (past)
aux_3X_obl_rec_inc_prs,atloraya,aƛ.or.ˈaj.a,auxiliary-form: 3rd (explicit) obligative reciprocal inceptive (present)
aux_3X_obl_rec_inc_fut,atlorayo,aƛ.or.ˈaj.o,auxiliary-form: 3rd (explicit) obligative reciprocal inceptive (future)
aux_3X_obl_rec_ces_pst,atlorape,aƛ.or.ˈap.e,auxiliary-form: 3rd (explicit) obligative reciprocal cessative (past)
aux_3X_obl_rec_ces_prs,atlorapa,aƛ.or.ˈap.a,auxiliary-form: 3rd (explicit) obligative reciprocal cessative (present)
aux_3X_obl_rec_ces_fut,atlorapo,aƛ.or.ˈap.o,auxiliary-form: 3rd (explicit) obligative reciprocal cessative (future)
aux_3X_obl_rec_rem_pst,atlorahe,aƛ.or.ˈah.e,auxiliary-form: 3rd (explicit) obligative reciprocal remote (past)
aux_3X_obl_rec_rem_prs,atloraha,aƛ.or.ˈah.a,auxiliary-form: 3rd (explicit) obligative reciprocal remote (present)
aux_3X_obl_rec_rem_fut,atloraho,aƛ.or.ˈah.o,auxiliary-form: 3rd (explicit) obligative reciprocal remote (future)
aux_3X_pot_sim_pst,ashofe,aʃ.ˈof.e,auxiliary-form: 3rd (explicit) potential simple (past)
aux_3X_pot_sim_prs,ashofa,aʃ.ˈof.a,auxiliary-form: 3rd (explicit) potential simple (present)
aux_3X_pot_sim_fut,ashofo,aʃ.ˈof.o,auxiliary-form: 3rd (explicit) potential simple (future)
aux_3X_pot_ipf_pst,ashothe,aʃ.ˈoθ.e,auxiliary-form: 3rd (explicit) potential imperfective (past)
aux_3X_pot_ipf_prs,ashotha,aʃ.ˈoθ.a,auxiliary-form: 3rd (explicit) potential imperfective (present)
aux_3X_pot_ipf_fut,ashotho,aʃ.ˈoθ.o,auxiliary-form: 3rd (explicit) potential imperfective (future)
aux_3X_pot_prf_pst,asholhe,aʃ.ˈoɬ.e,auxiliary-form: 3rd (explicit) potential perfect (past)
aux_3X_pot_prf_prs,asholha,aʃ.ˈoɬ.a,auxiliary-form: 3rd (explicit) potential perfect (present)
aux_3X_pot_prf_fut,asholho,aʃ.ˈoɬ.o,auxiliary-form: 3rd (explicit) potential perfect (future)
aux_3X_pot_nea_pst,ashotle,aʃ.ˈoƛ.e,auxiliary-form: 3rd (explicit) potential near (past)
aux_3X_pot_nea_prs,ashotla,aʃ.ˈoƛ.a,auxiliary-form: 3rd (explicit) potential near (present)
aux_3X_pot_nea_fut,ashotlo,aʃ.ˈoƛ.o,auxiliary-form: 3rd (explicit) potential near (future)
aux_3X_pot_imm_pst,ashoke,aʃ.ˈok.e,auxiliary-form: 3rd (explicit) potential immediate (past)
aux_3X_pot_imm_prs,ashoka,aʃ.ˈok.a,auxiliary-form: 3rd (explicit) potential immediate (present)
aux_3X_pot_imm_fut,ashoko,aʃ.ˈok.o,auxiliary-form: 3rd (explicit) potential immediate (future)
aux_3X_pot_hab_pst,ashome,aʃ.ˈom.e,auxiliary-form: 3rd (explicit) potential habitual (past)
aux_3X_pot_hab_prs,ashoma,aʃ.ˈom.a,auxiliary-form: 3rd (explicit) potential habitual (present)
aux_3X_pot_hab_fut,ashomo,aʃ.ˈom.o,auxiliary-form: 3rd (explicit) potential habitual (future)
aux_3X_pot_pro_pst,ashose,aʃ.ˈos.e,auxiliary-form: 3rd (explicit) potential progressive (past)
aux_3X_pot_pro_prs,ashosa,aʃ.ˈos.a,auxiliary-form: 3rd (explicit) potential progressive (present)
aux_3X_pot_pro_fut,ashoso,aʃ.ˈos.o,auxiliary-form: 3rd (explicit) potential progressive (future)
aux_3X_pot_cnt_pst,ashoshe,aʃ.ˈoʃ.e,auxiliary-form: 3rd (explicit) potential continuous (past)
aux_3X_pot_cnt_prs,ashosha,aʃ.ˈoʃ.a,auxiliary-form: 3rd (explicit) potential continuous (present)
aux_3X_pot_cnt_fut,ashosho,aʃ.ˈoʃ.o,auxiliary-form: 3rd (explicit) potential continuous (future)
aux_3X_pot_itr_pst,ashone,aʃ.ˈon.e,auxiliary-form: 3rd (explicit) potential iterative (past)
aux_3X_pot_itr_prs,ashona,aʃ.ˈon.a,auxiliary-form: 3rd (explicit) potential iterative (present)
aux_3X_pot_itr_fut,ashono,aʃ.ˈon.o,auxiliary-form: 3rd (explicit) potential iterative (future)
aux_3X_pot_inc_pst,ashoye,aʃ.ˈoj.e,auxiliary-form: 3rd (explicit) potential inceptive (past)
aux_3X_pot_inc_prs,ashoya,aʃ.ˈoj.a,auxiliary-form: 3rd (explicit) potential inceptive (present)
aux_3X_pot_inc_fut,ashoyo,aʃ.ˈoj.o,auxiliary-form: 3rd (explicit) potential inceptive (future)
aux_3X_pot_ces_pst,ashope,aʃ.ˈop.e,auxiliary-form: 3rd (explicit) potential cessative (past)
aux_3X_pot_ces_prs,ashopa,aʃ.ˈop.a,auxiliary-form: 3rd (explicit) potential cessative (present)
aux_3X_pot_ces_fut,ashopo,aʃ.ˈop.o,auxiliary-form: 3rd (explicit) potential cessative (future)
aux_3X_pot_rem_pst,ashohe,aʃ.ˈoh.e,auxiliary-form: 3rd (explicit) potential remote (past)
aux_3X_pot_rem_prs,ashoha,aʃ.ˈoh.a,auxiliary-form: 3rd (explicit) potential remote (present)
aux_3X_pot_rem_fut,ashoho,aʃ.ˈoh.o,auxiliary-form: 3rd (explicit) potential remote (future)
aux_3X_pot_ref_sim_pst,ashotefe,aʃ.ot.ˈef.e,auxiliary-form: 3rd (explicit) potential reflexive simple (past)
aux_3X_pot_ref_sim_prs,ashotefa,aʃ.ot.ˈef.a,auxiliary-form: 3rd (explicit) potential reflexive simple (present)
aux_3X_pot_ref_sim_fut,ashotefo,aʃ.ot.ˈef.o,auxiliary-form: 3rd (explicit) potential reflexive simple (future)
aux_3X_pot_ref_ipf_pst,ashotethe,aʃ.ot.ˈeθ.e,auxiliary-form: 3rd (explicit) potential reflexive imperfective (past)
aux_3X_pot_ref_ipf_prs,ashotetha,aʃ.ot.ˈeθ.a,auxiliary-form: 3rd (explicit) potential reflexive imperfective (present)
aux_3X_pot_ref_ipf_fut,ashotetho,aʃ.ot.ˈeθ.o,auxiliary-form: 3rd (explicit) potential reflexive imperfective (future)
aux_3X_pot_ref_prf_pst,ashotelhe,aʃ.ot.ˈeɬ.e,auxiliary-form: 3rd (explicit) potential reflexive perfect (past)
aux_3X_pot_ref_prf_prs,ashotelha,aʃ.ot.ˈeɬ.a,auxiliary-form: 3rd (explicit) potential reflexive perfect (present)
aux_3X_pot_ref_prf_fut,ashotelho,aʃ.ot.ˈeɬ.o,auxiliary-form: 3rd (explicit) potential reflexive perfect (future)
aux_3X_pot_ref_nea_pst,ashotetle,aʃ.ot.ˈeƛ.e,auxiliary-form: 3rd (explicit) potential reflexive near (past)
aux_3X_pot_ref_nea_prs,ashotetla,aʃ.ot.ˈeƛ.a,auxiliary-form: 3rd (explicit) potential reflexive near (present)
aux_3X_pot_ref_nea_fut,ashotetlo,aʃ.ot.ˈeƛ.o,auxiliary-form: 3rd (explicit) potential reflexive near (future)
aux_3X_pot_ref_imm_pst,ashoteke,aʃ.ot.ˈek.e,auxiliary-form: 3rd (explicit) potential reflexive immediate (past)
aux_3X_pot_ref_imm_prs,ashoteka,aʃ.ot.ˈek.a,auxiliary-form: 3rd (explicit) potential reflexive immediate (present)
aux_3X_pot_ref_imm_fut,ashoteko,aʃ.ot.ˈek.o,auxiliary-form: 3rd (explicit) potential reflexive immediate (future)
aux_3X_pot_ref_hab_pst,ashoteme,aʃ.ot.ˈem.e,auxiliary-form: 3rd (explicit) potential reflexive habitual (past)
aux_3X_pot_ref_hab_prs,ashotema,aʃ.ot.ˈem.a,auxiliary-form: 3rd (explicit) potential reflexive habitual (present)
aux_3X_pot_ref_hab_fut,ashotemo,aʃ.ot.ˈem.o,auxiliary-form: 3rd (explicit) potential reflexive habitual (future)
aux_3X_pot_ref_pro_pst,ashotese,aʃ.ot.ˈes.e,auxiliary-form: 3rd (explicit) potential reflexive progressive (past)
aux_3X_pot_ref_pro_prs,ashotesa,aʃ.ot.ˈes.a,auxiliary-form: 3rd (explicit) potential reflexive progressive (present)
aux_3X_pot_ref_pro_fut,ashoteso,aʃ.ot.ˈes.o,auxiliary-form: 3rd (explicit) potential reflexive progressive (future)
aux_3X_pot_ref_cnt_pst,ashoteshe,aʃ.ot.ˈeʃ.e,auxiliary-form: 3rd (explicit) potential reflexive continuous (past)
aux_3X_pot_ref_cnt_prs,ashotesha,aʃ.ot.ˈeʃ.a,auxiliary-form: 3rd (explicit) potential reflexive continuous (present)
aux_3X_pot_ref_cnt_fut,ashotesho,aʃ.ot.ˈeʃ.o,auxiliary-form: 3rd (explicit) potential reflexive continuous (future)
aux_3X_pot_ref_itr_pst,ashotene,aʃ.ot.ˈen.e,auxiliary-form: 3rd (explicit) potential reflexive iterative (past)
aux_3X_pot_ref_itr_prs,ashotena,aʃ.ot.ˈen.a,auxiliary-form: 3rd (explicit) potential reflexive iterative (present)
aux_3X_pot_ref_itr_fut,ashoteno,aʃ.ot.ˈen.o,auxiliary-form: 3rd (explicit) potential reflexive iterative (future)
aux_3X_pot_ref_inc_pst,ashoteye,aʃ.ot.ˈej.e,auxiliary-form: 3rd (explicit) potential reflexive inceptive (past)
aux_3X_pot_ref_inc_prs,ashoteya,aʃ.ot.ˈej.a,auxiliary-form: 3rd (explicit) potential reflexive inceptive (present)
aux_3X_pot_ref_inc_fut,ashoteyo,aʃ.ot.ˈej.o,auxiliary-form: 3rd (explicit) potential reflexive inceptive (future)
aux_3X_pot_ref_ces_pst,ashotepe,aʃ.ot.ˈep.e,auxiliary-form: 3rd (explicit) potential reflexive cessative (past)
aux_3X_pot_ref_ces_prs,ashotepa,aʃ.ot.ˈep.a,auxiliary-form: 3rd (explicit) potential reflexive cessative (present)
aux_3X_pot_ref_ces_fut,ashotepo,aʃ.ot.ˈep.o,auxiliary-form: 3rd (explicit) potential reflexive cessative (future)
aux_3X_pot_ref_rem_pst,ashotehe,aʃ.ot.ˈeh.e,auxiliary-form: 3rd (explicit) potential reflexive remote (past)
aux_3X_pot_ref_rem_prs,ashoteha,aʃ.ot.ˈeh.a,auxiliary-form: 3rd (explicit) potential reflexive remote (present)
aux_3X_pot_ref_rem_fut,ashoteho,aʃ.ot.ˈeh.o,auxiliary-form: 3rd (explicit) potential reflexive remote (future)
aux_3X_pot_pas_sim_pst,ashopafe,aʃ.op.ˈaf.e,auxiliary-form: 3rd (explicit) potential passive simple (past)
aux_3X_pot_pas_sim_prs,ashopafa,aʃ.op.ˈaf.a,auxiliary-form: 3rd (explicit) potential passive simple (present)
aux_3X_pot_pas_sim_fut,ashopafo,aʃ.op.ˈaf.o,auxiliary-form: 3rd (explicit) potential passive simple (future)
aux_3X_pot_pas_ipf_pst,ashopathe,aʃ.op.ˈaθ.e,auxiliary-form: 3rd (explicit) potential passive imperfective (past)
aux_3X_pot_pas_ipf_prs,ashopatha,aʃ.op.ˈaθ.a,auxiliary-form: 3rd (explicit) potential passive imperfective (present)
aux_3X_pot_pas_ipf_fut,ashopatho,aʃ.op.ˈaθ.o,auxiliary-form: 3rd (explicit) potential passive imperfective (future)
aux_3X_pot_pas_prf_pst,ashopalhe,aʃ.op.ˈaɬ.e,auxiliary-form: 3rd (explicit) potential passive perfect (past)
aux_3X_pot_pas_prf_prs,ashopalha,aʃ.op.ˈaɬ.a,auxiliary-form: 3rd (explicit) potential passive perfect (present)
aux_3X_pot_pas_prf_fut,ashopalho,aʃ.op.ˈaɬ.o,auxiliary-form: 3rd (explicit) potential passive perfect (future)
aux_3X_pot_pas_nea_pst,ashopatle,aʃ.op.ˈaƛ.e,auxiliary-form: 3rd (explicit) potential passive near (past)
aux_3X_pot_pas_nea_prs,ashopatla,aʃ.op.ˈaƛ.a,auxiliary-form: 3rd (explicit) potential passive near (present)
aux_3X_pot_pas_nea_fut,ashopatlo,aʃ.op.ˈaƛ.o,auxiliary-form: 3rd (explicit) potential passive near (future)
aux_3X_pot_pas_imm_pst,ashopake,aʃ.op.ˈak.e,auxiliary-form: 3rd (explicit) potential passive immediate (past)
aux_3X_pot_pas_imm_prs,ashopaka,aʃ.op.ˈak.a,auxiliary-form: 3rd (explicit) potential passive immediate (present)
aux_3X_pot_pas_imm_fut,ashopako,aʃ.op.ˈak.o,auxiliary-form: 3rd (explicit) potential passive immediate (future)
aux_3X_pot_pas_hab_pst,ashopame,aʃ.op.ˈam.e,auxiliary-form: 3rd (explicit) potential passive habitual (past)
aux_3X_pot_pas_hab_prs,ashopama,aʃ.op.ˈam.a,auxiliary-form: 3rd (explicit) potential passive habitual (present)
aux_3X_pot_pas_hab_fut,ashopamo,aʃ.op.ˈam.o,auxiliary-form: 3rd (explicit) potential passive habitual (future)
aux_3X_pot_pas_pro_pst,ashopase,aʃ.op.ˈas.e,auxiliary-form: 3rd (explicit) potential passive progressive (past)
aux_3X_pot_pas_pro_prs,ashopasa,aʃ.op.ˈas.a,auxiliary-form: 3rd (explicit) potential passive progressive (present)
aux_3X_pot_pas_pro_fut,ashopaso,aʃ.op.ˈas.o,auxiliary-form: 3rd (explicit) potential passive progressive (future)
aux_3X_pot_pas_cnt_pst,ashopashe,aʃ.op.ˈaʃ.e,auxiliary-form: 3rd (explicit) potential passive continuous (past)
aux_3X_pot_pas_cnt_prs,ashopasha,aʃ.op.ˈaʃ.a,auxiliary-form: 3rd (explicit) potential passive continuous (present)
aux_3X_pot_pas_cnt_fut,ashopasho,aʃ.op.ˈaʃ.o,auxiliary-form: 3rd (explicit) potential passive continuous (future)
aux_3X_pot_pas_itr_pst,ashopane,aʃ.op.ˈan.e,auxiliary-form: 3rd (explicit) potential passive iterative (past)
aux_3X_pot_pas_itr_prs,ashopana,aʃ.op.ˈan.a,auxiliary-form: 3rd (explicit) potential passive iterative (present)
aux_3X_pot_pas_itr_fut,ashopano,aʃ.op.ˈan.o,auxiliary-form: 3rd (explicit) potential passive iterative (future)
aux_3X_pot_pas_inc_pst,ashopaye,aʃ.op.ˈaj.e,auxiliary-form: 3rd (explicit) potential passive inceptive (past)
aux_3X_pot_pas_inc_prs,ashopaya,aʃ.op.ˈaj.a,auxiliary-form: 3rd (explicit) potential passive inceptive (present)
aux_3X_pot_pas_inc_fut,ashopayo,aʃ.op.ˈaj.o,auxiliary-form: 3rd (explicit) potential passive inceptive (future)
aux_3X_pot_pas_ces_pst,ashopape,aʃ.op.ˈap.e,auxiliary-form: 3rd (explicit) potential passive cessative (past)
aux_3X_pot_pas_ces_prs,ashopapa,aʃ.op.ˈap.a,auxiliary-form: 3rd (explicit) potential passive cessative (present)
aux_3X_pot_pas_ces_fut,ashopapo,aʃ.op.ˈap.o,auxiliary-form: 3rd (explicit) potential passive cessative (future)
aux_3X_pot_pas_rem_pst,ashopahe,aʃ.op.ˈah.e,auxiliary-form: 3rd (explicit) potential passive remote (past)
aux_3X_pot_pas_rem_prs,ashopaha,aʃ.op.ˈah.a,auxiliary-form: 3rd (explicit) potential passive remote (present)
aux_3X_pot_pas_rem_fut,ashopaho,aʃ.op.ˈah.o,auxiliary-form: 3rd (explicit) potential passive remote (future)
aux_3X_pot_mid_sim_pst,ashomofe,aʃ.om.ˈof.e,auxiliary-form: 3rd (explicit) potential middle simple (past)
aux_3X_pot_mid_sim_prs,ashomofa,aʃ.om.ˈof.a,auxiliary-form: 3rd (explicit) potential middle simple (present)
aux_3X_pot_mid_sim_fut,ashomofo,aʃ.om.ˈof.o,auxiliary-form: 3rd (explicit) potential middle simple (future)
aux_3X_pot_mid_ipf_pst,ashomothe,aʃ.om.ˈoθ.e,auxiliary-form: 3rd (explicit) potential middle imperfective (past)
aux_3X_pot_mid_ipf_prs,ashomotha,aʃ.om.ˈoθ.a,auxiliary-form: 3rd (explicit) potential middle imperfective (present)
aux_3X_pot_mid_ipf_fut,ashomotho,aʃ.om.ˈoθ.o,auxiliary-form: 3rd (explicit) potential middle imperfective (future)
aux_3X_pot_mid_prf_pst,ashomolhe,aʃ.om.ˈoɬ.e,auxiliary-form: 3rd (explicit) potential middle perfect (past)
aux_3X_pot_mid_prf_prs,ashomolha,aʃ.om.ˈoɬ.a,auxiliary-form: 3rd (explicit) potential middle perfect (present)
aux_3X_pot_mid_prf_fut,ashomolho,aʃ.om.ˈoɬ.o,auxiliary-form: 3rd (explicit) potential middle perfect (future)
aux_3X_pot_mid_nea_pst,ashomotle,aʃ.om.ˈoƛ.e,auxiliary-form: 3rd (explicit) potential middle near (past)
aux_3X_pot_mid_nea_prs,ashomotla,aʃ.om.ˈoƛ.a,auxiliary-form: 3rd (explicit) potential middle near (present)
aux_3X_pot_mid_nea_fut,ashomotlo,aʃ.om.ˈoƛ.o,auxiliary-form: 3rd (explicit) potential middle near (future)
aux_3X_pot_mid_imm_pst,ashomoke,aʃ.om.ˈok.e,auxiliary-form: 3rd (explicit) potential middle immediate (past)
aux_3X_pot_mid_imm_prs,ashomoka,aʃ.om.ˈok.a,auxiliary-form: 3rd (explicit) potential middle immediate (present)
aux_3X_pot_mid_imm_fut,ashomoko,aʃ.om.ˈok.o,auxiliary-form: 3rd (explicit) potential middle immediate (future)
aux_3X_pot_mid_hab_pst,ashomome,aʃ.om.ˈom.e,auxiliary-form: 3rd (explicit) potential middle habitual (past)
aux_3X_pot_mid_hab_prs,ashomoma,aʃ.om.ˈom.a,auxiliary-form: 3rd (explicit) potential middle habitual (present)
aux_3X_pot_mid_hab_fut,ashomomo,aʃ.om.ˈom.o,auxiliary-form: 3rd (explicit) potential middle habitual (future)
aux_3X_pot_mid_pro_pst,ashomose,aʃ.om.ˈos.e,auxiliary-form: 3rd (explicit) potential middle progressive (past)
aux_3X_pot_mid_pro_prs,ashomosa,aʃ.om.ˈos.a,auxiliary-form: 3rd (explicit) potential middle progressive (present)
aux_3X_pot_mid_pro_fut,ashomoso,aʃ.om.ˈos.o,auxiliary-form: 3rd (explicit) potential middle progressive (future)
aux_3X_pot_mid_cnt_pst,ashomoshe,aʃ.om.ˈoʃ.e,auxiliary-form: 3rd (explicit) potential middle continuous (past)
aux_3X_pot_mid_cnt_prs,ashomosha,aʃ.om.ˈoʃ.a,auxiliary-form: 3rd (explicit) potential middle continuous (present)
aux_3X_pot_mid_cnt_fut,ashomosho,aʃ.om.ˈoʃ.o,auxiliary-form: 3rd (explicit) potential middle continuous (future)
aux_3X_pot_mid_itr_pst,ashomone,aʃ.om.ˈon.e,auxiliary-form: 3rd (explicit) potential middle iterative (past)
aux_3X_pot_mid_itr_prs,ashomona,aʃ.om.ˈon.a,auxiliary-form: 3rd (explicit) potential middle iterative (present)
aux_3X_pot_mid_itr_fut,ashomono,aʃ.om.ˈon.o,auxiliary-form: 3rd (explicit) potential middle iterative (future)
aux_3X_pot_mid_inc_pst,ashomoye,aʃ.om.ˈoj.e,auxiliary-form: 3rd (explicit) potential middle inceptive (past)
aux_3X_pot_mid_inc_prs,ashomoya,aʃ.om.ˈoj.a,auxiliary-form: 3rd (explicit) potential middle inceptive (present)
aux_3X_pot_mid_inc_fut,ashomoyo,aʃ.om.ˈoj.o,auxiliary-form: 3rd (explicit) potential middle inceptive (future)
aux_3X_pot_mid_ces_pst,ashomope,aʃ.om.ˈop.e,auxiliary-form: 3rd (explicit) potential middle cessative (past)
aux_3X_pot_mid_ces_prs,ashomopa,aʃ.om.ˈop.a,auxiliary-form: 3rd (explicit) potential middle cessative (present)
aux_3X_pot_mid_ces_fut,ashomopo,aʃ.om.ˈop.o,auxiliary-form: 3rd (explicit) potential middle cessative (future)
aux_3X_pot_mid_rem_pst,ashomohe,aʃ.om.ˈoh.e,auxiliary-form: 3rd (explicit) potential middle remote (past)
aux_3X_pot_mid_rem_prs,ashomoha,aʃ.om.ˈoh.a,auxiliary-form: 3rd (explicit) potential middle remote (present)
aux_3X_pot_mid_rem_fut,ashomoho,aʃ.om.ˈoh.o,auxiliary-form: 3rd (explicit) potential middle remote (future)
aux_3X_pot_cau_sim_pst,ashokefe,aʃ.ok.ˈef.e,auxiliary-form: 3rd (explicit) potential causative simple (past)
aux_3X_pot_cau_sim_prs,ashokefa,aʃ.ok.ˈef.a,auxiliary-form: 3rd (explicit) potential causative simple (present)
aux_3X_pot_cau_sim_fut,ashokefo,aʃ.ok.ˈef.o,auxiliary-form: 3rd (explicit) potential causative simple (future)
aux_3X_pot_cau_ipf_pst,ashokethe,aʃ.ok.ˈeθ.e,auxiliary-form: 3rd (explicit) potential causative imperfective (past)
aux_3X_pot_cau_ipf_prs,ashoketha,aʃ.ok.ˈeθ.a,auxiliary-form: 3rd (explicit) potential causative imperfective (present)
aux_3X_pot_cau_ipf_fut,ashoketho,aʃ.ok.ˈeθ.o,auxiliary-form: 3rd (explicit) potential causative imperfective (future)
aux_3X_pot_cau_prf_pst,ashokelhe,aʃ.ok.ˈeɬ.e,auxiliary-form: 3rd (explicit) potential causative perfect (past)
aux_3X_pot_cau_prf_prs,ashokelha,aʃ.ok.ˈeɬ.a,auxiliary-form: 3rd (explicit) potential causative perfect (present)
aux_3X_pot_cau_prf_fut,ashokelho,aʃ.ok.ˈeɬ.o,auxiliary-form: 3rd (explicit) potential causative perfect (future)
aux_3X_pot_cau_nea_pst,ashoketle,aʃ.ok.ˈeƛ.e,auxiliary-form: 3rd (explicit) potential causative near (past)
aux_3X_pot_cau_nea_prs,ashoketla,aʃ.ok.ˈeƛ.a,auxiliary-form: 3rd (explicit) potential causative near (present)
aux_3X_pot_cau_nea_fut,ashoketlo,aʃ.ok.ˈeƛ.o,auxiliary-form: 3rd (explicit) potential causative near (future)
aux_3X_pot_cau_imm_pst,ashokeke,aʃ.ok.ˈek.e,auxiliary-form: 3rd (explicit) potential causative immediate (past)
aux_3X_pot_cau_imm_prs,ashokeka,aʃ.ok.ˈek.a,auxiliary-form: 3rd (explicit) potential causative immediate (present)
aux_3X_pot_cau_imm_fut,ashokeko,aʃ.ok.ˈek.o,auxiliary-form: 3rd (explicit) potential causative immediate (future)
aux_3X_pot_cau_hab_pst,ashokeme,aʃ.ok.ˈem.e,auxiliary-form: 3rd (explicit) potential causative habitual (past)
aux_3X_pot_cau_hab_prs,ashokema,aʃ.ok.ˈem.a,auxiliary-form: 3rd (explicit) potential causative habitual (present)
aux_3X_pot_cau_hab_fut,ashokemo,aʃ.ok.ˈem.o,auxiliary-form: 3rd (explicit) potential causative habitual (future)
aux_3X_pot_cau_pro_pst,ashokese,aʃ.ok.ˈes.e,auxiliary-form: 3rd (explicit) potential causative progressive (past)
aux_3X_pot_cau_pro_prs,ashokesa,aʃ.ok.ˈes.a,auxiliary-form: 3rd (explicit) potential causative progressive (present)
aux_3X_pot_cau_pro_fut,ashokeso,aʃ.ok.ˈes.o,auxiliary-form: 3rd (explicit) potential causative progressive (future)
aux_3X_pot_cau_cnt_pst,ashokeshe,aʃ.ok.ˈeʃ.e,auxiliary-form: 3rd (explicit) potential causative continuous (past)
aux_3X_pot_cau_cnt_prs,ashokesha,aʃ.ok.ˈeʃ.a,auxiliary-form: 3rd (explicit) potential causative continuous (present)
aux_3X_pot_cau_cnt_fut,ashokesho,aʃ.ok.ˈeʃ.o,auxiliary-form: 3rd (explicit) potential causative continuous (future)
aux_3X_pot_cau_itr_pst,ashokene,aʃ.ok.ˈen.e,auxiliary-form: 3rd (explicit) potential causative iterative (past)
aux_3X_pot_cau_itr_prs,ashokena,aʃ.ok.ˈen.a,auxiliary-form: 3rd (explicit) potential causative iterative (present)
aux_3X_pot_cau_itr_fut,ashokeno,aʃ.ok.ˈen.o,auxiliary-form: 3rd (explicit) potential causative iterative (future)
aux_3X_pot_cau_inc_pst,ashokeye,aʃ.ok.ˈej.e,auxiliary-form: 3rd (explicit) potential causative inceptive (past)
aux_3X_pot_cau_inc_prs,ashokeya,aʃ.ok.ˈej.a,auxiliary-form: 3rd (explicit) potential causative inceptive (present)
aux_3X_pot_cau_inc_fut,ashokeyo,aʃ.ok.ˈej.o,auxiliary-form: 3rd (explicit) potential causative inceptive (future)
aux_3X_pot_cau_ces_pst,ashokepe,aʃ.ok.ˈep.e,auxiliary-form: 3rd (explicit) potential causative cessative (past)
aux_3X_pot_cau_ces_prs,ashokepa,aʃ.ok.ˈep.a,auxiliary-form: 3rd (explicit) potential causative cessative (present)
aux_3X_pot_cau_ces_fut,ashokepo,aʃ.ok.ˈep.o,auxiliary-form: 3rd (explicit) potential causative cessative (future)
aux_3X_pot_cau_rem_pst,ashokehe,aʃ.ok.ˈeh.e,auxiliary-form: 3rd (explicit) potential causative remote (past)
aux_3X_pot_cau_rem_prs,ashokeha,aʃ.ok.ˈeh.a,auxiliary-form: 3rd (explicit) potential causative remote (present)
aux_3X_pot_cau_rem_fut,ashokeho,aʃ.ok.ˈeh.o,auxiliary-form: 3rd (explicit) potential causative remote (future)
aux_3X_pot_rec_sim_pst,ashorafe,aʃ.or.ˈaf.e,auxiliary-form: 3rd (explicit) potential reciprocal simple (past)
aux_3X_pot_rec_sim_prs,ashorafa,aʃ.or.ˈaf.a,auxiliary-form: 3rd (explicit) potential reciprocal simple (present)
aux_3X_pot_rec_sim_fut,ashorafo,aʃ.or.ˈaf.o,auxiliary-form: 3rd (explicit) potential reciprocal simple (future)
aux_3X_pot_rec_ipf_pst,ashorathe,aʃ.or.ˈaθ.e,auxiliary-form: 3rd (explicit) potential reciprocal imperfective (past)
aux_3X_pot_rec_ipf_prs,ashoratha,aʃ.or.ˈaθ.a,auxiliary-form: 3rd (explicit) potential reciprocal imperfective (present)
aux_3X_pot_rec_ipf_fut,ashoratho,aʃ.or.ˈaθ.o,auxiliary-form: 3rd (explicit) potential reciprocal imperfective (future)
aux_3X_pot_rec_prf_pst,ashoralhe,aʃ.or.ˈaɬ.e,auxiliary-form: 3rd (explicit) potential reciprocal perfect (past)
aux_3X_pot_rec_prf_prs,ashoralha,aʃ.or.ˈaɬ.a,auxiliary-form: 3rd (explicit) potential reciprocal perfect (present)
aux_3X_pot_rec_prf_fut,ashoralho,aʃ.or.ˈaɬ.o,auxiliary-form: 3rd (explicit) potential reciprocal perfect (future)
aux_3X_pot_rec_nea_pst,ashoratle,aʃ.or.ˈaƛ.e,auxiliary-form: 3rd (explicit) potential reciprocal near (past)
aux_3X_pot_rec_nea_prs,ashoratla,aʃ.or.ˈaƛ.a,auxiliary-form: 3rd (explicit) potential reciprocal near (present)
aux_3X_pot_rec_nea_fut,ashoratlo,aʃ.or.ˈaƛ.o,auxiliary-form: 3rd (explicit) potential reciprocal near (future)
aux_3X_pot_rec_imm_pst,ashorake,aʃ.or.ˈak.e,auxiliary-form: 3rd (explicit) potential reciprocal immediate (past)
aux_3X_pot_rec_imm_prs,ashoraka,aʃ.or.ˈak.a,auxiliary-form: 3rd (explicit) potential reciprocal immediate (present)
aux_3X_pot_rec_imm_fut,ashorako,aʃ.or.ˈak.o,auxiliary-form: 3rd (explicit) potential reciprocal immediate (future)
aux_3X_pot_rec_hab_pst,ashorame,aʃ.or.ˈam.e,auxiliary-form: 3rd (explicit) potential reciprocal habitual (past)
aux_3X_pot_rec_hab_prs,ashorama,aʃ.or.ˈam.a,auxiliary-form: 3rd (explicit) potential reciprocal habitual (present)
aux_3X_pot_rec_hab_fut,ashoramo,aʃ.or.ˈam.o,auxiliary-form: 3rd (explicit) potential reciprocal habitual (future)
aux_3X_pot_rec_pro_pst,ashorase,aʃ.or.ˈas.e,auxiliary-form: 3rd (explicit) potential reciprocal progressive (past)
aux_3X_pot_rec_pro_prs,ashorasa,aʃ.or.ˈas.a,auxiliary-form: 3rd (explicit) potential reciprocal progressive (present)
aux_3X_pot_rec_pro_fut,ashoraso,aʃ.or.ˈas.o,auxiliary-form: 3rd (explicit) potential reciprocal progressive (future)
aux_3X_pot_rec_cnt_pst,ashorashe,aʃ.or.ˈaʃ.e,auxiliary-form: 3rd (explicit) potential reciprocal continuous (past)
aux_3X_pot_rec_cnt_prs,ashorasha,aʃ.or.ˈaʃ.a,auxiliary-form: 3rd (explicit) potential reciprocal continuous (present)
aux_3X_pot_rec_cnt_fut,ashorasho,aʃ.or.ˈaʃ.o,auxiliary-form: 3rd (explicit) potential reciprocal continuous (future)
aux_3X_pot_rec_itr_pst,ashorane,aʃ.or.ˈan.e,auxiliary-form: 3rd (explicit) potential reciprocal iterative (past)
aux_3X_pot_rec_itr_prs,ashorana,aʃ.or.ˈan.a,auxiliary-form: 3rd (explicit) potential reciprocal iterative (present)
aux_3X_pot_rec_itr_fut,ashorano,aʃ.or.ˈan.o,auxiliary-form: 3rd (explicit) potential reciprocal iterative (future)
aux_3X_pot_rec_inc_pst,ashoraye,aʃ.or.ˈaj.e,auxiliary-form: 3rd (explicit) potential reciprocal inceptive (past)
aux_3X_pot_rec_inc_prs,ashoraya,aʃ.or.ˈaj.a,auxiliary-form: 3rd (explicit) potential reciprocal inceptive (present)
aux_3X_pot_rec_inc_fut,ashorayo,aʃ.or.ˈaj.o,auxiliary-form: 3rd (explicit) potential reciprocal inceptive (future)
aux_3X_pot_rec_ces_pst,ashorape,aʃ.or.ˈap.e,auxiliary-form: 3rd (explicit) potential reciprocal cessative (past)
aux_3X_pot_rec_ces_prs,ashorapa,aʃ.or.ˈap.a,auxiliary-form: 3rd (explicit) potential reciprocal cessative (present)
aux_3X_pot_rec_ces_fut,ashorapo,aʃ.or.ˈap.o,auxiliary-form: 3rd (explicit) potential reciprocal cessative (future)
aux_3X_pot_rec_rem_pst,ashorahe,aʃ.or.ˈah.e,auxiliary-form: 3rd (explicit) potential reciprocal remote (past)
aux_3X_pot_rec_rem_prs,ashoraha,aʃ.or.ˈah.a,auxiliary-form: 3rd (explicit) potential reciprocal remote (present)
aux_3X_pot_rec_rem_fut,ashoraho,aʃ.or.ˈah.o,auxiliary-form: 3rd (explicit) potential reciprocal remote (future)
